Time,V1,V2,V3,V4,V5,V6,V7,V8,V9,V10,V11,V12,V13,V14,V15,V16,V17,V18,V19,V20,V21,V22,V23,V24,V25,V26,V27,V28,Amount,Class
114796.0,-1.40169386924879,-0.214952893965034,0.780398362712005,-3.35210436642168,1.07215612778983,4.28018734990741,-1.44616259408478,1.73284347626742,-0.576330873418046,-0.402549107482173,-0.438161206797211,-0.748243111510359,0.115268861354214,-0.586413802511944,0.442288141755655,1.87434647851409,-0.248957811934349,-0.679591555551101,-0.50965178588072,0.128692460306101,0.414603738568666,1.02459612031226,-0.190192186904906,0.727748451385669,0.60731260121465,-0.0170529202147304,0.104251291753904,0.0276968852264061,39.9,0
64016.0,-0.285588126622812,0.855076677567436,-0.30156624246019,-1.11458480266549,2.54752993644339,3.26669231639107,0.114298019520477,0.935123007033006,-0.503553199798362,-0.4451961309877,-0.0103917057108649,-0.332117714856145,-0.0791446557359028,-0.258276482638625,1.09789580112369,0.71541337240408,-0.482436296438092,0.324143945256017,0.282669817780804,0.225615076135803,-0.319329116481778,-1.00623320927507,-0.0517416004349387,0.935652283526497,-0.0068289983509148,0.0880829897918123,0.247432268664734,0.0910702826647043,1.78,0
117255.0,-2.90636138663701,-0.616349744947847,3.18124528743694,5.02158093156762,-0.0877664265229717,2.2437373111137,-1.28647132973336,-0.482933289454644,0.479611695203074,2.20400016536865,-0.704823107695123,-0.742148504406858,-1.68017722342902,-1.28188869386331,-1.27917481327519,0.0008156760268096,0.268272888550274,1.15272750911315,2.25799358493708,-1.38822532144596,0.440993612448148,0.668546191690227,0.710846396954042,-0.320250540461996,0.331609321046463,0.660805363953743,-0.29998217898501,-0.102945126163722,4.92,0
37167.0,-7.92389070083426,-5.19836019923329,-3.00002392240282,4.42066620155728,2.27219396451756,-3.39448342909715,-5.28343533467969,0.131618922476372,0.658176428693037,-0.794993881662565,3.26606601582438,-2.71918495125522,-0.124103963275087,-5.274865818881,0.638575002552638,-2.99583037811248,-4.69843344927136,-1.71187122467509,3.02526099185501,-2.16981089222224,-0.734307916555449,-0.59992625988411,-4.90830117586834,0.410170234644792,-1.16766024989313,0.520507647303451,1.93742140287106,-1.55259283870249,12.31,1
142349.0,-0.567874707173035,-0.614347625117369,-0.433945171798409,-2.51912552225178,1.14511189894363,-0.557739777454748,0.411446283619255,-0.0632568890604182,-1.29147090969282,0.340016812445922,-0.415849298399374,-0.496993497911213,0.596339825848204,-0.0674210261851138,-1.09194608730498,1.67269680128328,-0.969587238423824,-0.219595025906436,0.443233518988097,0.489230093653863,0.591437923519733,1.44275693595398,-0.127872710724897,-1.33627264082347,-0.113816368562175,-0.0708199361849772,0.358065789449927,0.25552714350293,89.8,0
93965.0,-11.3977267217611,7.76395304621262,-18.572307456296,6.71185525207739,-10.1742155991554,-4.39591833120843,-15.8937882429266,2.08301258152135,-4.9888371802491,-15.3460988468775,7.09318207259894,-14.9797547574476,-0.148288045224015,-9.93567958156078,-1.16199939019334,-11.6468338293624,-18.3838524599849,-7.40273080415809,1.94169681013401,0.208879130047717,0.339007373241803,1.34292261443867,0.239217367154604,0.534644166424257,-0.174964905765612,-0.500240426616998,-1.72206026726614,-0.574339363297002,11.4,1
77457.0,0.662800313988734,-0.245096737189201,-0.205197674651941,2.60650232303506,0.0724408972476036,-0.282300783955912,0.835936664897565,-0.300320024006186,-1.02364423064811,0.551436383102042,-0.899194458639326,0.106218218288834,0.837078079841362,0.315002723999137,0.295505227337374,0.625772958812673,-0.752375417338858,-0.291737866991782,-0.815065160413786,0.521918748165074,0.108919832197372,-0.367120775317387,-0.394615336640509,-0.117422608857787,0.592330285212006,0.0048146908082941,-0.0813174174527337,0.0648488582889782,308.07,0
71515.0,1.52278051884682,-1.00150365879767,0.123841751680023,-1.63039339255025,-1.05324425377424,-0.219703115906362,-0.985897000663266,-0.0825530375697858,-2.12770597798139,1.59287028738712,0.570826029716979,-0.186168903318461,1.0766988180792,-0.26182806715747,-0.129458097077687,0.0121514669798084,-0.0713886238373531,0.660398203436781,0.350682178433287,-0.244925115614684,-0.20714101120607,-0.223357029897693,-0.0919115857679191,-0.505599771877828,0.482618878606035,-0.174766158590724,0.027282766877547,0.0046200306484245,20.0,0
148243.0,-0.589341696959065,0.86927066046107,0.0761297261905566,-0.985179176437971,0.827864464979425,0.233363888612606,1.14534099462413,-0.365850655417605,0.909644379740413,0.929061920631361,0.17196974978318,0.161768309103768,-0.681361707982038,-0.532678606878759,-1.48284272746267,-0.268382526460334,-0.836312127522762,0.19338798309732,0.354334057450999,0.310148392608091,-0.0487440137032513,0.540626431607274,-0.297075308744974,0.330656506541696,0.0189008669359044,0.496875804680909,-0.124084755116905,-0.212993078215566,35.97,0
29526.0,1.10280432542075,2.82916799881581,-3.93287026485548,4.70769143992869,2.93796685530025,-1.80090371765217,1.672734122106,-0.300240348680253,-2.78301108805298,-1.88484243991678,3.79256535985687,-1.46047112296734,-1.31277627644381,-7.07736060637589,-0.299466316598551,2.4932276042067,6.24498710234308,2.97174936407353,-2.67995024218857,-0.0308799718381793,-0.106994395673876,-0.250050303584088,-0.52162653336055,-0.448949514169716,1.29164648168516,0.516326673768638,0.0091462814112417,0.15331763551135,0.68,1
169142.0,-1.92788332105459,1.12565266367046,-4.51833064132991,1.74929253346589,-1.56648729197754,-2.01049423115212,-0.882849830858081,0.697211109261327,-2.0649452874475,-5.58779378195338,2.1157951772133,-5.4174240819973,-1.23512263142388,-6.66517689463338,0.401700686738171,-2.89782511671737,-4.57052943365069,-1.31514721385427,0.391167040935071,1.25296673470361,0.778583978950071,-0.319188818860513,0.639418961153121,-0.294885040380029,0.537502535542985,0.788395056528708,0.292679966295281,0.147967928722538,390.0,1
9914.0,-1.62419123345717,1.3850221214632,1.02719044107832,0.454469569661323,-0.138467640474175,-0.242049619079768,-0.0427555398464474,0.403260228798445,0.809934760888511,0.0988064537223834,2.48300850461885,-1.75522429099235,1.49455545100385,2.02147116624482,-0.0272027377987001,-0.280254033177989,0.83559183657622,0.281602295371665,0.209590019494924,-0.114489767250506,0.0406176984790431,0.534194278859365,0.148002070323156,0.201192358075276,-0.225175768292803,0.421528803318667,-0.0137815684944204,0.130956241387697,2.42,0
147089.0,2.12780593526135,0.0073852923630698,-1.51651521271522,0.115555600709078,0.587189219788685,-0.336869693188704,0.188626954523118,-0.256267982911986,0.405091275625268,0.0332556510722815,-1.23184723485475,0.764831216497554,1.37350654319356,-0.0148772972355589,0.012100090131171,0.0866025677748778,-0.651060302859184,-0.730975065556688,0.433008041948094,-0.0969203757785896,-0.331552057418541,-0.798912525154447,0.270256462533895,0.0622981215515591,-0.140083446508326,0.204408469984843,-0.068981111100632,-0.0581459007926377,0.99,0
41851.0,-19.1397328634111,9.28684735978866,-20.134992104854,7.81867331002574,-15.6522076772063,-1.66834770694329,-21.3404780994803,0.6418997011947,-8.55011032700099,-16.6496281595399,4.81815244707108,-9.44531478308794,1.31705629332341,-7.24346097400378,0.830910291033798,-9.53325705039319,-18.7506411474674,-8.09264877340557,3.32675827497024,0.42720343146936,-2.18269194560955,0.520543072366642,-0.760556415188733,0.662766638397236,-0.948454306235033,0.121795925829793,-3.3818429293561,-1.25652362136258,139.9,1
140861.0,-1.32240081925594,-0.78138264857908,0.741200400776917,-2.33115494140301,-0.341240515474259,0.208797951909159,-0.34076829843341,0.665468276602922,-1.19549075902945,-0.434643325792531,0.0118355231012551,-0.418968498276164,0.0671498329595635,-0.0513169812238072,-0.729019047369133,2.09154881657911,-0.574590907124434,-0.0196631494035603,0.118845412875467,0.414160390299998,0.635176240083514,1.10276441541955,-0.0025389187751807,0.208174527268523,0.168986328222473,-0.168631582800091,-0.0653661443950569,-0.0277830040733097,149.0,0
132217.0,0.0090881905774276,-0.64157539134024,0.852638140900186,-2.40766673635667,-0.0915691849644852,1.54204193501391,-1.02498602874826,-0.236628857660714,-0.590910054616747,-0.0577050202088978,0.747574308598361,-0.412935565793344,-0.748239692571954,-0.0309139712277982,0.21390492369426,1.2306911837272,0.136587889006647,-1.53964957700709,-1.14337973484855,-0.185043215266336,1.22338053755752,0.912640685170516,-0.391983443426891,-1.61962702273511,0.886670651163677,0.0879348689782763,0.165847586394346,0.177519268362053,55.0,0
7543.0,0.329594333318222,3.71288929524103,-5.77593510831666,6.07826550560828,1.66735901311948,-2.42016841351562,-0.812891249491333,0.133080117970748,-2.21431131204961,-5.13445447110633,4.56072010550223,-8.87374836164535,-0.797483599628474,-9.17716637009146,-0.25702477514424,-0.871688490451564,1.31301362907797,0.773913872552923,-2.37059945059811,0.269772775978284,0.156617169389793,-0.652450440932299,-0.551572219392364,-0.716521635357197,1.41571661508922,0.555264739787582,0.530507388890912,0.404474054528712,1.0,1
69999.0,1.15851863887742,0.0156274168216303,0.73234375092099,0.983342632161673,-0.855540795260719,-1.0155184825754,-0.0042212127579325,-0.159121565933951,0.467238375919561,-0.194899299332557,-0.233782810010654,0.503812408941416,-0.403479147921003,0.0216818878902287,-0.216980498046969,-0.422385664515453,0.241821535019144,-0.849610421958999,0.0139267595327648,-0.116959265221168,-0.189024918171914,-0.41998557758063,0.065918698376609,0.955890114829793,0.366984910678581,0.234721830877658,-0.0269789284462121,0.0210073539073769,25.41,0
153761.0,1.14625926661879,1.40345824321907,-4.15914819129688,2.66010705652321,-0.323216826628972,-1.83607089433649,-1.62374005926978,0.259562498148672,-1.13204414952948,-3.35647371355361,3.64647783754223,-3.00268415590657,-0.647500580265193,-5.94500331282299,0.17465003740523,-1.47563951431173,-3.08227352537105,0.224739755103275,-0.300930778531616,0.284830655578029,0.564449516452437,0.445743911757892,-0.141136197426929,-0.265517116377678,0.362259920457956,-0.416062097561802,0.507369852566067,0.243744113775662,51.37,1
58917.0,1.27287265106478,-0.860664123465542,1.21327553160003,-0.861778098552864,-1.32745669708419,0.47399848859987,-1.4623985540182,0.311624419750024,-0.500594605612928,0.687578612268802,1.38123685153511,0.343080633155299,0.918526520485307,-0.530619934833783,0.829818780281833,1.67769033330007,-0.173685689125014,-0.550760550882231,0.150033148627973,0.143757311785779,0.504713741979887,1.42838397579677,-0.119149701395119,-0.236057302916871,0.271595844202894,-0.0131279277509255,0.0721127804169775,0.019079837095915,20.0,0
152930.0,1.67696845516685,-0.935711526252729,-1.81873474637848,0.863623305722517,-0.122216617469749,-0.777550796477371,0.551877389714099,-0.474565426555404,-1.05563603954446,0.92344344620157,-0.740535721535902,0.606424779877431,0.958432503541188,0.254894522971146,-0.725241075398005,-2.33277979450127,0.18780433946392,0.53727353523998,-1.18692423066504,-0.15591505466535,-0.143208344354426,-0.237817510489671,-0.0559470396714155,1.08506317484905,0.265299820908718,-0.571894983900493,-0.0310028611382343,-0.0041696999845507,241.2,0
79378.0,1.20277465331707,-0.486874761851346,0.856737857566558,-0.762853629104801,-1.13414079469652,-0.384523857651646,-0.734588791645503,0.175876000844607,2.0056200011087,-1.08749800229239,-0.428705224075916,0.166211171075131,-1.30221609475798,0.12661715507495,1.66026705364296,-0.676777694980274,0.204502380649799,-0.108971141166779,0.205945599156161,-0.237043567101671,0.0010197168778277,0.227058536954095,0.0087663536597626,0.064087821858225,0.385345861742386,-0.652726499231461,0.102016866021532,0.0292191856139938,1.0,0
131280.0,-0.739455311970642,0.12243027546979,0.281306886432058,-0.0642446509073525,0.646848243991577,0.678945848946698,-0.238578560766508,-0.0285791909869111,0.989749623785392,0.199376261713212,0.314627835507717,-0.453065660604178,-0.781268297603242,-1.59553074328365,0.624295896590508,0.922107822974507,-0.0262291035822984,1.5806342056623,1.01262804033303,-0.289792043584497,0.0396550455233402,0.410559392021683,-0.0419028165405961,-0.190517064685124,-1.82850203898148,0.238237738132532,-0.482344340871157,0.235177022361254,53.2,0
64585.0,1.08043336974687,0.962830680816555,-0.27806547765439,2.74331806279958,0.412364075681078,-0.320778352962878,0.0412895489552235,0.176170299597767,-0.966951551053629,-0.194120466505581,2.14005681553663,-0.276308752749667,-1.19130573752489,-1.88027540328199,0.398271956336376,1.36743302249318,1.52266169956075,1.02631748255981,-1.57707047840184,-0.172658644566365,-0.008996174092574,-0.0570361435998535,-0.0536915092211487,-0.0263732767799466,0.40029973123052,0.0728277709127376,0.0270429343018625,0.0632375727147923,0.0,1
101051.0,-1.46531575579616,-1.09337687781209,-0.0597678482279439,1.06478463530602,11.0950886001596,-5.43097128323669,-9.37802517086658,-0.446456139679101,1.99210961400888,1.78592177154007,1.36858453419511,-1.47169658834377,-0.72475884619705,3.44242199594215,-0.957403224855046,-1.62612941891216,1.41821495932655,-1.41791682839858,-1.65176618071699,-1.4576102135585,1.16062328833533,-1.2596968082996,-15.9816491909559,-0.883669935248733,-3.53671623161143,-0.59296488849027,0.675524833181225,0.424849351792902,0.92,1
56197.0,0.945842228302186,-0.400032529192729,-0.554716991233426,1.77809007728577,1.83254660804149,4.43927657915389,-0.716449831124266,1.06858563871961,0.0116575780099575,0.428786689559755,-0.997940691199117,0.115067555644678,-0.224861452581315,-0.29921793350687,-1.1928961182181,0.317419001188464,-0.486874482944027,-0.097166943746365,-0.142326366049582,0.189343312224356,-0.111339145561019,-0.472340308001457,-0.201954759460673,1.02545582182093,0.688153726684695,0.0638916215060362,0.006502459440597,0.0389226728076696,127.78,0
1132.0,-1.23097326555157,1.09094972634304,-0.893140966375383,-2.44125315629871,2.0579408733891,2.99587628269044,-0.254016560940507,1.13017282045054,-6.36993873018576e-05,-0.247953203005133,-0.350955200176392,-0.0611681061185768,-0.0442371899369877,0.317898596340911,0.576485338617283,0.876504607305919,-0.997288224699268,0.0035293588958859,-0.329760538198826,-0.0530547395579869,0.0071956242609758,-0.473635287178956,0.0023782543823001,1.03539899481807,-0.0833198034067187,0.719402301400435,-0.634368343492774,0.0295182506687621,0.38,0
933.0,-0.462484992118701,1.12525616488882,2.14630160864305,1.76550104652218,0.122789763597803,-0.0025775244723322,0.423988130197122,0.22527801899509,-1.36366200854023,0.39348010942539,0.94578349019991,0.054883644259136,-0.580447296692199,0.372504892090948,-0.168525363886608,1.03127503414535,-0.916409192076795,0.403256555399916,-0.542413331054836,-0.0988185060640147,-0.0830446600086012,-0.427153604205175,-0.0105261575649742,0.251530161856987,-0.334975378029343,-0.315224736925479,0.050245147341048,0.0633596233425634,2.27,0
52814.0,-1.10184700698197,-1.63244121283891,0.901066556872515,0.847752885502341,-1.24909072939532,0.654936785498635,1.44886782586722,0.0233079125519542,-0.136742416820243,-0.150129182778684,1.17235508293037,-0.795988136674965,-2.13695096583302,0.578869439330842,1.4121147225086,0.0134668068434063,-0.119204381070058,0.826814373772222,0.476859902488945,1.23027784051309,0.610653920616913,0.835795006603528,1.17995542066426,-0.0290908864225033,-0.300895693792436,0.699174952578756,-0.33607170899039,-0.177586827857027,519.9,1
75028.0,1.08827475075507,-0.244207425496732,1.10326120967599,0.623737887312481,-0.609467544428519,0.71041584742948,-0.721323910288915,0.317254622976133,0.531644752756483,-0.1527554461464,1.0699524279493,1.65587463135378,1.03274279549622,-0.403655940708472,-0.335891124218246,0.116329299570085,-0.324698205060797,-0.205542167246636,0.0024064787927229,-0.0116418346272637,-0.0124533807224186,0.172180249681945,-0.0184479217705438,-0.230566277253344,0.224423168409581,0.343830905045149,0.032833145575488,0.0154297604082567,24.99,0
155548.0,1.87823003111341,1.32562957435462,-2.33346899289515,4.23315121365749,1.35518399558821,-0.853508247169998,0.716025067921391,-0.164909788991874,-1.50234450491057,0.259411077154011,1.45123754814542,-0.280523276849375,-0.756794072389194,-2.75755676655084,-1.70628501758252,1.58746039125258,1.92934969114042,1.18943290293776,-1.53016232603362,-0.226108020608619,-0.152130790009807,-0.360735866229707,0.0434144058266633,-0.242379535720923,0.171097766325585,-0.0026009879775509,-0.0266665673926497,0.0052376673818857,7.06,1
96291.0,-3.55217282034342,5.42646054559111,-3.73181031980956,6.67906180701896,-2.18754337884152,2.43394023761172,-8.74811035885579,-12.1082840970182,-2.8563585144669,-5.66586179854092,2.54083553206878,-6.14705358343033,1.79689064160126,-4.32898899462283,-0.150037374792615,-1.83900466547168,-3.35463814070962,-0.282307261175205,0.148592393859995,3.79266672675409,-5.68899027177143,2.51097955615894,0.953932861684676,-0.542506228224687,-0.620152015985956,0.406012866709306,0.0230251633862463,0.164740605977244,33.59,1
147667.0,-0.861663569216523,0.246767187419261,1.30073722431261,-0.593803467016016,0.278909324733615,-0.0450756310267268,0.273187541677191,-0.0248759677686922,0.388345259248427,-0.582514088225051,-1.1014503130747,0.362306713454474,0.998938768698084,-0.63390862011477,-0.0567958348650621,0.25168127778846,-0.667086913449466,0.150813647560856,-0.272812060984035,-0.167804056475876,0.290632718377074,1.0736474171115,0.0098847814038168,0.827868138867913,-0.308345366058534,0.539866057343921,-0.0769135029603285,0.178501760467229,29.9,0
85285.0,-7.03030814445441,3.42199090467553,-9.52507177254752,5.27089100906596,-4.02463027558805,-2.86568161775739,-6.98919473439446,3.79155093755913,-4.62273033596451,-8.40966487562735,6.30904400603177,-8.57676143258937,0.246746716929862,-11.5340460181508,-0.3642651387587,-5.45249465771382,-11.8875700201872,-3.56358481007011,0.876018768156628,0.545698040621445,1.10339774484256,-0.541854751589521,0.0369432219896495,-0.355519004066217,0.353634382097,1.04245799282131,1.35951563156376,-0.272188101257294,0.0,1
128519.0,-4.59944700208203,2.76253994253031,-4.6565298706326,5.20140306725894,-2.47038771213247,-0.357617930345621,-3.7671888274624,0.0614664440276634,-1.83619986278079,-1.4706452575308,2.14393063330902,-5.83973605661705,0.153011630876735,-6.17736456586248,-0.78541565373917,-4.51052273721062,-10.3405128633486,-4.18117755349571,-0.376135682527478,-1.00065772232141,1.58148035659457,0.261332719512975,0.621415022135499,0.994109926998982,-0.687853106052664,-0.337531252843331,-1.61279104641522,1.23142473470435,93.35,1
75719.0,-1.91514632157651,0.756536133941453,1.646192385946,3.1130497457008,0.318621181918836,-0.933990738871149,0.217145691016295,0.38921958565158,-1.71357251511112,0.709930310026627,-0.276415129181224,-0.367413024969293,-0.28796714676097,0.749986295544149,1.29248309276928,-0.0027674660738234,0.357733384832647,-0.447694076318533,1.05942249800006,-0.0343457519103046,-0.478222035896644,-1.23985693016348,1.0802353136505,0.601012835998802,0.0939087256303615,-0.174424143511083,0.196994764742836,-0.0233589592844679,7.94,0
47826.0,-0.887286905534409,1.39000150924187,1.21968581996397,1.66142517591961,1.00922783931161,-0.733908444749524,0.855828927220991,7.68462281197611e-05,-1.27563149417191,-0.433393925731893,0.141178993422237,-0.46034845602669,-0.367867931021877,-1.16833941780754,0.152107630618373,0.882231823726865,0.601804858067329,-0.304092391463557,-2.19176427800358,-0.268347371086252,-0.0837343767453397,-0.346930257215667,-0.0506187067885922,0.23104442462061,-0.450759875468406,-0.376205380931623,0.0345043694610426,0.157775320404088,7.58,1
141863.0,-0.300852538099658,0.587179725274709,0.409634032237478,-0.775154507668043,0.810755192001022,-0.401977679274157,1.64364958568515,-0.389481417771354,-0.132859993305407,-0.69978138673209,-1.03683387356478,-0.623455618935716,-0.985886929793776,0.330960214223274,0.242872305171732,-0.749441174810344,-0.141326027765784,-0.383306093687733,0.698690310156497,0.149338000845821,-0.102890090268171,-0.233661848579469,-0.0925363282804608,0.589747225297147,0.12706293314994,-0.038243834195728,-0.124775118414605,-0.0981855863044646,85.05,0
79349.0,1.18257996914835,-0.587833840934446,0.727984935829426,-0.950439634916105,-0.967120133491255,0.114760628295326,-0.883427576002035,0.376567434164166,1.85515080949293,-0.901339711196393,0.878488335352651,0.441912409134178,-1.90196879609909,0.417458154437855,1.04665885649493,-0.357691239663134,-0.132950363659249,0.563838553043448,0.623148225352701,-0.252005152360168,0.0245374284266377,0.232132358221733,-0.037412341363278,-0.33388979478865,0.379702446690293,-0.647897538929671,0.0940247945346913,0.0144801678125738,1.0,0
85181.0,-3.00345942213401,2.09615030972986,-0.487030347865578,3.06945315960973,-1.77432868427117,0.251804209642436,-4.32877649482139,-2.42547814428288,-0.985222033510513,-3.99521073403213,1.8806015528528,-2.32517912777326,0.636458662971611,-5.41749934539643,-0.262909464785021,-3.81808566437699,-3.70070702592749,-1.99141207812339,0.779950535234061,0.692537380835205,0.163966694003732,1.24564832133152,-0.269241340185825,0.537102119409512,-0.220756683145222,-0.0595547732936557,0.460709677482052,-0.0335506071081744,2.0,1
67571.0,-0.758468652663917,-0.0454102784513458,-0.168438290153528,-1.31327481447103,-1.9017625315847,0.739433414882114,3.07189204639003,-0.483422244220096,0.61820276215476,-1.7690597207318,-0.651414013964987,-0.0054232908009888,-0.517194341398293,0.217469760178719,0.883558824493356,-1.17397764863161,0.24334710955825,-0.342300728238465,0.68705620239513,-0.0324998988871344,0.0426194565214976,0.397223782011498,0.0722288654476503,-0.242275996603303,0.560916469624214,-0.540954584325348,0.150606446374032,-0.117140114799884,549.06,1
20096.0,-0.783775353421654,0.306266129846816,2.26985247164494,0.468244578442542,0.106289486378352,0.0053153757249651,0.46811521163205,-0.116971648451825,0.761447031143855,-0.468516883299827,1.88554096276719,-2.59630355098586,1.01833748718932,1.62084271733831,0.0970958285119563,0.255380044224797,0.126567233784371,1.11777544306561,0.780966281360952,0.359136329882637,-0.0397143104714801,0.0090774156771921,-0.104403693116048,-0.0573999735198023,0.150564053110606,0.416160826550428,-0.196580446081473,-0.158278624521521,89.77,0
64785.0,-8.7444146436792,-3.4204679837707,-4.85057473189452,6.60684578567387,-2.80054617200457,0.105511583647205,-3.26980129883546,0.940377922978903,-2.55869060182863,-3.62477471396623,5.26786160380362,-5.58369692598496,0.173895592410693,-6.67997675520914,2.08419914311417,-4.3488914455328,-8.76078602293495,-3.40754854415232,1.33293006548133,-1.81831542477292,0.102912553839685,0.311626102287519,-4.12919549979785,0.0346387321763146,-1.13363123097119,0.272265246225774,1.84130726881613,-1.79636258672205,720.38,1
84789.0,-1.43086372778891,-0.802528699267131,1.12332029999445,0.389760264731692,-0.281213534404278,-0.055123492429819,1.32623248909333,0.195699815379613,-0.546889550453909,-0.71347376073502,1.27462907751277,0.0236821347785728,-1.52169610821701,0.727242085814848,0.166504662441577,0.348037591565135,-0.5663900830288,0.216016101767291,-1.14037564250718,0.634184289933654,0.325575470468413,0.0140018451191784,0.844946015847872,0.114962884542335,0.156364810543393,-0.619437446641754,-0.120351072821334,0.0355941733717493,354.33,1
73003.0,1.27573944578898,0.363386624297463,-0.152200416605497,1.12612437185784,-0.134748819608847,-1.24001860239918,0.422188373613804,-0.247005834439192,0.0109028818966965,0.101748351289202,-0.687431846708814,-0.801272972590552,-1.91730857889991,0.944714810648803,0.891868865765616,-0.127480789482642,-0.202996177360418,-0.13583153419855,-0.240299018615633,-0.278022182697618,-0.0190736718573023,-0.0899194653015628,-0.12212640739954,0.354122297633775,0.787884913425148,-0.290038635086528,-0.0204178002734116,0.0068359885442205,1.49,0
53950.0,1.17893452423774,-0.354025680971104,0.916944224841705,-0.0105219516899608,-1.20536653184165,-0.807468794437461,-0.553116897961692,-0.0092545340353271,0.788684818068045,-0.224965144038501,-0.431726685395721,-0.306408740320077,-0.755874225869341,0.141686161844311,1.60188565293535,0.702731340775736,-0.43015751453055,0.0014410210639249,-0.137701455222324,-0.0331543991944949,-0.0150468119902579,-0.157773193547682,0.0648843870679561,0.425673342826105,-0.0141491215526548,0.958726475087274,-0.0630972942232664,0.0216997473645066,43.25,0
51364.0,-0.366201352305941,0.367499185384398,0.487205118806814,-1.19149243880129,0.050068399858803,0.690381981095646,0.972169361248064,-0.0113635463581086,-1.96316482512187,0.448769913221513,0.269713495266785,-0.0731356288107788,0.202179476757043,0.367338342337402,0.0721986131087473,-1.2962209155631,-0.386160693817195,1.09054104304471,-0.126846062422665,-0.439433732854734,-0.656279475823624,-1.5236693342049,0.0356237562624563,-1.21288755036622,-0.236867498209756,0.17311937475064,-0.0626950118542786,-0.0036682780723522,126.9,0
136449.0,-1.57060571686333,-0.835248661961331,0.579572580064894,-0.997778961240728,2.21699075345168,-2.26917737016588,0.30723135606559,-0.14670904961989,-0.0055183500138487,-1.02233808404731,-1.03053373653432,0.0613790647267635,-0.139855888734714,0.385125155062938,-0.240240344241205,0.146056731390296,-0.961438736156704,-0.0251468232268465,-1.59895698319971,0.147899764129435,0.496653526425478,0.942799552086753,-0.0424871892050344,0.0025386612831407,0.266415368714616,-0.33875522786621,0.0440789497537844,0.181040892344839,25.41,0
155965.0,-1.20139778318497,4.86453518123444,-8.32882331553453,7.65239936205533,-0.167445105903909,-2.76769464972835,-3.17642095110716,1.62327867967437,-4.36722762476754,-5.5334430286147,4.1064045585523,-6.33182479621436,0.671784814909419,-12.1565865835299,1.02025178475153,-2.11086343309451,-1.55854452752772,0.195991826282669,0.502453451135321,0.597025549850308,0.532320016259289,-0.556913021850898,0.192444399731584,-0.698588444235578,0.0250027161193826,0.514967603188505,0.378105295962737,-0.0531327938498238,0.77,1
58222.0,-1.32278906321956,1.55276821126964,-2.27692070362638,2.99211739124618,-1.94706392017319,-0.480288250384527,-1.36238752318047,0.953242226598613,-2.32962885992389,-3.39355348115172,3.1284396921776,-3.57039373078107,-0.595198191474463,-3.98841505479623,0.995905842419722,-2.84378455855144,-4.82624611607161,-0.703883464864473,2.15221455770756,0.988493486888991,0.614968996752659,-0.195199717277462,0.590711261700839,-0.233377663885038,-0.164285286785183,-0.27749787053455,0.428610084734921,0.246393746180351,270.0,1
65358.0,1.1939160689293,-0.571085006532232,0.742522413618004,-0.0145876823031251,-0.624560898094263,0.832161659907577,-0.833350424512102,0.272896998506182,1.16942539891152,-0.371671945168217,-0.245676823310174,1.37594135044076,0.870456831276252,-0.819319364809584,-1.55090356200859,0.125852995600752,-0.397245548944671,0.272377065433488,1.22602219788409,0.062908129152134,-0.0495024276847497,0.207265101065706,-0.265271877292053,-0.67929377017329,0.511811527633814,1.24660443744052,-0.0286711040907993,-0.0061120075977227,31.91,1
116067.0,0.949240654782111,1.33351901279168,-4.85540201400676,1.83500588341825,-1.05324529225553,-2.56282606985029,-2.2869856262026,0.260906489976679,-0.895365545923127,-4.54261203828437,2.45371037821171,-4.92519869522976,-1.20041197086128,-6.42437211273331,1.01489749133407,-3.12942132163446,-5.14703878335167,-1.81543652928925,0.520496923051347,0.424608328846183,0.306598169644708,-0.854626651528392,0.101176995923819,-0.281497410249515,0.0244439388949186,-0.107944111820021,0.625288550407281,0.315677390712111,65.0,1
102572.0,-28.7092292541793,22.0577289904909,-27.8558111336212,11.8450129100508,-18.9838125824286,6.47411462748849,-43.5572415712451,-41.0442609210741,-13.3201546920984,-24.5882624372475,3.48195180343701,-9.12834128617468,-3.00825547830858,0.796579962453559,-2.1022985205307,-5.66036644069929,-13.0327849564566,-5.39234917412895,-0.901040817847599,11.0590042933942,-22.7976039055519,8.31627543891357,5.46622995370963,0.0238542303884927,-1.52714472319428,-0.145225187134896,-5.68233823990698,-0.439133675051458,0.01,1
129699.0,-0.795495571759349,1.38127294221586,-1.18172279377913,-0.457022506821878,0.405645507631513,-0.768197364080008,0.363647230495398,0.573161411320448,-0.40086434195165,-0.657892734303214,-1.36796498811349,0.582029870183689,1.06389533952407,0.820348084327704,0.370691569291113,-0.121767345952563,-0.331537340540783,0.266274256878647,0.159808821603199,-0.164259716331121,0.450305770133575,1.27579244515773,0.0430602925092901,0.534227430132612,-0.648186179512522,-0.245766410138788,0.1573990656065,0.137016083951513,7.67,0
132086.0,-0.361427838541789,1.13347191665669,-2.97136044013455,-0.283072525739314,0.371451592836109,-0.574679962140979,4.03151344147581,-0.934397840999575,-0.768254682100259,-2.24811517395215,-0.482409384022894,-0.690550364277623,0.181274905167329,-2.37255179777895,-0.0068680461366328,0.146399068662885,1.75931419392615,1.08303951438991,-0.391047742407487,-0.0258616224927044,0.110814637422018,0.563860612681898,-0.408436059432732,-0.880078912517905,1.40839232295512,-0.137402363335706,-0.001249817072624,-0.18275089691206,480.72,1
160367.0,2.04844978909439,-0.106175196575003,-1.20563236521884,0.207864347280411,0.108040930534486,-0.665326334677451,0.0746863053509804,-0.164677089702752,0.303434516563649,0.24208878668395,0.614570343490526,1.01691408788673,0.0821440298865495,0.44154226506304,-0.635822511704433,0.203245518910877,-0.682617621848199,-0.251411616410936,0.58268091472631,-0.200112094636739,-0.263302246244586,-0.655195784946827,0.279850515775605,-0.405648983332899,-0.274973206065595,0.202631874769664,-0.0746841872732388,-0.0741361468069009,0.99,0
15224.0,1.25547806101723,0.075737134808817,0.899582561441786,0.30685826697766,-0.783296613692343,-0.881433873814759,-0.365580621229978,-0.207833229605644,1.66345769636986,-0.540778864407019,0.72622418811213,-2.25790599619369,1.83825899478767,1.51009900878452,0.533404359785751,0.505054193831746,0.312877136558819,-0.159413710531531,-0.245389780505473,-0.0911728101232025,-0.340972563318775,-0.756209082501458,0.162033655513656,0.357936841619594,-0.0141817489129757,0.749535164993116,-0.0896814039252866,0.0093185001276461,10.07,0
55279.0,-5.75385192191905,0.577609830544052,-6.31278151817008,5.15940136394611,-1.69831984974091,-2.68328644007023,-7.93438913772177,2.37354992013064,-3.07307886895315,-7.14513662527302,6.25006758982915,-9.15082268467043,-1.37614146959781,-9.98258470738767,1.2022169675584,-7.56504249195105,-13.691474448179,-4.36686728138342,2.18142273556017,0.0175000205275833,1.17785240817647,0.175331359039045,-1.21112332108691,-0.446891081681294,-0.405520352964176,-0.165797490498776,1.50551591304239,0.359492050360598,1.0,1
146022.0,0.908636658181293,2.84902401493181,-5.64734296336341,6.00941477810058,0.216656395035464,-2.39701442397293,-1.81930788593969,0.338526987742346,-2.81988277297887,-4.06309810827338,2.94119009271712,-6.15136219091534,-1.98952853525001,-9.15095100562097,-0.604289998808266,-1.95229039984463,-2.89255533222526,-0.912057960709434,-1.56373996709776,0.241921294746754,0.407260461266497,-0.397434852530952,-0.0800058534116311,-0.168596545191964,0.465058497798457,0.210509756241616,0.648704799002062,0.360224330288316,1.18,1
78801.0,-0.363196596243201,0.84069107355272,2.0452770524803,1.21646273580922,0.0196833893674221,-0.21519525248358,1.20067613851119,-0.533243964832771,-0.137973915636177,0.230586365060307,-0.549853358255126,-0.431237012188814,-0.523461251667733,-0.284306159528546,0.654087038644462,-0.747587088332563,-0.0152623741837828,-0.174844075488199,1.03980469891255,0.149439715986445,-0.217029615311062,-0.211359534981,-0.203063780854024,0.374658431339619,-0.0895159693335411,-0.4437696124434,-0.301106394803484,-0.33981506451958,58.9,0
113539.0,-6.67218431034619,-9.2938088143574,1.74371130224266,-0.185610059370227,3.75576707422733,-2.0019141739845,-2.82145412010903,0.98350426558638,2.82017051419729,-2.25029295869168,-2.76901482135495,0.0999025237722747,-0.917171777330552,-0.877870620396626,-1.00809321667824,-0.319728912035195,-0.0585240613118114,0.980194528722268,0.49091167620852,3.18197805348527,0.997774047026419,0.0144054367778521,2.41565857958892,-0.135479594002838,1.28239766426089,0.349697291673284,-0.414546603428765,0.243655495235183,721.17,0
72824.0,-1.11149523246612,-0.257575207100777,2.25020963478583,1.15267090326627,0.432904474488939,1.25412602800986,-0.58416279009186,-0.609681605347911,1.01460246273104,0.334532824069685,0.82637484441332,0.196886900487791,-1.88599349809323,-0.472025637126337,-0.578141395688259,-1.24300710102788,0.570459827436018,-0.159056766164096,0.407187527410462,-0.510613591931657,0.862912790109336,0.927825035064447,-0.343058085886885,-0.256268230425974,-0.600742165862083,-0.18033128765631,0.0267622260788268,-0.358335321215398,45.03,1
116225.0,2.05897081306888,-0.0307843354482485,-2.22876137522078,0.0328141753463231,0.663657836576178,-1.17454703955975,0.712533461895923,-0.439004266195188,-0.250951998029487,0.381742003337209,0.620028592775473,0.626922460178486,-0.156949042961116,0.959062289638562,-0.427967013562109,-0.0733681270221984,-0.67973112987912,-0.0336542010313093,0.457184520649981,-0.136396373799248,0.164837845340184,0.480002048637719,-0.107267272410766,-0.413121674398686,0.320706261914872,0.804710543826717,-0.141198543878909,-0.094893124075477,37.85,0
133184.0,-1.21268170063531,-2.48482353043406,-6.39718581511927,3.67056244781436,-0.863375060980971,-1.85585473063724,1.01773157976221,-0.54470377516891,-1.70337804998263,-3.73965947930309,1.73812401383737,-2.84444933585435,0.765863961245672,-4.79973713485762,-0.0113354116437183,-2.69316808210374,-3.16695515760391,-1.06780011996093,-0.559132202274595,2.90837394592783,1.39687206274272,0.0920728715219574,-1.49288249863592,-0.204227396265286,0.532510949154644,-0.293871104406878,0.212663059827185,0.431094707976035,1335.0,1
27252.0,-25.9424344479142,14.6019980426299,-27.3686502881266,6.37839460769688,-19.1040334039646,-4.68480620428185,-18.2613929340355,17.0525663121462,-3.74260500983864,-8.233721369876,4.6648362538527,-6.52566786025865,0.92375858946558,-6.32597461208273,-0.0702237027595964,-5.83836021908828,-12.0616957125199,-4.77334851403019,0.852969608454831,1.66730429040185,1.78431598423494,-1.91775921336107,-1.23578743924962,0.161104731783341,1.82037804128869,-0.2193590586868,1.38878576213598,0.406809649908512,99.99,1
68809.0,-0.594497047910272,0.291566606545799,1.38379909023472,-1.9388129605613,-0.186508477003982,-0.297250928117576,0.362168193202258,0.0223752506515952,-1.67052532467208,0.174671957258441,1.41501145119363,-0.180157582729397,-0.110994054706171,-0.0147756855617431,-0.433229632201995,1.04669949105222,0.0591063792683539,-1.24736327702233,-0.0867880124543177,-0.0059322468383054,0.389577687998445,0.95071937995344,-0.280100917136124,0.0534337644163491,0.105921709722958,-0.277043226247084,-0.0424035977302539,0.076442358262835,29.8,0
139091.0,1.89395656385415,-0.304001760650848,-1.18328162665792,0.275204778496866,0.379691444433423,0.293295326058286,-0.0969994056653957,0.150663433831158,0.635719593229116,-0.0552594383018833,-0.139117028521627,0.336887222844643,-0.715274209426666,0.513472566262446,0.93615206280425,-1.01970058964245,0.658190438585576,-2.23613085262783,-1.01784375899323,-0.344534531151277,-0.198857877084229,-0.393108561392999,0.432926246052574,-0.981791290386389,-0.564885990982633,0.292561722560031,-0.0246765689795495,-0.0699756334495349,16.0,0
135057.0,2.18453534454492,-0.643841382192881,-2.34554741906991,-1.01202467150803,0.253823163377507,-1.19503422665573,0.293653714744651,-0.529114623579286,-1.0059777635207,0.887363834012711,-0.715005452765651,-0.65028283190677,0.261703892572184,0.333975689385311,0.0220943758602648,0.46035278516713,0.305137942938734,-1.70371060242068,0.654722000263958,0.0976074148279658,0.368913844257653,0.93301606423706,-0.102707335786066,0.587798499987926,0.466912159696324,0.0555035236986073,-0.0904011692269154,-0.0666710592849655,68.3,0
162756.0,2.03208115765197,0.236099466361713,-1.47123741968256,0.519279191405119,0.288295271894705,-1.06319262796274,0.248104854043714,-0.299109817284039,0.308418457198883,-0.416157401786158,0.104277622260879,0.858490118852155,0.95795415466994,-1.00474725678772,0.107241019456936,0.063656376837192,0.657770051371009,-0.68312995085737,-0.216581448336505,-0.116415763873889,-0.314355616867257,-0.746638977386304,0.397771048125695,1.01955043005087,-0.30727569009869,0.142089751925807,-0.0523212584391733,-0.0238343143487062,1.29,0
155662.0,-1.92861326665902,4.60150558710842,-7.12405297794577,5.71608803673092,1.0265785454506,-3.18907306708797,-2.26189690158112,1.18509635557546,-4.4419416151592,-6.64615382952148,3.8278680907164,-6.51864882248249,0.25113654845891,-12.4567059527055,-0.649166482109423,-1.28314500024635,-2.71855972503703,-0.0854660890712058,-2.09738547120766,0.328795983029392,0.602290585417557,-0.541287465014078,-0.354639278954951,-0.701492058320209,-0.0309729820836431,0.03406987758686,0.57339303199888,0.294686316081238,0.77,1
48720.0,1.26271678046838,0.120359708075737,0.335434023882241,0.0966084020476025,-0.476407227866798,-1.12443301722849,0.141723453700256,-0.2987299184822,-0.0059506608444491,-0.172336621389528,-0.0618436742166753,0.709857289715439,0.99320379724997,0.0921131490913755,0.905836891757641,0.210270312953569,-0.335968261869149,-0.76992690467624,0.0857936202995516,0.0164747701526929,-0.209570514721618,-0.600325904378029,0.0863466017872698,0.462269138892305,0.199680389085551,0.809914986566672,-0.0823367738633578,0.0099941311660341,19.47,0
121238.0,-2.62892199481027,2.2756363708417,-3.74536934909195,1.22694819658893,-1.13296649495042,-1.25635309994595,-1.75241984877631,0.281736387178617,-1.7923429718137,-4.82077941422469,4.17609762346479,-4.61900987976999,0.742689541505504,-7.63696288811138,-0.197887605182768,-4.14039566725884,-7.60471483249934,-1.52450539738207,1.27132193138436,0.133106474791523,0.870729582435536,1.26947278909845,-0.265494007565328,-0.480548610900827,0.169665130870596,0.0960810570397914,0.0700362725602789,0.0637683649579152,144.62,1
94625.0,1.70785693746472,0.0248807914815549,-0.488140038578959,3.78754815533943,1.13945148482475,2.91467262159314,-0.743357877946301,0.699135879021363,1.0084706473096,0.912806096143303,0.7653541419638,-2.04386838674929,1.00154733873148,1.32288725448265,-2.72007696175136,-0.153429555378718,0.752610596119435,-0.755785824269169,-1.91256263382671,-0.368014254987192,0.0108651916304298,0.548257831746395,0.0912182952145324,-1.00795946020642,-0.0821828177765288,0.179709188704528,0.0077377190320074,-0.0688413102470406,33.76,1
41653.0,-0.160724209481225,-0.665157967492019,1.29998426328016,-1.59229868183813,-0.865868227957269,-0.72190003776195,-0.581178173132519,-0.02139925526236,-2.19118842697756,1.24416541233643,-1.37330668171937,-2.37778929103278,-1.30091650739722,0.0084914744919892,0.942179426242885,-0.547816235943771,0.692790386051253,0.6299835966368,0.777720897170971,-0.192844383002685,-0.12575079316132,-0.151074004862649,-0.0139379561557545,-0.188301026669193,-0.37377278993053,-0.146123591065688,0.141485449336738,0.142202591057322,25.0,0
150710.0,1.91741967742913,-0.408736538345237,-0.156023702659019,0.421562098495267,-0.71144420061827,-0.242268659946153,-0.661887039295637,0.0593805675744945,1.08769646111609,-0.0274310752766115,0.966499783565252,1.62575745713314,0.769343240312104,-0.141418719277841,-0.268667422042801,0.150190382333451,-0.704098675500048,0.481483269958456,-0.0533553733596897,-0.171131648967342,0.265901160151674,1.03258945836434,0.114803112029418,0.0640447253113905,-0.127899087976235,-0.235321110009894,0.0461792705988676,-0.044492735325431,9.99,0
93860.0,-10.6323749061596,7.25193622855414,-17.6810718207918,8.20414440620562,-10.1665907519072,-4.51034377036334,-12.9816061559658,6.78358879797499,-4.65932958355558,-14.9246547735487,8.38914233451929,-16.4655039422141,0.33851695978655,-14.224403603167,0.556584472572111,-11.683998043525,-15.8416159780561,-5.75319975278369,3.81304079276336,-0.810146481561289,2.71535704420309,0.695602689761576,-1.13812206664164,0.459442241911828,0.386337323495895,0.522438449202614,-1.41660373652915,-0.488307035713995,188.52,1
163993.0,-0.156905589735951,0.41319893725481,-0.51418591051124,-0.572387702939367,1.27114869067084,-0.958935971873899,1.31742941283543,-0.25860387032924,-0.381022276153703,-0.540616602825218,0.269967414024255,0.891723477691791,0.0356735301891271,0.552546683996825,-1.56936956283937,-0.583691702072726,-0.604780858736323,0.12412344273483,0.489180016704195,-0.0247710010644836,0.253018814185781,0.757048398823058,-0.0015097185771235,-0.305673520467203,-0.643506249414235,-0.422007139778522,0.208188283667344,0.244879067525755,49.99,0
112575.0,-0.57824191797213,0.912162756353868,-0.393695561204182,-1.04214071478154,1.05880852101917,0.970015053362321,0.490627433813643,0.646507643748512,-0.0128825805951756,-0.0678762546258775,0.705451831222627,0.629304206113342,-0.56005812371202,0.506978763192752,-0.219908585352247,-0.533559206125976,0.0245345086187486,-1.32233464642883,-0.651748637325301,-0.0449146501896611,-0.216016325064763,-0.293331952306959,0.104437694662731,-1.65824183211314,-0.618214650909936,0.233007885334316,0.110550853982203,-0.159971754978844,16.0,0
134766.0,-0.0796525365521887,3.22201046223725,-3.7242013893074,6.03734512826846,0.583394746331946,-0.691346179707007,-1.79988483348006,-2.62778128431688,-4.00133786259094,-2.27152578398956,1.51389817939856,-3.68294346446482,0.185830426148668,-4.69278763834241,0.247495674947084,-2.68188105082889,-2.28614467887841,-1.04884490280911,0.994829500437418,1.1985372847387,-0.664694294683722,1.13855644649209,-0.350753364122197,-0.287467300585566,0.808889022979463,0.823961705381379,0.668496565754242,0.595609828713858,1.0,1
63964.0,-0.0280179128142337,-3.35349133414402,0.22751956522174,-1.21488977668646,-2.71510253609899,-0.667431102252654,-0.109339361816121,-0.227152759271515,1.1211180184477,-0.862661030230018,-0.60642486155481,0.700707294663012,-0.0186271043974626,-0.349797240663586,0.276652140787916,-2.42099430236206,0.720613273084979,1.11871021484188,0.0652471930332699,0.906167851441439,-0.100279582052217,-1.07117818533171,-0.502819465919032,0.760230597595731,0.0153299694316934,-0.27772195830241,-0.0518750696879124,0.155528359768924,714.58,0
27219.0,-25.2663550194138,14.3232538097233,-26.8236729135114,6.34924780743689,-18.664250613469,-4.64740304866878,-17.9712120192706,16.6331030618556,-3.76835097141465,-8.303239351259,4.78325736701241,-6.6992520739678,0.846767864669643,-6.57627643636006,-0.0623303798952992,-5.96165987257541,-12.2184817176797,-4.79184198325342,0.894853521838799,1.65828884445902,1.78070097046593,-1.86131814726914,-1.18816729293127,0.156667050663465,1.76819198236914,-0.219916008250323,1.41185477685432,0.414656383638367,99.99,1
136176.0,0.0258420281713426,0.275381947849207,-1.05599826304999,0.921716797175416,0.956558463173834,0.394746044494376,2.48473582849446,-0.56804757453583,-0.587700033859882,-0.0915539957763389,-1.63564975114938,-0.197105076160872,0.447487537265383,0.200984655669132,-0.379133588208862,-1.01540923001718,-0.306464735890382,-0.0705003390462609,0.904783695502755,0.607245531070253,0.297407234176039,0.80443931050859,0.461562571591184,0.0240229800055245,-0.623748783377007,-0.567011676846025,0.0426734152126669,0.0715479554979444,281.1,0
158638.0,-5.97611932262173,-7.19697963053735,-5.38831591092631,5.104798647287,4.67653286692543,-5.56687006039983,-4.29118042196746,0.876530560032016,-1.07547808735089,-3.27256917385192,1.1682159434835,-2.13473197122041,1.12831321986543,-4.56600986017187,-0.126950406755583,-2.82698551177892,-2.86574970146517,-0.912934238200631,0.421144082740547,3.13633813209484,1.45936905794799,-0.13626168712612,0.848177173598492,-0.269916379777294,-1.09505960437355,-0.710905241951938,0.565846302250925,-1.03410718662341,296.0,1
41991.0,-4.56634156694274,3.35345148012501,-4.57202780762531,3.61611930403552,-2.49313810882875,-1.0899997127127,-5.55143306976649,0.44778308394893,-2.42441402571208,-5.69992228265959,3.58682418337431,-6.63622904939297,-1.1281764439465,-7.24554959537009,0.638325536245456,-6.85681003898144,-8.85187850534679,-4.5918832274368,0.936939858866071,-0.249127726683026,2.67446587862872,-0.0208799797343963,-0.302447083877198,-0.0863964000107124,-0.516059779833395,-0.295102234035121,0.195985145691014,0.141115102721758,1.0,1
97235.0,-17.5375916846763,12.3525186682391,-20.1346128135864,11.1227714331133,-14.5710801396343,-0.381622313270995,-23.9286610291615,-4.72492103304407,-8.6030380974132,-15.2318333653018,4.41705461009659,-12.8935202086054,-0.10962845638889,-3.54722989444144,-2.17782399757845,-10.4020683266181,-18.3720191223339,-8.31409231206699,2.43582348553379,1.9251025961188,-4.35221313065903,2.38904092140055,2.01912792631133,0.627191869568278,-1.08599721239039,-0.0718032360759346,-3.83819790404877,-0.802564460951448,9.82,1
8408.0,-1.81328048476897,4.91785071056565,-5.92612969400656,5.70150043141163,1.20439257214362,-3.03513754815611,-1.71340206347108,0.561257390902032,-3.79635425171163,-7.45484065078351,7.38805512292025,-10.4752286504099,-0.379314526756117,-11.7367291212569,-2.08698895215593,-2.44235398293755,-3.53552351168246,0.130360306640887,-2.07145048844325,0.576656033332069,0.615641835107552,-0.4064272753179,-0.73701807643754,-0.279641772215917,1.1067663744335,0.323885477719453,0.894766671515833,0.569518600269514,1.0,1
41203.0,-8.42681446458936,6.24165891255794,-9.94646974501132,8.19961393161759,-8.21309336768256,-2.52204605104398,-11.6430282742756,5.33950009801351,-7.05101582770698,-12.2653238444006,7.04773274001302,-13.7429528415799,0.821627223133927,-14.1074642630375,1.02047093981622,-11.8478871921138,-21.6739867132891,-7.78404247450965,3.20430921695579,0.563869352833826,2.42746037443776,0.692666548056743,0.0203051671536146,0.499809093124917,0.467593621860553,0.483161969665241,1.19567086957704,0.198294350072086,88.23,1
67150.0,-1.82429505976067,0.403326526860602,-1.99412200641801,2.75655816357726,-3.13906432572579,0.408185014718199,-1.20904511871624,1.09563435393431,-1.44722489217345,-3.95100289197434,2.56070020158284,-3.4119829114195,-0.781669619949492,-4.7327675351632,-0.433973654922625,-3.30608841178359,-4.23102187544855,-0.750809770409941,2.69080834203374,1.50368830479002,0.838760421033887,0.341727095787049,0.947506491293615,-0.145493002452622,0.0493257725258454,0.831065451615044,0.33242130393302,0.252712728641008,489.71,1
70536.0,-2.27175453696818,-0.457654560738072,-2.58905463865543,2.23077826688105,-4.27898250263823,0.388610079538804,0.102485457456358,0.813127838070308,-1.0929208385062,-5.03202838566819,3.51034756034463,-2.22739840581069,0.656823927974733,-5.19918574342056,-0.128311029598493,-3.94352099869908,-3.82052232662867,-0.570821093891663,2.78338340771804,2.28575790271371,1.09634200952947,0.658398654570846,1.71167573455248,0.333540036403021,0.538591373646869,-0.193528512332835,0.258194100840055,0.247269213953463,824.83,1
36515.0,1.15903773400098,-1.7959288853889,0.707623351426016,-0.834650440996491,-2.08549815627736,-0.325203899438073,-1.12638745594355,-0.060625775168687,-0.953667078504383,1.12261377543912,-1.21720246830121,-0.701656341956555,-0.0946582504291133,-0.917323607161584,-1.27092584808978,-1.09272251241442,1.17391132494988,-0.244582933863356,0.240564251868927,-0.0679555482319589,-0.199924685171809,-0.242454030664383,-0.168262642203329,0.406495195702276,0.457750724147558,-0.105518898939378,0.0325060576522524,0.0471479475734545,170.74,0
85017.0,1.1253810248503,-0.0152155029089875,0.761249465830282,0.920869802494014,-0.555431839819631,-0.26441204351796,-0.134652096672503,-0.0381265831355282,0.446629595417443,-0.30212759547671,-0.0849060957970966,1.24499034261916,0.943903464588057,-0.368921508019701,-0.266326661947947,-0.772169869712969,0.414770574866251,-1.25161980362764,-0.30579357966954,-0.0625718517747335,-0.0376084610427279,0.184427247995653,-0.0261991166026595,0.500074022017246,0.464552251033452,0.414877601219922,0.0071183004286495,0.017318025749513,23.0,0
117003.0,2.11442903779537,0.0815379934584845,-2.0772580187557,0.082019441292522,0.371399389930411,-1.84910350905958,0.801978528040608,-0.603160459734649,0.265788195540613,0.0304151295177092,-0.6863126270597,0.0375903910120393,-0.525197183705453,0.902266656904492,0.417644725793097,-0.628201629416368,-0.222733328149775,-0.4997795104557,0.100657038528784,-0.254796065417227,0.149223030525929,0.541264617170142,-0.0434469712853509,0.0946556990310261,0.419992572424551,0.238275771772561,-0.0903839446513285,-0.0780630777865496,12.48,0
132752.0,1.97701983966765,-0.426243522579201,-0.198736469429956,0.400223174690089,-0.776880749134146,-0.515217381191164,-0.609206311748707,-0.101055313047882,1.13165669874009,-0.0433173252078161,-0.75698343851559,0.91737796653634,1.18490252250928,-0.475904072302295,0.289208455264892,0.204019408599483,-0.470195694876794,-0.192705997055174,-0.34144606439459,-0.117694982444672,0.232730323378575,0.955098546096147,0.12374583599329,0.0899957929195863,-0.237722885606504,0.740746549777691,-0.0186584998312883,-0.0471148120697515,13.95,0
125023.0,2.04535270965684,0.16009102208208,-1.79166473384683,0.213282985346972,0.738993002116351,-0.274159157649078,0.126568018193931,-0.0985391841037999,0.108527461896503,-0.245524974950634,1.07213585817129,1.26444235187402,0.987685630510788,-0.851195991353285,-0.530734828378676,0.49819566718501,0.113515260393323,0.0806192649959678,0.378928168668118,-0.0797961375314695,-0.316046080015514,-0.786214063755809,0.284872703773872,0.152496854426035,-0.23017471710049,0.175008789324821,-0.0574800359532976,-0.0422172904820862,1.79,0
44883.0,1.23580900503832,-0.52474007956947,-0.218622838972324,-1.37370088937656,-0.287622478907547,-0.26948469351391,-0.110176116267052,-0.0490171788710743,1.61487061465628,-1.2027845041681,-0.978926108916573,0.614607264633549,-0.0782357341092056,0.0108236993911027,0.785496751558555,-1.03580230958103,0.264679865107721,-0.72302676300745,1.07365691482804,-0.0269779175775574,-0.218954037373986,-0.415168550809498,-0.143620973157058,-0.715115092581691,0.592002649306747,0.0495662814428648,0.0115248057766007,0.0061349624217255,48.42,0
127191.0,-0.0907434035905236,0.877864455416032,-1.1505742187367,1.22588701054466,1.44636278231738,-0.358081404707116,1.76499980192565,-0.310873746638456,-0.889970229013242,-0.876506290821845,-0.760542423389879,-0.0088828243127709,0.73003831572016,-1.21825404162337,-0.18437899923679,-0.570391552624353,1.13598688973685,0.352615126584755,0.574247845611566,0.384206713666618,0.133264871133371,0.324862612942321,0.0700777042530115,0.30765916641916,0.230910829082469,-0.407182628107392,0.0694911093924537,0.114389494824741,146.59,0
94364.0,-15.1920640113629,10.4325276778611,-19.6295152518171,8.04607504591293,-12.8381666152727,-1.87585874614533,-21.3597382791388,-3.71784952676935,-5.96978174909567,-17.1415136412892,5.90239975502551,-13.5801472568557,-0.45140689941267,-8.33476258691073,-2.02514468652193,-10.1963336944105,-17.2709851692259,-7.07909577930568,1.51769533116994,1.65747618417276,-3.47409650326971,1.76544551266317,1.70125678162665,0.381586805077026,-1.41341748729956,-1.0230778939005,-2.63476129227348,-0.463930546269812,1.0,1
148133.0,2.13292375561817,-0.809094232401047,-2.06851885036563,-1.38854664208345,0.819271377963117,1.05075671552697,-0.487102839346108,0.206270545508912,-0.887213805371003,0.884777959893149,1.05668112021286,0.209381208246359,0.281833068911129,0.28117870279461,0.0278492494826571,0.148958794067392,0.619702807833437,-2.24174338545831,0.145965163279828,-0.0751579131676669,0.3605150672776,1.13429285924718,0.0466512845967421,-0.891165319136677,0.108672906695403,0.0579433853924443,-0.0096231006857678,-0.0913361750749543,10.0,0
26961.0,-23.237920244511,13.4873857909274,-25.1887729688701,6.26173255148578,-17.3451881651558,-4.53498915241687,-17.1004924771637,15.3746300252798,-3.84556677176243,-8.51176669710133,5.1385473219039,-7.22001986441493,0.615793286019405,-7.3272215995796,-0.0386320690669864,-6.33151509399145,-12.6888576275064,-4.84738160696153,1.02053587929144,1.63078748322503,1.76970812949114,-1.69197330547661,-1.04567292278161,0.143386499863412,1.61157707182701,-0.221575644736264,1.48123260638065,0.438124804842523,99.99,1
124331.0,-4.64298444354025,2.57036224524056,-3.35503125088519,-0.448015218821946,-2.59352182056834,-1.05749026465191,-1.19731219465965,2.89471359667673,-0.0795578072744164,0.0878717168829502,-0.133563762646654,1.46526779577053,-0.670935782789054,2.29573630379514,-1.0077958264915,0.936126639380338,0.57628830704238,-0.0843756039148794,-0.107600814027595,-0.301063486466548,-0.17420540834606,-0.802260874318755,0.212696443747505,-0.0004790924813111,-0.170048986398363,0.142851123318833,-0.0310979125862273,-0.0841654764067462,89.99,0
41170.0,-6.49808616880785,4.75051466030858,-8.96655783136602,7.09885431317009,-6.9583762227814,-2.82212618665779,-10.3334056561063,4.03190730189525,-6.64877821018697,-11.6344144245911,6.87757089846463,-13.6976856184689,0.463040401836978,-13.0441824003561,-0.309229265664683,-12.3175797238757,-24.0190985475902,-9.33519307905321,1.95189049542104,0.568338010653019,2.15814308370257,0.1115103626317,0.216413836254987,0.584661255488016,0.760359507805524,0.0819723426822078,1.41506751068321,0.0351241448009389,83.38,1
926.0,-1.53695801321944,-0.0414224787415122,0.62984626092522,-0.687015226838279,0.796080076464064,-0.485756781898135,-0.302744299755159,0.737426722720755,-0.0691305348354627,-0.634663333507278,-0.473710597551837,-0.133042215763372,-1.3903275426319,0.684565150875787,-0.748776762108716,0.720440435912289,-0.693531266389031,0.535849870974585,0.498871943021947,0.134666058443787,-0.1079574811124,-0.7011709151624,-0.184521418903787,-0.851564421049734,-0.129500933612316,0.345511067831457,0.17853391976928,-0.0541527599784834,1.0,0
118321.0,2.003894599228,-1.35480034684291,-0.853220199154271,-1.09734761469114,-0.828013256522781,0.124022763771673,-1.06932896360259,0.04147841513932,-0.0925070833818059,0.890883439364033,0.0217954703505846,-0.108251056484743,0.599519452014143,-0.356180605271652,-0.0543279311833852,1.89208812688687,-0.671213936633949,-0.110498834040857,0.94093888407319,0.234438107505547,0.439959762199493,1.07924383057792,-0.0991591157074102,-1.05005338581386,-0.118478873027221,-0.0296610452958705,-0.0063939800654051,-0.0481272413178668,110.0,0
28755.0,-30.552380043581,16.7133892350242,-31.1036848245812,6.53498386355181,-22.105531524316,-4.97769196369245,-20.371513594495,20.0072083651213,-3.56573779124378,-7.7310714411342,3.8294273949908,-5.31433227604015,1.44693027992913,-4.57926372815218,-0.142299360010106,-4.99784830436345,-10.9614103561188,-4.64148195920404,0.567056279787444,1.73364399368955,1.8165201713562,-2.28868550494101,-1.46054449877578,0.183179482716819,2.20820917836653,-0.208823971247713,1.23263629519904,0.356660010884047,99.99,1
149639.0,2.08014267073756,0.1278496742022,-1.73356723261139,0.408678665829515,0.402801314060007,-0.861501065457099,0.153308209414414,-0.20783914219896,0.564652695572755,-0.364710504489929,-0.690938739028336,-0.105992682117718,-0.368257291778197,-0.759889848984686,0.257480612448538,0.352599530514792,0.479286163621729,-0.236245002367406,0.0762734138726334,-0.184308160353183,-0.37374286647302,-0.990213087239389,0.339275182906883,0.469824871727468,-0.265607920695822,0.176540383283619,-0.0654901891769042,-0.0320942168519616,0.89,0
75033.0,-0.430330205681344,0.985632693552081,0.645789437298841,0.317131047127407,0.616332206255463,-1.34746245720975,1.0782335690849,-0.161518267508932,-0.492855874580938,-1.03963769713185,-0.39560772252726,-0.664683930228673,-0.985700496668287,-0.660967626671015,0.344105202877093,0.530852433867815,0.278141865207384,0.355529916892446,-1.08122326117298,-0.115281935429531,-0.0163780179250957,-0.207609058231514,-0.164119225784612,0.255280162145255,0.454797817761532,-0.505032215885219,-0.0394559687978208,-0.006357582233934,30.14,1
41227.0,-9.00135134450649,6.61328394324752,-12.4236347238918,7.51992923163014,-10.2662546389665,-2.11320754204122,-9.98428744767688,5.54194143253089,-7.38370453522347,-13.2151722995049,6.89518136811315,-13.2796997105282,0.755263578785977,-13.4170122721265,-0.210774362111057,-10.9226551270595,-21.90649321637,-8.82981976595275,1.85246698871594,-0.645393857931055,1.7758908996538,-1.22475761150578,0.0825935414630254,0.452088727391883,0.463827332847796,-0.296928065001458,0.526505578079938,-0.450890488772313,459.07,1
167589.0,-0.700039017294647,-0.407855369389361,0.136552157093002,-0.188158953248136,-0.667499965948856,-0.176049400249913,-0.324468902744534,-2.86496787618854,-0.112537992438835,-1.35633480797188,-0.995643016119629,0.388092876447853,-0.184842220251088,0.568290633899875,-0.013713965629378,0.434649748515666,-0.367817321783258,-0.280133299771166,-0.713386431372026,1.23357085595327,-1.06757560493717,0.203557005207254,-0.407073487783246,0.102416386576043,0.543910464464187,0.584991807450291,-0.0340137164333909,0.30528449665689,359.8,0
129186.0,0.290155157802135,0.0492431315858544,-0.740523666102691,2.86546277005979,1.39529391568643,-0.53516327889219,0.142543369971437,-0.222769707020631,-1.46369065190782,1.71353755281029,-1.12757349175133,-0.708657345883242,0.272186077406343,0.27471029150754,0.235191951820748,-0.463552709186313,0.472995390747944,-0.44789915630515,1.79092414652793,0.247579534584332,0.337348848382748,1.01819057752704,0.303550010776752,0.833886119752574,-1.22230609676666,2.7452606721766,-0.220401600319897,0.168232740494181,7.18,1
115518.0,1.99676078163109,0.0762868885457701,-2.2265395606554,0.350135134506972,0.724300367872838,-0.893785893712858,0.433654748037791,-0.418421128208155,0.463594215251285,-0.580871902283131,-1.03703492942983,0.359084602385463,1.41692453437608,-1.12429273739432,0.857870392989968,0.490225184458694,0.0303706349481745,0.747152873631434,-0.0866775697201009,0.0502145390995511,0.177712709563748,0.599026907531861,-0.226406055267786,-1.03898124920121,0.408303863584272,-0.0504669679777702,-0.0075097339590763,-0.0246727366215686,72.73,0
19762.0,-14.1791651073631,7.42136996239257,-21.405835744128,11.927511869244,-7.97428068736155,-2.20271027666529,-15.4716122801735,-0.356594909586509,-6.38012489838839,-13.3482776536659,10.1875873241664,-14.5639797552132,0.59375935763569,-14.4915983463022,-0.281392503951236,-8.2641288443605,-12.4398049728466,-4.83707902601307,0.753149847889189,1.00276434172175,-2.36683606243662,1.13095519799655,0.991153238179024,-1.03313210707298,-0.327179344936207,0.634692903522304,2.17190494464567,-1.39528768393339,1.0,1
6089.0,1.31431625680752,0.187596430580411,-1.1506323285322,-0.279581425544032,2.21375396249823,3.22859772272367,-0.597804875349896,0.72431552907399,1.21088795300617,-0.587999900668753,1.07913120435405,-2.53506870749177,1.65127419577137,1.32173232188241,0.562548119866956,0.78355587118416,0.236830975834255,0.439856177098906,-0.0280470197601153,-0.0105330514487602,-0.493178578748389,-1.3347423010026,0.107047896322012,0.885094323664666,0.34659347230298,0.0720268658075049,-0.0485693560329582,0.0172251327044314,1.98,0
33015.0,0.645974887788584,-1.66026223103295,0.0078929171116544,-1.3714293174996,-1.01129892927863,0.202726633791963,-0.297364590450211,0.0397775294758282,1.63482213909921,-1.16533440627162,0.355737489813408,1.35102969461286,0.806657191840716,-0.142571297459993,0.696177278422353,0.132382346674104,-0.774711252604665,1.06995657429271,1.29045540963914,0.704486288010469,0.303757251241559,0.360784774920211,-0.572233803265687,-0.729628845021843,0.504216648092025,0.130781109138727,-0.0210662653760641,0.0625001680356986,348.0,0
41237.0,-10.2817840384715,6.30238478416897,-13.271718028752,8.92511547634157,-9.97557831146449,-2.83251346361162,-12.7032526593299,6.70684583868978,-7.07842395823848,-12.8056831898117,6.78605830197451,-13.0642398936784,1.1795245105938,-13.694873039573,0.951479176238826,-10.9542857275047,-20.5835927904158,-7.51726213169106,2.87235363605874,-0.247647527731929,2.47941350799644,0.366932842343897,0.0428046480276363,0.478278891799746,0.157770817898023,0.329900959238367,0.163504340964582,-0.485552212695879,118.3,1
148053.0,1.26132423719507,2.72680028914035,-5.43501891203698,5.34275900861121,1.44704301840055,-1.44258408548501,-0.898701853990691,0.123061977888509,-2.74849590498127,-3.20243612238872,1.99136063471588,-3.98641621648026,0.577206841836268,-8.48579450596077,-0.794782274727006,-0.66613426737281,-1.37262938444618,-0.10431295585569,-1.46691055321726,0.313331634515096,0.209086136071647,-0.425937610932652,-0.154439525696635,-0.0188195044268996,0.632233951218357,0.192921615175897,0.468180887290157,0.280486470872693,1.59,1
59201.0,-2.49223105210199,0.659713774873628,0.296499993995737,1.35144134976659,-0.0899174672734381,0.464203374370708,0.205143930938456,0.588667283810034,-0.286577913924464,0.418900659847049,0.681707640626665,0.969707474714623,0.0477694307682136,0.357288834677334,-0.354555605056147,-0.698686154811476,0.395109435877742,-0.0970033463286419,1.25201390537262,-0.665288730753374,-0.120277320877138,0.401440779859429,0.308515386323385,-0.262424150507722,0.0431144956414397,-0.269579791395247,-0.469857455238762,-0.079608318598509,82.89,0
133958.0,0.523819919016188,1.53170785726036,-4.17639013427384,3.58461483133399,-1.0239540327136,-0.502471057563059,-1.89196555656987,0.878416852102108,-1.54194215137035,-2.64940583024547,3.21163365301808,-2.58749931359948,0.257070951089721,-4.68380643176166,0.912636545134862,-2.6957897292607,-3.03516584667273,0.0968148690279061,2.06569197047395,0.621803834572887,0.851859435194308,1.17692695536704,0.453553280805087,0.485211207096414,-0.500686838721807,-0.10828410995489,0.269476548870234,-0.0632454644135228,130.21,1
50913.0,1.18127221104607,0.101857190014918,0.0512513340302228,0.114866061358899,-0.280465468152226,-1.26447530125824,0.489833107020696,-0.40750124976426,-0.273944891779281,-0.203304590222885,0.0759328726118571,0.970384925999025,1.34726480841694,0.177729299823651,0.715073087923394,0.0635984722627513,-0.275073403719741,-1.1584433294091,0.251020453617699,0.136487050680005,-0.391171730814439,-1.2576254844957,0.138644536441413,0.445182557614283,0.121958678599447,0.610976704706644,-0.104222006380419,0.0174442867473923,69.49,0
41397.0,-14.9703456545046,8.40142101040258,-16.8672384869515,8.25233430637468,-13.5651304873758,-2.78243755853826,-14.2637353490007,9.64341914576661,-7.70149868394332,-14.2266980575287,5.61099879659254,-11.7939788348294,1.59838653001563,-11.6069703760766,-0.0441804437896824,-9.28695473739369,-19.8997264249367,-7.518050849236,1.24351749943488,-1.61466005601289,2.71404480183882,-0.101355310559619,-0.439665974014017,0.519513861479409,0.789327982433797,0.0643574266343142,-1.62138568643941,-1.10481920857705,273.01,1
131110.0,-1.85963396792729,-0.217632326672217,-0.196545369706532,-1.37243444034954,3.06092737556003,-1.73917325393396,0.968337843289311,-1.38823769640006,-0.574568470696214,-0.726439021206041,1.05272948052211,1.02220666897328,0.136742819995804,0.732815080128363,-0.798676317151366,-1.22797639136499,-0.404052565298475,0.137435204940932,0.63378498360431,-0.393867483750158,0.992937720047965,0.820997230395555,-1.02109350826545,0.890896231963835,1.74766251436457,-0.234534165170171,0.074778410384659,-0.287847296426958,35.57,0
8451.0,0.314596589729515,2.66067027657541,-5.92003738034463,4.52249960508858,-2.3150272861839,-2.27835165394776,-4.68405393631569,1.20227026523098,-0.694695511200349,-5.52627805985834,6.66243683071252,-8.52546492534563,0.742745446888019,-7.67866801029943,0.593070459066131,-4.47813659534324,-5.84426647937357,-1.1027307945783,2.17738568653903,0.562705643312244,0.743314023428983,0.0640383555765096,0.677841675250346,0.0830078227438395,-1.91103446375022,0.322188398435937,0.620866538820488,0.185030354728703,1.0,1
26833.0,-20.5327510764355,12.3739891389716,-23.0090029136283,6.14482097803751,-15.5872960035928,-4.38449066917613,-15.9390026942523,13.696416119399,-3.94845491908543,-8.78972336330438,5.61234710799626,-7.91442236630349,0.307819968365149,-8.32860088836825,-0.0069792945896379,-6.82452417207669,-13.3160791903173,-4.9216120866876,1.18820420779718,1.59275393136331,1.75460760918813,-1.46611525253641,-0.85677863566488,0.125776576475404,1.40258698975375,-0.223754856770293,1.57424873519633,0.469200693158523,99.99,1
150207.0,-1.7237819935645,1.81903404862182,-1.5429787509977,-1.14786301328596,0.766143343743289,1.30245988233641,-0.303131332892459,1.7432381277994,-0.512820304050214,-0.495521325637574,0.308916513730379,1.56356741442119,0.652243465402235,1.05479540305185,-0.718275951645975,-0.453976341912219,0.445097936644157,-1.30651374772895,-0.546990053004509,-0.120204137548525,-0.010838489022304,0.0138336988871216,0.245985935447018,-0.926686985908549,-0.768853846234454,0.250258916819988,0.286709342546505,0.168584700305083,10.04,0
71033.0,-3.17081841545902,0.185734554774403,-3.39985157931162,3.76115529034876,-2.14804702797609,-1.59894442520531,-2.51956531805231,1.31621501070214,-2.40010611621824,-4.99341703829647,4.44719176626515,-5.29376010254684,-1.41957829927441,-6.42527621352443,0.914083034195792,-3.51519716625381,-6.34745330751181,-0.90351216582405,1.19160626766329,1.93225372509724,1.09205113380931,-0.0410804286307278,0.904395217733676,0.180015601586537,0.0499703397242655,-0.257099837784436,0.859281566487016,0.225924185725605,426.4,1
85576.0,-2.20763091845218,3.25907610397605,-5.43636546967173,3.68473739367705,-3.06640091036945,-0.671323195313701,-3.69617839443207,1.8222724578951,-3.04965272773018,-6.35388725151755,4.35148149710451,-6.4532473302497,-0.0614319367541572,-8.44287285721034,-0.328820639839654,-5.44079518325917,-9.5180378916264,-2.43806861829455,2.33675362049059,0.808336360421968,0.920899033968287,0.0376745089378149,0.026753977510545,-0.791488823729947,0.176492777047381,-0.136312279131778,1.08758482385547,0.373833528935625,240.77,1
156771.0,2.0439827996732,0.537153364126987,-2.41249430099744,0.760142485467499,0.542463460322784,-1.70124995785093,0.321255659173524,-0.348618475342436,0.598486085893346,-1.19070876954175,0.0861968458946299,-0.540100329132613,-0.587811653047498,-2.41836318398104,1.18590530585375,0.760127269222049,1.83337814945499,1.27495752087067,-0.739862300344916,-0.194663657475211,0.0921028286827353,0.448688038303651,-0.0426264720736242,-0.31397061897539,0.232878301876293,-0.0912108508269035,0.0194432443134439,0.0053333026022965,1.0,0
75369.0,-1.26646913478146,1.98543578644633,1.32897591047155,2.47058397858031,0.0671137422970025,1.01872572332596,-0.0365806082748887,0.886611587960664,-1.54022098788559,1.31232670516747,1.6137004908822,0.735627445932475,0.309118939217875,0.646172912131385,1.05242544208399,-0.307466215581615,0.427947625555882,-0.539228506123565,0.350678714517566,0.371310449640022,-0.104571461275023,-0.166315899247776,0.13358698285961,-0.333404385472496,-0.452444177858525,0.0131270177452339,0.498257107314052,0.246185401109494,3.65,0
113179.0,2.02391646201606,-0.266370463167861,-1.45990135920198,0.0977511053891229,0.0378069724656154,-0.604569214433645,-0.120730881445261,0.0169374199613697,0.865579375214135,0.134604938667401,0.6283610816484,-0.310969185860614,-2.54145036927418,1.17795538870324,0.517682443860891,-0.0256047236841936,-0.582286661666691,0.807953878005139,0.030376173800708,-0.383855164513109,0.296824557784921,0.851364848738779,0.0445603639673837,0.659994920418282,0.215440512323762,-0.461494419299539,-0.0133164914505015,-0.0624589767064798,1.0,0
29901.0,1.04375363961272,0.0462423270394872,1.44585719651493,1.35072666399111,-0.963303013216596,-0.224132524916426,-0.51370342943884,0.0877550301988026,0.318456761954375,-0.0823742392854432,0.393300679309594,0.929666521476065,0.97581919947141,-0.170155437132865,1.52168861473127,0.197030835171323,-0.290347400178745,-0.371656568931327,-1.28811381068904,-0.0554273250172178,0.20820201898993,0.660922972249549,0.0480313923789111,0.62236763076665,0.219856400311107,-0.355321341372771,0.0822070597978486,0.0493282862372436,32.49,0
68207.0,-13.1926709562391,12.785970638298,-9.90665002092758,3.32033688288942,-4.80117593230105,5.76005855618556,-18.7508891580107,-37.3534426378925,-0.391539743919107,-5.05250236713858,4.40680552357904,-4.61075647740608,-1.90948796970811,-9.07271093398351,-0.226074450896345,-6.21155748212485,-6.24814535335983,-3.14924669470095,0.0515761185277783,-3.49304991519446,27.2028391573154,-8.88701714094871,5.30360690376998,-0.639434802306313,0.263203123457008,-0.108876929971315,1.26956635541013,0.939407362758877,1.0,1
95628.0,-17.5189091261484,12.5721178535385,-19.0385383213549,11.1908946558522,-13.5547207079601,-0.41192361337145,-23.189396512394,-5.30141221815132,-8.63039030596902,-16.2556117491401,5.70211147983179,-13.8124040899594,-0.306815322507812,-7.01360737195925,-1.18229035380557,-9.3601791927531,-16.6683693822389,-7.14746777723207,2.16209864550609,2.52851232971436,-4.96947772242457,0.976124822110751,1.8412479337881,0.334417748210128,-0.720128461316563,-0.232603423065217,-3.02199247294556,-0.478158234859683,1.63,1
74435.0,-0.105205823213877,2.47612216085516,-1.97685161882403,1.32289843913016,1.09588536995533,-1.86968981243143,1.37369497527791,-0.717868882596513,0.754655156156657,0.744162553914236,1.1652882968724,-0.29225010878599,0.679248108791528,-4.47699542018669,1.11412448985461,0.521638847514111,2.52042949379052,1.2682045525595,-0.562441038346009,0.953641928707038,-0.384447736423748,-0.148652209882916,0.0533906909681048,0.0378457420751392,-0.224558573438941,-0.438518652690218,0.458180166014463,-0.125633525091022,1.53,0
37184.0,0.0173589847103851,-0.456114347022961,1.14694197944982,-0.118644594454451,-0.194043176755565,2.02245368973919,-0.50454651149858,0.742713157189818,-1.00001202341652,0.404867293038536,1.59998325389852,0.972882680188987,0.276370892222091,-0.123169549154207,0.380879110172451,-2.52495490318143,0.811280729016352,0.108303813146135,-2.43365101061554,-0.512698560923097,0.067577625573944,0.812005779457463,0.338086987379525,-1.06054285046798,-0.682515228406644,-0.255172555123867,0.102869751639481,-0.0695526260897685,79.0,0
62330.0,1.14086473658976,1.22131743135767,-1.45295546048243,2.06757505760281,0.854742052227546,-0.981222507744598,0.325713913670098,-0.0377214068783676,0.113219371615132,-2.12697274994354,0.915947028928619,-0.468571538051367,-0.523377293666349,-4.86186658087283,0.421013353871263,0.866440624739209,4.08248488419359,1.1963181517001,-1.10076358353881,-0.0677120411898438,-0.377597095255037,-0.79345965987036,-0.132333171548173,-0.33158626897425,0.664877856718148,-0.309312434134138,0.099941947375597,0.122988311929089,1.0,1
54833.0,0.17832983453021,-3.16482123917421,0.0469542271472666,-0.779875364874463,-2.4113574327534,-0.600579527054124,-0.218668933052202,-0.356263648165239,-1.8286459583259,1.07661843611884,-0.353991262700336,-0.553457496917585,1.1720891557983,-0.378975286756268,0.81868483046057,-0.0820624275108111,0.396071555903745,0.0856525156886003,-0.506554531937855,1.1011294367824,0.10250359442343,-0.868253087895147,-0.449908357584502,0.395952404981869,-0.092410446636095,-0.440199439671836,-0.0776173375007693,0.15084709831377,695.89,0
37864.0,-3.96839374973728,-4.43973317401186,-0.359330211948938,-0.437722604313609,3.10893170689948,-2.89907523909078,-2.49952073647765,0.997294934693612,1.82561120364106,-1.91319053386432,-1.37446079459051,-0.509051584772837,-2.01735102874089,-0.374970339810668,1.20588903017818,0.109222134703994,0.928471329930891,0.85326898932853,-0.375379855230899,1.14759466869252,0.389388300053734,-0.481851518716061,-0.177248353150391,-0.885986703054486,0.118787962255904,-0.775892750915071,0.27213110199497,-0.759415656923594,15.0,0
76575.0,-5.62246941906299,3.48062317879011,-6.20067659397487,4.31123366835313,-5.22628632428769,-1.34176357284987,-5.22094094197327,2.68284353707778,-2.92148438224053,-6.56125741097377,3.21126387844398,-6.86166051434144,0.326461834627394,-7.7552536640417,0.50465219263742,-6.27661678567251,-10.6117146970978,-4.14677374512684,2.19728771323892,-0.156288522686099,0.949568986169808,-0.428985749759671,-0.35067550041691,0.197549503550848,0.15923422951036,-0.377790861014248,-0.213561786254573,0.459528918054306,219.8,1
61108.0,-2.7560071191969,0.68382137690334,-1.39016888269883,1.50188726081003,-1.165614355805,-0.13120694925796,-1.47874061646082,-0.246921578045176,-0.100522731731488,-2.30110989675506,1.91445404493049,-3.8309980112302,0.719488566785256,-6.35301985790071,1.43871619241123,-3.29723907467834,-4.86297149937169,-2.00235399924327,1.54523326964355,-0.106944639579729,0.320473875601072,0.61102668559867,0.174863684107414,-0.502151101117601,-0.174712784335661,1.17924208342707,-1.16631532833921,0.821214803121569,101.5,1
82059.0,1.00647451165614,-0.66195792878654,0.876195856178498,-0.924023764747496,-0.396746994584364,1.65313059855451,-1.06984425239533,0.75659110891134,1.6801190056599,-1.11472450714421,2.04776526265728,1.78362902923101,-0.422478654697996,0.0654213700140604,1.22315984952299,-1.6519306645202,0.960994102475132,-1.36061625235441,-0.594390625122135,-0.27083544389289,0.114480399417701,0.746366033573883,0.0788599690816483,-1.0054502241539,0.164878929038487,-0.522316770765196,0.161586356941032,0.0087335301422682,0.76,0
110547.0,-1.53281036094493,2.23275183861699,-5.92310007493809,3.38670841159996,-0.15344334000728,-1.41974768064009,-3.8785763388613,1.44465586239817,-1.46554214173397,-5.20833459337633,4.54630106888309,-7.76119403219115,1.15954032168956,-5.23161145654992,-0.171642119460071,-4.71982949844975,-4.84799196061678,-1.13432874514983,3.52773827223549,0.520839865969216,0.632504705856676,-0.070837950713368,-0.490291315112446,-0.359983126080465,0.0506775325943162,1.09567132878655,0.471741401676933,-0.106667140739625,0.76,1
93860.0,-10.6323749061596,7.25193622855414,-17.6810718207918,8.20414440620562,-10.1665907519072,-4.51034377036334,-12.9816061559658,6.78358879797499,-4.65932958355558,-14.9246547735487,8.38914233451929,-16.4655039422141,0.33851695978655,-14.224403603167,0.556584472572111,-11.683998043525,-15.8416159780561,-5.75319975278369,3.81304079276336,-0.810146481561289,2.71535704420309,0.695602689761576,-1.13812206664164,0.459442241911828,0.386337323495895,0.522438449202614,-1.41660373652915,-0.488307035713995,188.52,1
142961.0,0.457845399378466,1.37376948070694,-0.488926009348227,2.80535094114905,1.77738605988168,0.100492060362466,1.29501591974452,-0.135857217631344,-1.69582245589888,0.955004466801798,-1.70222840135659,-0.240056328492088,0.456475052581814,0.139567417265152,-1.89097449251758,0.372379299123525,-0.798201084554281,-0.69706160837415,-1.49715223294239,-0.264704752281373,0.105593015789541,0.371014424417148,0.0511047168873462,0.401524196613955,-0.724765816975051,-0.202880696489224,0.092123881011537,0.0949558537280024,0.0,1
9770.0,0.695052538799437,-0.534101009593023,1.34194778310269,1.59162816177032,-0.946534932892378,0.338726060282515,-0.527287368505313,0.0297238133130721,1.70888120646794,-0.558405915831965,0.889630936809348,-1.58546937735315,3.14326266972112,1.09522195242622,0.946058118307722,0.45332790421442,0.163895821873844,0.309350123890483,-1.48370691302597,0.346097904711906,0.276548671098422,0.700976543238458,-0.234574518576736,0.0782656664392565,0.228373151898329,-0.275484794134302,0.0317256883401797,0.074929527570775,228.0,0
44393.0,-4.61746102917986,3.66339525318756,-5.29744641020372,3.88095965427288,-3.26355091342907,-0.918546733700683,-5.7152620778107,0.831039550183167,-2.45703377841015,-5.72681709632961,3.52572598717089,-6.48911156043177,-1.01279063167124,-7.05231095228929,0.78444540329242,-6.77397674966222,-8.58807007314333,-4.51089174541971,1.14787783834912,-0.34645583270524,2.69817489528664,-0.0270808907137453,0.366775230313112,-0.123011441662663,-0.300456526768528,-0.239996239629945,-0.183463054061235,-0.0733597031884566,1.0,1
148468.0,0.218810192243952,2.71585507956703,-5.11165783900784,6.31066097414859,-0.848345064871295,-0.882445799257676,-2.90207924674704,0.939162177941683,-3.62769814154945,-1.87333085278999,1.2038344844503,-6.17262991831307,-0.921364296717084,-3.94196510459461,-0.0622213828788873,-5.241049107605,-8.15282937205818,-3.24343644496687,1.93548375407006,0.381681938895485,1.08364021161907,1.03732380245639,0.0623251382602846,0.532489603801304,-0.149144855297463,0.639579645658501,0.351567637719089,-0.0018165149574627,0.76,1
135324.0,2.1510150016045,-0.0704770454250889,-2.57198147036998,-0.338707702659438,1.00201864485655,-0.596894132208534,0.500955543183375,-0.201453371157485,0.256297417497548,0.230262223307635,0.0941305198165795,-0.291526243126586,-1.82907334375119,1.31252887856507,0.0168362378383833,-0.166227713360173,-0.65445510683701,0.370515031217705,0.645157044401691,-0.305289919001751,0.125406464617291,0.366471784937651,-0.0854712012514183,-0.10576037541605,0.45833664135464,0.247255622710699,-0.103830886876623,-0.0948712623985395,0.75,0
143226.0,-6.74942406381781,3.66011347389005,-1.4697039031056,-0.902003609320656,-2.00567793707843,-0.474994221346018,-0.75220294708217,0.597294782804815,3.37945866066579,4.27903774788977,-1.16660903729091,-0.0380359954316037,-0.470247361739531,-0.887068309068394,0.673920905673487,-0.0961964363330367,-0.105030153863422,-0.0414489047895926,-0.060037623653361,0.0716053672564426,0.102962286502031,0.77514399097556,0.021887844871442,0.006539316200322,0.033298646478676,0.325516669508785,-3.58691792919185,-0.411201692586874,5.05,0
40662.0,-4.44684654752268,-0.0147931576652609,-5.12630699550863,6.94512997633611,5.26925534782033,-4.29717716297717,-2.59124168468427,0.342670615268881,-3.88066304488519,-3.97652513857503,5.73008435556377,-5.03186814827248,-1.13543910933334,-10.7870505700202,0.265456230525684,-1.10421746262461,0.636412737308571,0.994101368746143,-0.688720555143152,-0.108006422684084,0.247912823388783,-0.0495861794607239,-0.226016961592253,-0.401235601042542,0.856123603036307,0.661272426708284,0.492559738814261,0.971834350005126,1.0,1
76845.0,1.141572041228,1.29119504187036,-1.43290045302393,2.05820222243243,0.940823737515849,-0.958273875563986,0.391154204412105,-0.0925192025989645,-0.0328285936060586,-2.15530254380865,1.0804386160969,0.0444153214634158,0.441176590070526,-5.05382476474338,0.315185256694669,0.821195361600931,4.02736603913411,1.07797898032715,-1.10727585500251,-0.0059125766066523,-0.366507064917023,-0.714464900739845,-0.14391066716844,-0.305177619493244,0.697514060032721,-0.312544722619217,0.106247471401345,0.125059863331359,1.0,1
77877.0,-0.775047706853375,0.346956568699524,2.38931433033616,-0.435165815693583,-0.721824894621406,-0.352099895280271,0.306508029497282,0.180339906486159,0.418686065396736,-0.961142391400849,-1.11156044785213,-0.710958453795253,-1.35428339456037,-0.192999864211471,0.0932848359366751,0.605909277575406,-0.5352891206764,0.27547411866231,-0.88363496232349,-0.0830655096955865,0.185718862824949,0.444775181668776,-0.141920700248875,0.404036608485283,0.0326900796600617,0.416891455925011,0.0301096741212464,0.0991087390419054,59.0,0
59055.0,0.943818070383711,-0.919716131883457,1.68185959784629,0.597575377628334,-1.52216994065121,0.910109804026037,-1.23869813453547,0.536927933885755,1.6329333189164,-0.461995871124441,0.737269261480267,1.461027641556,-0.578934520705107,-0.85420500869643,-1.93127517279185,-0.593854544479109,0.612483392501768,-0.551107993032703,0.462090170944709,-0.0317345431524192,-0.0191106258320703,0.294802773300069,-0.0294603100716824,0.334266777422395,0.101228481398368,1.10385491861876,0.0046547483919143,0.0149520770949567,65.0,0
131214.0,1.99922154795499,0.0358079911527186,-2.77485461048643,0.0551868916269776,1.25917590420609,-0.812510835519467,1.0524702119698,-0.47363250563921,-0.1889753701025,0.0705543089800745,0.753666580283574,1.30158943252061,0.603217776638556,0.936185025703387,-0.71766303998122,-0.917853364527756,-0.498985958169654,0.0350041270371323,0.490558966544747,-0.058276683983337,0.380361594835602,1.17285562841952,-0.322875231197805,0.384016196630515,0.935251960419287,-0.229787928693056,-0.0643642516821963,-0.0760726906215693,67.0,0
118329.0,-0.0097633323135179,0.172216340752099,0.650439643645497,-1.48961538004893,-0.213793820774242,1.2999043946579,-1.54712361767259,-2.43527012053154,-1.41538371755596,-0.329139849038705,-0.0403930124663307,1.24860610529793,1.63203022492753,0.0313548243693713,-0.674613816771857,-0.419352696556315,-0.891871593848576,1.63078040716914,-0.695254908617562,0.321556790300925,-1.85796921032245,-0.888568562601765,0.0178121691662725,-0.169086170199043,0.556161828746556,0.267392226611448,0.0622432258384323,0.234856333657535,20.0,0
123341.0,0.722099431649448,0.49795292593891,-0.11104900127146,-0.336683468584767,0.167127192034505,-0.831886016858509,0.342928233577617,-1.07436506812162,0.123151201828779,-0.446659462523184,-0.799620789577362,0.459485910056466,0.153074675538598,0.274030029134215,-0.239400827307601,-0.0029841667531491,-0.357299692236233,-0.972988891432266,-0.354450750288295,-0.334918044059115,0.455821315920677,-1.09145707527939,0.0615353330116703,-0.0852461947918659,0.501141502050566,0.248516550958455,0.0322290035073612,0.110632695737472,5.85,0
59696.0,-0.18272961184289,-3.83046265864775,-1.00386566273246,-0.737565539004519,-1.85543960857855,0.218265387092457,0.205779159674514,-0.179485549803788,-2.02202674230253,1.14233922271411,0.767440693979338,-0.541684745739775,-0.452273215784815,0.216399849778071,-0.607838714043729,-0.826695477221586,0.85913229391496,0.11465318594572,-0.158182907667412,1.31987173610326,0.355264552483093,-0.439787799950603,-0.851760178099902,-0.284865558961752,0.276034740800168,-0.118865050351043,-0.138532981291887,0.139048271424794,868.0,0
151088.0,2.06091327830477,0.415538444343503,-2.67964704953756,1.16318133030548,1.41612523533933,-0.161932894562464,0.481697349164786,-0.0793617020237076,0.0584518025625932,-0.162464215529383,0.221208401786113,-0.0528772887932497,-1.09607222919184,-0.678271230666456,-0.865747142239297,0.263656584859264,0.484160668662296,0.919322035900189,0.195722675147575,-0.256465263894953,-0.058825509585086,-0.0206864454833434,-0.094944812798857,-0.356227217386289,0.540248995930453,-0.481888510025708,-0.0105861594207692,-0.0442487190948796,1.0,0
84204.0,-1.92745281973369,1.82762056700016,-7.01949468454197,5.34830323951426,-2.73918788004738,-2.10721929638307,-5.01584797563431,1.20586815982046,-4.38271250852199,-8.33770697381781,7.19030608944843,-9.42484446049178,-0.223292646427513,-12.8754942229841,-0.071918160688794,-6.2999613976222,-12.719207160428,-3.74017615583058,0.844059610296466,2.17270905626492,1.37693832294098,-0.792016725563067,-0.771414187530036,-0.379574271539528,0.718716522008066,1.11115125599517,1.27770725705846,0.819081152045361,512.25,1
122916.0,-1.36165307227613,0.833115513904985,0.797552706671066,-1.54408904206158,-0.964911813102561,-0.588293091320825,-0.334753267977798,0.876938364417846,-1.75077599774599,-0.27235501500399,0.0350543651688006,-0.227702619139366,-1.30802745722138,0.98512137104673,-0.827323879224533,-1.04440513532735,0.0900996043021971,1.72299818611721,-0.543692650587176,-0.799154416766504,-0.25015948696379,-0.64053489691112,-0.232193453015553,0.0378497675516886,0.429045208985139,0.651132792650393,-0.413983103862203,-0.0961446121789763,10.0,0
14073.0,-4.15301449873357,8.20479650456012,-15.0317142097481,10.330099825448,-3.99442609736294,-3.25001318447365,-10.4156978119079,4.62080391044331,-5.71124797098224,-11.7971810675777,11.2779207278067,-16.7283393320915,0.2413676825577,-17.7216383537133,-0.387299923381284,-10.3220166783853,-13.9590853730538,-5.03071003831832,1.19726633504633,1.41262488019492,1.97698839609887,0.25651048717528,0.485908106513804,-1.19882131436036,-0.526567394687845,0.634873502483478,1.62720907623952,0.723235068518316,1.0,1
154213.0,1.98633288870648,-0.0963989906505426,-0.444753469767254,1.17846846492979,-0.137196534177087,-0.0057789359831366,-0.397002975805896,-0.0013669688318168,0.899091051248232,0.136101995023791,-1.46827047116797,0.439047441568579,0.686706844157044,-0.160076399076199,0.483463580418061,0.510674698691166,-0.90826283927929,-0.0385196116969683,-0.247737493852878,-0.20096094468093,-0.206077253072329,-0.434433997970722,0.272150143038003,-0.835624329299779,-0.273962746818613,-0.891573169247832,0.0628528252953326,-0.0306992491589369,10.0,0
17520.0,-5.26805322089363,9.06761342731767,-15.9607281345144,10.2966027898053,-4.70824109122294,-3.39537485177836,-11.1610570028797,5.49996263444947,-5.66737554592835,-11.6271935556579,11.0270590938161,-16.3880541668327,0.363921486512734,-17.230202160711,-0.437487559248993,-10.1223919213552,-13.6392089915234,-4.98645725844229,1.12678437819631,1.45587819528,2.00410994522741,0.191058399384387,0.622927669875126,-1.20926355739155,-0.374798862642666,0.64879803679546,1.58469734677224,0.720055870245492,1.0,1
141925.0,0.120301417641484,1.974141135114,-0.434086817238467,5.39079309979716,1.2896837293754,0.28059002412422,0.22196254547878,0.0678267548690214,-1.38705405307029,-0.0451253297662453,0.195839103876469,-0.629085830718882,0.681222338433862,-4.71552123988097,-0.2878762909762,0.497433587465913,3.87161756353604,1.49239403735728,0.506039978517755,0.20569123217309,-0.0386896154666322,0.204553809417386,-0.167312970794265,0.791547134443901,-0.223675472406085,0.473223170815404,-0.160201937224867,0.0650394520642459,0.76,1
85012.0,-0.966460649302712,1.22162375866125,2.07495073287907,0.741264849728199,-0.543647299172925,-0.250844477425325,0.311382528679587,0.336717535859561,-0.729390588361663,-0.139828414888907,1.25776280790937,0.175174836762385,-0.986575715492653,0.64328605808624,0.787759430426088,0.206298251379754,-0.309717715420394,0.618825979656852,0.745445543916975,-0.0624111547857377,-0.0754150214490278,-0.332309566490695,-0.111030666414199,0.464982199183428,0.0233229298388513,-0.554645928515691,-0.329725012591925,-0.214778647961095,22.03,0
62068.0,1.25375507269197,-0.657126556316883,0.41174716131316,-1.46809021958526,-0.877031415268715,-0.330262147921396,-0.597604938540226,-0.0112421526594508,1.95544169140021,-1.19569847143566,-1.23046037906044,0.540414657125253,0.437107071377348,-0.308551831869793,1.39166519057066,-0.102209525510801,-0.452950944752665,0.370941471278188,1.10704547248764,0.0546459593895552,-0.0555494331558049,-0.0031198150833277,-0.182190676283842,-0.550678218507957,0.489173160270002,0.0293403319729706,0.0374185610046711,0.0242020917654093,48.4,0
110617.0,-1.10103546371767,-1.67492805871463,-0.573388195590639,5.6175556662941,0.765556412634615,0.440607080848915,1.93474047501363,-1.01978754945585,-0.19324423129657,1.7837390603636,0.606910821999133,-2.85427542751023,2.37947304553589,1.26814661675691,-0.28361908940932,-0.482192055998123,0.8110054093379,-0.357910684579857,0.752760921550722,-0.0383141473363703,-0.412525822025647,-0.208823118913215,0.344832725150856,1.09143473162108,-0.686512742633337,0.0758089204336296,0.0338647378770195,-0.83285502022751,635.1,1
17187.0,1.08837493830851,0.898474023721059,0.394684329076182,3.17025757451452,0.17573879687403,-0.221980885195245,-0.0229887284923858,-0.0108735366656839,0.860043617194172,-0.592472935320844,1.07272839973578,-2.54755681422931,1.23595005675711,-0.330305803751441,-1.02235437464957,0.335642172519614,2.29899822072815,-0.1620962094812,-1.53270721248432,-0.217358192249005,-0.423553904215867,-0.800852284805578,0.0776144554303444,0.167608452574198,0.350181817443194,-0.118940929478619,0.0129477659306532,0.0542542721018558,3.79,1
47923.0,0.364376991240021,1.44352346510311,-2.2209073739296,2.03698508634993,-1.23705503097364,-1.72816100636381,-2.05858236489925,0.358895084111675,-1.39330570864802,-3.50579032571994,2.81431415481622,-3.34217599575955,-0.150269366634614,-4.82032224395007,1.10260955786246,-3.15703267184314,-4.40585022452865,-2.55882785118576,-0.208809536741974,0.310979602822284,0.402729680639885,-0.132128891527171,-0.0329771760409112,0.460860836846427,0.560403798330262,0.409366102366135,0.539668285308506,0.296918378210685,0.76,1
75974.0,1.37418359271385,-0.954054253964046,0.28026496078296,-1.50728640042698,-1.07488528766753,-0.365596599641528,-0.730120023384687,-0.0815452958069027,-2.47787235553856,1.5079180425559,1.74864398269557,0.502391358411691,1.31232066505388,-0.0935122948601961,-0.0537701537817913,-0.56867567830476,0.535026818240702,-0.646690015444011,-0.0619739965316068,-0.221970775221883,-0.534462690105261,-1.27251875546216,0.265648309329089,-0.0484253481589769,0.0032670513799669,-0.635907270462366,0.0300168134492404,0.0192286391683532,49.0,0
33983.0,-2.59664876813036,-0.279598105556567,2.7299671253772,3.09114076804511,0.27443696133784,-0.216281470637061,-0.594011190785879,-0.0016433953735861,0.0309005506537525,1.97578146155117,-0.435067870962346,-0.699784613301995,0.128196849478304,-0.668709332707806,2.15726051164968,0.505949041147066,-0.435673459654937,0.757114063234067,0.458692138382454,0.169253252434725,-0.0212055724625644,0.799561759553831,-0.077438174093277,0.42637458677933,0.178265412732477,0.386979692347371,0.0263826604017868,0.779976534517982,34.23,0
93860.0,-10.8502815883108,6.72746568826853,-16.760583409542,8.42583167857118,-10.2526968683093,-4.19217104406337,-14.0770860104531,7.16828793346092,-3.68324217370244,-15.2399619587112,8.03070840755191,-16.0603057628826,0.270529742348469,-14.9529810390579,-0.241094883743813,-11.866730636746,-15.4869899240937,-5.74865155747378,4.1300314273319,-0.646818272966729,2.5416369467068,0.135534921100722,-1.02396689219897,0.40626452579196,0.106592778669641,-0.0262323892202069,-1.46463002356247,-0.411681819907858,78.0,1
93853.0,-6.18585747765758,7.10298492227346,-13.0304552638937,8.01082339822486,-7.88523736131971,-3.97454999359808,-12.2296077786617,4.9712317023058,-4.24830701294998,-12.9654812039222,8.68830799242781,-17.1829184301947,0.0695769150313325,-14.1161560074304,0.959031717400206,-12.3753337375636,-18.716764511809,-6.52201457322122,3.51795494036344,0.483930108481186,2.50277241039945,0.481691289576756,0.480957977547458,0.360318638811951,-0.293354295977635,-0.199193157971208,-0.203917328209747,0.398927185850218,44.9,1
152710.0,0.0510754846328574,1.31042652386526,0.733222065309853,2.62028192286183,1.40235761449282,0.528488564738172,1.08601442622803,-0.146422713225732,-1.72433297471822,1.28016674259048,0.470864719590572,0.43554195900858,0.594974116113431,-0.142098601080574,-2.02473460275883,0.828290651436422,-1.27478714656577,0.134277305184542,-1.48943421708841,-0.125876996990695,0.229936134951611,0.766926566765976,-0.189623667620704,0.766852957965077,-0.141400750027805,-0.0772779620355944,-0.29759539535716,-0.221816034161724,2.47,1
143438.0,-5.25643383358625,0.364541282922338,-5.41208501568175,2.40003149118237,0.697301198779903,-1.99875502849663,-5.83553244176087,-0.887739383363895,-2.82828664079509,-4.61450773315675,2.71069667870109,-3.15815569757752,1.0836091478793,-3.41515194777416,-1.05387003179712,-3.75103073303678,-9.26164098662644,-2.95516522195402,0.606570797159568,-0.403684910413759,-0.648259076792221,0.511284975320154,-1.11004452267604,0.178986970607497,0.22023534750991,-0.699808550320153,0.580486716857456,-0.173629869645159,8.9,1
53658.0,-1.73934096431325,1.34452078912347,-0.534379047474665,3.19529149873811,-0.416196142475576,-1.26196066822182,-2.34099093949748,0.713003645507275,-1.41626499933122,-2.9966693020716,0.747478135782509,-4.59661151187479,-1.92775970193864,-4.75707449850737,-1.2478148188713,-2.53549425081321,-5.35646454386042,-1.97474852459452,-0.603726269220942,0.0027494784537285,0.38318010845642,-0.21395221812466,-0.336639824887574,0.23707630076775,0.246002931555889,-0.044227636498999,0.510729074882634,0.22095159365596,0.0,1
50417.0,-4.92020242108619,4.22907176770378,-3.99126236736237,0.775194753668777,-2.32402786552341,-0.752044204072179,-2.40336962868554,3.78402560989503,-0.978206111965399,0.485391303202816,0.0126508907452263,2.3718476447362,0.966692923830166,2.91797034203393,-0.0116769307608366,0.39866268556581,1.1669160853224,0.191612783305888,0.240116762359115,-0.3367830928683,0.39457880580635,0.579826570323835,0.5871308612922,-0.30036614751466,-0.248031901379313,-0.368603152985096,-0.361570327509218,-0.0937075922816799,1.79,0
137672.0,2.26290930449044,-1.6849142416857,-2.13757946276712,-2.58787578657724,1.00589697451464,3.56102916822092,-1.80241202698396,0.863340445248546,-1.26254195707813,1.57364226319352,-0.235862985285733,-0.706098414332902,0.361331946489452,-0.316267042392551,0.283477082490372,-0.579241133529331,0.381148788956322,-0.183298915798402,-0.314149645326846,-0.34906171185941,-0.157087126239544,-0.0427879707828906,0.289371685491418,0.68409848386281,-0.214474919613163,-0.157844838752252,0.0402630815423241,-0.0520910090203637,19.6,0
56539.0,-0.746548148185753,1.23810929170882,2.15209234842611,2.81832854066526,0.151412127609012,0.795003454529962,0.269415396756059,0.190332142395133,-1.21157149151001,0.812253997756808,0.409662343863912,0.250595052279222,-0.189539053023143,-0.0517207286745813,-0.75152081834861,-0.383279857012671,0.14056647789835,0.454972198664809,1.66156065672257,0.112959174806362,0.0455452259406894,0.205023978965694,-0.375429304415024,0.044449554994239,0.313126437627012,0.339364022015233,-0.187432894536087,0.0881932958261342,4.56,0
47982.0,-1.23280412810524,2.24411874456383,-1.70382579275654,1.49253586483501,-1.19298516971563,-1.68611021267902,-1.86461150490967,0.856122313785725,-1.97353527775248,-3.94238290411726,2.40165068027699,-3.39426561777896,-0.145161724970334,-4.32979551307589,0.758760885824274,-3.19904647594093,-4.48018356526203,-2.48566878350317,-0.0958074336903356,0.207889301735382,0.560475065574211,0.165681717805126,-0.0137535165177887,0.474935180269258,-0.218725074414735,0.302809125708237,0.46603094153746,0.250133538809307,0.76,1
13126.0,-2.88004235163471,5.22544230971559,-11.0633302799459,6.68995065770063,-5.7599239886738,-2.24403079081521,-11.1999752166959,4.01472180864313,-3.42930426351801,-11.5619497720699,10.446846814514,-15.4790524832016,0.734441608104148,-13.8837785491112,0.821439545395249,-11.911483017197,-18.1030037037729,-6.83783453880068,3.12692935212663,1.19144396640797,2.00288287701632,0.351102064721284,0.79525514045211,-0.778379381413672,-1.64681511254223,0.487538823287331,1.42771309550336,0.583172486219188,1.0,1
143872.0,-3.72976743146343,3.58623770127946,-3.56836358036381,-0.625161472357384,-1.66480064455038,-1.09283041610209,-1.72863266664886,3.12243136564981,-0.215920291203808,-0.363346437425823,0.0859831584549646,1.34902347856188,-0.506309581975412,1.15160741393646,-1.02723776637015,1.27303013178776,1.3367907903187,0.508473444420381,-0.202393921888489,-0.0261121751497589,-0.178512360390643,-0.997888807642622,0.473714206840263,0.615361944087971,-0.038488271095674,0.129409434589764,-0.0225686787005113,-0.0260874959216905,8.99,0
152463.0,1.89513445387152,-0.765317875923523,-1.97153350560776,-1.03532303979419,0.458777792079271,-0.0239761011355256,0.168067937475294,-0.138007058041825,0.806878321015468,-0.311219098286141,0.13180352568397,1.25064356614878,0.761353952620894,0.257005518922029,-0.516377036404802,0.0110411410718921,-0.755398988183323,-0.0745857194010464,1.35376416649667,0.174914098065281,-0.219396741077684,-0.758978260705757,0.0709367445984453,-0.293480848960643,-0.145831409548092,0.406837912670932,-0.111891976072635,-0.0571995939472319,132.0,0
45463.0,-1.47689343619361,2.12231379246165,-1.22946956041319,1.20184879823143,-0.343264387787516,-1.31770390932283,-1.52814215893659,-0.620953383361586,-1.21304032250238,-2.97526724837752,3.53221960237349,-3.68263987014104,-1.15477748628793,-5.16522922685485,-0.240091425455286,-2.40492728839102,-5.67173864053893,-0.99429395124741,-0.289935891439032,0.276893466308702,1.18603560532412,-0.0402148700651311,-0.238930086824211,0.110144325976026,0.0454183699836296,-0.56923231725429,0.481018701576887,-0.0475554426964208,1.0,1
68032.0,-1.26725272908231,1.81550935161951,0.462275307693079,0.0910318922014435,-0.596431298487578,-1.0941554689427,0.0286230430616845,0.757141621537619,-0.622534786223937,-0.667488681913479,-0.392870764653888,0.545413107098297,0.798758710773798,0.0220738795561124,0.773215867718244,0.584536207204394,0.302542098763294,-0.145685043913003,-0.132502033504186,0.0528161203630714,-0.205671540649508,-0.691690802598692,0.0860131967363413,0.340113187438883,-0.044541313079889,0.0798618931495955,0.115400980996164,0.0217796283096493,10.02,0
58060.0,-2.63059770314604,5.12575923008793,-6.09225454651378,5.52739306209755,1.60514485494011,-2.31988352953118,-3.20707570564086,-1.48258321071708,-5.07487063178104,-6.77833138248069,5.72525459149638,-6.94917182528041,-3.12779501198771,-11.090424813263,-0.800272569362332,-1.70750085360527,-1.68547301699574,0.274890838662414,-2.02888535240153,0.948863770149954,-0.527474204141788,0.220546094514546,-1.37110989476897,-0.504898994517705,0.382306792598482,0.395527722278956,0.782035950782542,0.62852786395406,1.0,1
42985.0,-4.07597468486268,0.963031254092613,-5.07607019842086,4.9559633578155,-0.161436852450419,-2.83266299767191,-7.619765445461,1.61889544068454,-2.99209215744034,-7.14219911358407,6.27866584548672,-9.40706094796316,-1.81887396082411,-10.7395718907673,0.224206083734093,-8.42708279627514,-13.5021528919623,-4.71296758855481,2.6304759946371,0.0588612515023862,1.03073825203134,0.165327776328984,-1.01750231442165,-0.477983380813876,-0.304986825039416,-0.106089275128594,1.89971434181658,0.51146170682063,1.0,1
41870.0,-20.9069081014654,9.84315322329519,-19.947726046163,6.15578864849515,-15.142013159868,-2.239565648142,-21.2344631540976,1.15179506554623,-8.73967037069304,-18.2711681738888,4.67734929657245,-9.58356643737056,1.03516582361622,-8.19969002891841,-0.32651888245129,-8.37643882097816,-18.4854603221489,-7.58997395860914,1.1266403652792,0.396654845079575,-1.97719619445615,0.652931885295435,-0.519776859411322,0.541701730134149,-0.0538607606750096,0.112670774311131,-3.76537100922261,-1.07123831223447,1.0,1
48269.0,-1.20224467990862,0.715587529518229,1.93084868419179,0.876225404829316,-0.26118727360966,1.49950895840196,0.177416627104079,0.0384513525677057,0.492913147273326,0.701066513798362,0.331468141210024,-0.372064769902951,-1.17412877985389,-0.294597626015093,0.795116508578269,-0.10911634860242,-0.392443851853411,0.88929176521571,0.954404194707298,-0.208239758201828,0.207387207555747,0.780998197578829,-0.441072246765891,-0.805154441094228,-0.177468232598528,-0.15414844264405,-0.736576335710303,-0.0695753495490274,87.0,0
28692.0,-29.2003285905744,16.1557014298057,-30.0137124857248,6.47673117996833,-21.2258096535165,-4.90299739658728,-19.791248405247,19.1683273897301,-3.61724178604255,-7.87012194292549,4.06625507293473,-5.66149242261771,1.29295014454242,-5.07984568135779,-0.126522740416921,-5.24447151974264,-11.2749725851252,-4.67843652929376,0.650807370688892,1.71586182428358,1.8093709332884,-2.17581520342142,-1.3651041075509,0.174286359566544,2.10386807204715,-0.209943999130567,1.27868097084218,0.372392714338541,99.99,1
140422.0,1.66209948143669,-0.107599463569461,-2.69285601886059,1.40896160260038,1.11218172653584,-0.313390062626136,0.815622228565383,-0.215913469820812,-0.151955953124285,-0.282904588863089,0.785626323055533,0.653186682090236,-0.0900356674981472,-0.817643255863841,-0.9878854025214,0.114839551938897,0.585727240660409,0.690292735078152,-0.0338694032553753,0.186145495941026,0.0972424964959567,0.0430214164063805,-0.223100075287675,0.111272955080654,0.448294483460429,-0.532354905866583,-0.0393108511414336,-0.0043612430438454,192.22,0
472.0,-3.0435406239976,-3.15730712090228,1.08846277997285,2.2886436183814,1.35980512966107,-1.06482252298131,0.325574266158614,-0.0677936531906277,-0.270952836226548,-0.838586564582682,-0.414575448285725,-0.503140859566824,0.676501544635863,-1.69202893305906,2.00063483909015,0.666779695901966,0.599717413841732,1.72532100745514,0.283344830149495,2.10233879259444,0.661695924845707,0.435477208966341,1.37596574254306,-0.293803152734021,0.279798031841214,-0.145361714815161,-0.252773122530705,0.0357642251788156,529.0,1
83003.0,1.23730525498412,0.18305950614932,0.390842328201264,0.427562356007593,-0.262032909309249,-0.472542753252233,-0.048753254648197,-0.0345140503247777,-0.188226845543368,0.103524968975275,1.1840122683742,0.933585628099553,0.259776725800789,0.422057546655625,0.359599185910113,0.59704063456597,-0.791844392155052,0.0647008385367755,0.294184863778402,-0.0692867739917016,-0.226710934937622,-0.696736864323798,0.0829334848855127,0.0100098328781184,0.229893018967619,0.0967713262445479,-0.0339144029912935,0.0058834717116436,3.53,0
28500.0,1.23285763974828,0.214358262484978,-0.288756330441956,0.241342992796534,0.304236053667156,-0.434083037255024,0.400525710784451,-0.176942031805385,-0.509947208392512,0.0764808366790801,0.882961936047304,1.10705597753915,0.858877182668322,0.484404027756103,0.0406399886195005,0.432632251695767,-0.843101386579935,-0.203524372851548,0.693437683685368,0.0532170829791464,-0.35688565743154,-1.13605108852957,-0.0073031309484438,-0.486866904571694,0.379212533749814,0.166208845148781,-0.0702790827998171,-0.0015088438667433,40.9,0
83285.0,-0.895898256658895,1.47009331427624,0.963197174524112,-0.240368542402812,0.344629946298114,0.354060429231014,0.0430730738803614,-1.36881048100533,-0.593805217358394,-0.266667378190401,1.501389927296,1.02857669414249,0.628812344747842,-0.290829968775809,0.369685460563182,0.367842888225601,0.0085296237232456,-0.0311721503928739,-0.0723106896251258,-0.190602741426094,1.32575197278614,-0.994403027007005,0.181035050198934,-0.371536701651844,-0.161133933891171,0.115212189176443,0.335690041488043,0.0961535109100735,8.52,0
150139.0,-6.68283191622627,-2.71426804459821,-5.77453045690806,1.44979237466742,-0.66183640822251,-1.14864974026029,0.849686456067088,0.433427022470355,-1.3156463890999,-2.79633153858609,-0.448793725596362,-2.56260240774572,0.243482526844698,-1.18166939064494,0.004372871675287,-2.3025956900034,-4.446191868553,-1.71046314846621,0.982728632705372,-1.92852719254856,0.22052629481591,1.18701320438743,0.335820816532534,0.215682964100827,0.803109991522633,0.0440333423786634,-0.054987627978561,0.0823370925160337,237.26,1
129500.0,-0.770691511878482,-0.0745823298023814,1.47652753269757,-2.78698171146436,-1.01326829696873,-0.510610382389275,0.737428460231619,-0.0789957281957526,1.61892421239111,-1.9934255245494,-0.894943824395826,0.266219889352983,-0.211036088964362,-0.330804551146211,0.799936799358062,0.0084286668546682,-0.649039203767288,0.291962186602013,-0.161895333746395,-0.177648560679978,0.117942668093864,0.478691042162788,-0.0011696911873093,-0.0023900180290756,-0.233815373095698,-0.44401482788181,0.0893817751034893,0.111644209762904,144.08,0
69861.0,-0.290012024437115,0.797642874413405,1.60941950486655,0.546491605440814,0.37842869638485,-0.579976837834839,0.95045810591149,-0.244216820125692,-0.436077740192107,-0.244265494859308,0.0402260880865071,-0.0575554036742406,-0.260616407590218,0.136707031325566,0.979313183702288,-0.507390956538476,-0.112834866416969,-0.552756111106747,-0.709131696148428,-0.0221777938871968,0.109124734523239,0.47994020358852,-0.172947515577645,0.401628793671885,0.111782821019834,-0.387525980520764,-0.114515312897783,-0.194929503108487,15.0,0
126325.0,0.106705616435814,-0.954704287256776,0.920061435357731,-2.22662906325037,-0.637654866686499,-0.671939510479308,-0.236380191760701,-0.229227979889264,-1.97766850233516,1.39652536159987,0.500772698475167,-0.959988315659157,-0.614284253379826,-0.30892818517209,-0.985554333911511,-0.661250707135201,0.295951095197095,0.655741909346575,0.464833045595231,-0.184836760596698,-0.0236952806080887,0.412259312626212,0.139764043244414,0.0319557777384476,-1.04455447488251,-0.312227328381981,0.0586657187389057,-0.0014913129531185,41.8,0
154657.0,-0.679520574101316,4.67255275192187,-6.81479843997791,7.1435001202707,0.928653839059275,-1.87301315334323,-2.30668902092068,0.993701927710531,-4.94405415592679,-5.57641879575659,5.78365443891613,-6.11770391144604,0.61416484095298,-12.451498657048,0.42715247782648,-2.2558538072409,-2.12802655387511,0.706765028987081,1.09382579750391,0.872005531266124,0.566848531943877,-0.321691497752809,-0.281324568300744,-1.12025603826283,-0.0733943446607603,0.553530429860346,0.760541928111246,0.386741821030101,0.77,1
144839.0,-6.42330645645221,1.65851450876035,-5.86643956435658,2.05206440242466,-0.615816842763718,-3.37226571107575,-5.03655575494585,2.64310601464633,-2.27463004673333,-7.04922935969585,3.9168025570096,-4.48127959922503,-1.02747932747206,-7.11387278226069,-0.852775229881616,-3.83955997447082,-5.05600998750159,-1.34449753083319,1.14847293881065,-0.713515810779757,0.641210915884323,-0.256678382381229,-2.33723276414845,-0.158277898470348,1.19879744465828,-0.261257806694643,0.78012548401824,-0.731800816194097,0.0,1
75851.0,-4.79366743133161,3.41891065333381,-5.07444453285381,4.03598694267746,-3.52787459906065,-1.92324150219959,-5.06598083804842,1.99688475994042,-3.09737916358313,-6.44720227383046,3.77557843937585,-7.49878345527601,0.231306922054262,-8.65826843157538,1.34330765668858,-6.17333085967808,-10.7080182544535,-3.50489419159365,1.88404425730219,0.342122343012083,1.16861781897539,0.289530903898366,-0.371888203724815,0.144761276597316,0.0847348250689305,-0.19743147093529,0.328671522253493,0.835394921353057,99.85,1
12095.0,-4.72771265581559,3.04446910225824,-5.59835426695611,5.92819080241929,-2.19076972938784,-1.52932296564747,-4.48742195988547,0.916391814103266,-1.3070104231933,-4.13889121357616,5.14940878300581,-11.1240186070579,0.543067765541171,-7.84094220494304,0.743633944785042,-6.77706923974191,-9.93176515376766,-4.09302112201074,1.50492485905709,-0.207759445103882,0.650988236282379,0.254983288954681,0.628843468802127,-0.23812845429317,-0.671332331960485,-0.0335900627800998,-1.33177732223058,0.705697590023144,30.39,1
102489.0,-2.29698749921502,4.06404334190313,-5.95770634516933,4.68000806392241,-2.08093759960382,-1.46327216002463,-4.49084686931735,1.02924628254192,-1.59324925133839,-8.99381088354112,7.86446740028511,-10.6498396512844,1.82659101647783,-12.9136317373077,-0.766330314740752,-7.95409770929125,-7.80963509977466,-1.71851117214548,3.83298514230067,1.26495379665956,1.08908418394041,0.975397809530551,-0.62553033358642,-0.535180928107126,0.247435028956319,0.160399507909509,0.969581605226584,0.335041293733825,104.0,1
69244.0,-0.671939089779224,1.24986130155639,1.03262592819366,0.72488640971135,-0.188462278183351,-0.262853596771369,0.135750517047243,0.578856492748328,-0.802641533996785,-0.110529752880424,0.795588802946355,0.472615725532187,-0.343169173427164,0.810267538965762,0.541586189332126,0.320452357535984,-0.407398031726067,0.591560267343663,0.870116042287897,0.0495604028488266,-0.127018904837252,-0.4774656549944,-0.0041473784120784,-0.0489068694562132,-0.0665392521924101,-0.546903561658831,0.181574570750444,0.0212047539210749,9.99,0
147501.0,-1.61187733763361,-0.408409922870926,-3.8297616763406,6.24946176104187,-3.3609216090486,1.14796358238383,1.8584248531717,0.474858318489524,-3.8383988155266,-1.44537495699985,2.11390001406861,-3.25970246526323,-0.315347339360454,-1.80810297319338,-0.741877295217489,-2.98692008764678,-4.81586301103402,-1.27165458831756,1.70168502365985,2.42567742975765,1.24558218578459,0.616382702131439,2.2514388799998,-0.0660963924813517,0.538710327489417,0.541325493308062,-0.136243382191672,-0.0098522563228139,996.27,1
32641.0,-0.677804715040993,0.825291812672583,2.44963162926201,1.378948796633,-0.0066913957949149,0.683209956736002,0.307175935345226,0.357546986245475,-0.709961714990773,-0.0675366833903936,0.242081958784801,0.728120966218695,0.372022096579014,-0.47178085998029,-1.80736345523813,1.1020470366022,-1.13748767997123,0.439367927953163,-1.13863833612414,-0.0841121378733558,0.084615940933596,0.246047767055297,-0.0710065082305069,-0.0176915607597622,-0.331227551561067,-0.273235582160801,0.134633926433001,0.14667604018189,37.16,0
165981.0,-5.76687873469586,-8.40215367768915,0.0565432462509224,6.9509829448522,9.88056402552862,-5.77319176920948,-5.74887919911031,0.721742893680168,-1.07627357886614,2.68866993252224,-1.47514531556892,-0.0504679838548109,0.11350047541885,0.98434361557577,0.363968739240705,-0.674356809209657,0.327463514418321,0.0914699151148088,1.30794073758635,2.49322389130791,0.880395096548056,-0.130435547668829,2.24147141354365,0.665345536539228,-1.89004142193457,-0.120802763842984,0.0732685585796402,0.583799418317518,0.0,1
109898.0,1.93928220103264,-0.10679756666614,-0.906825934224982,0.673296284886692,-0.0920002833852543,-0.39528892493814,-0.476645154012697,-0.0873123633448564,2.27887923638738,-0.856729045744173,0.281755274916573,-2.55222271482869,1.52166818388467,0.224483847841888,-0.0233235251503972,0.858078916063213,1.05355378466151,0.452392103844306,-0.374483261283911,-0.10057930254963,-0.470937054498716,-1.13476179846869,0.407554797573753,0.389930527274137,-0.621780435343381,0.0532464335516528,-0.0574966195216088,-0.0104884290233585,48.9,0
97442.0,1.92337483320108,-0.645473518396338,-0.140805027568464,0.251646190509483,-0.569143108093502,0.567879491996912,-1.1752023431973,0.266623995942217,2.57779108368094,-0.211218945765843,1.1091202580385,-2.20386121451622,0.900059145630431,1.45855091261458,-0.478503936271785,1.06110692044446,-0.31409521953745,1.12736382402108,-0.0150239328926543,-0.163665445473716,-0.0991053166674488,-0.0677374296008754,0.274720315082031,0.133908420150842,-0.605477416984973,0.422360855064318,-0.0602892136844977,-0.0495881704345108,39.0,0
170348.0,1.9919760961759,0.158475887304227,-2.58344064503516,0.408669992998441,1.15114706077937,-0.0966947441848027,0.223050267455537,-0.0683838777747007,0.577829383844873,-0.888721675865145,0.491140241656789,0.728903319843614,0.380428045513993,-1.94888334870021,-0.832498136300872,0.519435549203291,0.903562376617253,1.19731471799372,0.593508846946918,-0.0176522567052908,-0.164350327825504,-0.295135166851559,-0.0721725311018398,-0.450261313423321,0.313266608995469,-0.289616585696882,0.002987582243429,-0.0153088128485981,42.53,1
148479.0,-1.541678492331,3.8467996764866,-7.60411417332843,3.12145858452036,-1.25492417272895,-2.08487507838532,-2.38502692521029,1.47113982318282,-2.53050724987995,-5.17565967956169,1.92718574923744,-6.01115469172088,-1.19560144211912,-6.74556131619148,-0.0580910805508333,-4.3251322468452,-5.55806727496643,-1.58053122025709,0.971906321717639,0.114760087792356,1.09640466568909,1.0642221648192,0.0653703316207609,0.257209437635477,-0.693653969054163,-0.335701711683891,0.577051520346345,0.398348367999506,122.68,1
13323.0,-5.45436177939673,8.28742055534983,-12.7528112729386,8.59434189301081,-3.10600228114338,-3.17994875686414,-9.25279393795831,4.24506220985367,-6.32980084623466,-13.1366983691039,11.228470279576,-17.1313009454468,-0.169401056814124,-18.0499976898594,-1.36623566099065,-9.7235653091894,-14.7449024646768,-5.24730110631125,-0.574675143795817,1.30586191483437,1.84616479291417,-0.267171794223081,-0.310803969751621,-1.20168545799806,1.35217609502433,0.608424596360403,1.57471478384204,0.808725205090233,1.0,1
66424.0,-0.241345536401755,-0.73912524820061,1.63544780765739,-2.41919497946011,-1.32670936904271,-0.277404813161983,-0.33593157462078,0.0642265013542273,-2.00133792158119,0.678820910118969,-0.605297257558542,-1.25081134895932,0.141145644221411,-0.569713732732457,0.376199481493426,-0.1673612457082,0.334305686142754,-0.011261808926575,-1.56661439968687,-0.266516651664949,0.0954459308353821,0.494405163358962,0.125954847352329,0.0415623545746889,-0.218885381540987,-0.286316110168741,0.0641502661084451,0.0503154338075272,88.0,0
28242.0,-2.78724793061533,-0.0713403777285035,-1.50528777523306,3.36177713733967,-3.35742166883665,0.565834734346537,0.303653111125521,0.966914484943676,-2.24588195188782,-3.65142656863483,0.987277021963291,-3.83478156926117,-0.961354142524746,-3.18216808481143,-1.1260022842247,-2.95430081252595,-5.84121800175148,-2.91043029785417,-1.15585017273094,1.60739677185147,0.882940442444742,-0.246201930041865,1.75222678458672,0.219924964544368,0.15628169505776,-0.265894317684036,0.220694023253282,0.256076869786525,730.86,1
41.0,1.1387593359078,-1.19295282747355,1.40713083554771,-0.330070103385594,-2.06950346000893,-0.242175406330976,-1.30663511427275,0.104510402617049,0.1346282320753,0.493931277386145,-0.8951875984556,-0.182695452453829,0.146080827117795,-0.586610838748991,0.797189022079305,-0.891720829484445,-0.0792078211726979,1.54158849386504,-0.983586179206678,-0.299307434385076,-0.156198371672557,-0.0305687768825267,-0.0197233842526695,0.433752601084651,-0.0295214595585981,1.14124130155645,-0.0086120603172964,0.0415638961546465,96.94,0
49228.0,0.645659734009813,-2.48118985714546,0.704917839042108,-1.11513227752079,-2.28866560666945,0.107127123421789,-1.13080331465914,0.134852113882769,-1.69933404801201,1.36595975894032,1.49811357290898,-0.346102103177149,-0.0719722166961489,-0.14505749240622,0.59913080088322,-0.0733997660792516,0.466687518751253,0.450676107324723,-0.71371442052772,0.393121302114904,0.173296621059943,-0.0002045218981999,-0.198816972006359,0.198849258079952,-0.120887385216101,-0.258726514138223,0.0013209773589076,0.0873598954926589,392.9,0
129095.0,-1.83693980524096,-1.64676405421121,-3.38116824152195,0.473353567439937,0.0742428680588724,-0.4467506984682,3.7919065488031,-1.35104516710281,0.0951859632710584,-0.0844995591396119,-1.54230486820434,-0.540534807018906,-0.27207903913702,0.712541142762088,0.234979844917,-0.907666065803548,-0.391051374531861,-0.0347191590047466,1.08428646665042,-1.58614369731197,0.0106634770821352,1.78668137304358,-0.151178223750849,-0.582097763853728,-0.956061535679488,-0.334368991860647,0.715600326403013,0.370449747000955,720.8,1
140293.0,0.95102521866626,3.2529263650346,-5.03910474036957,4.63241097983647,3.01450127957475,-1.34957013831981,0.980940271596384,-1.81953945591171,-2.09904890456221,-1.34755671450971,2.68057817990216,-1.4629451764881,-0.705397068056644,-7.44529583374444,-0.561331521951524,3.13965565883069,5.66542906834794,3.79031621184375,-1.90979861946686,-0.381443722292837,1.40452405829287,-0.760549175070266,0.358292341700385,-1.18594156446759,-1.28617671637574,0.0003653025161088,0.16966196162803,0.108275693217457,0.77,1
76867.0,1.08256623409747,1.09486151295003,-1.36702004784737,2.01255429562949,0.708142047645968,-0.807712094137058,0.151952109111841,0.158352530916403,0.0098722842273316,-1.92527812380296,2.60593702345612,-0.309218873424363,-1.76754891562268,-4.42919458671376,-0.171939794624445,1.05551393649543,3.9705869371836,1.76224857169611,-0.880812102847679,-0.135789404251701,-0.32528376499397,-0.734343617700577,-0.106725343342181,-0.224999064492694,0.569167327221417,-0.33503264926341,0.0891401408869493,0.11233722000597,1.0,1
9064.0,-3.49910753739178,0.258555160773118,-4.48955807274398,4.85389435139681,-6.97452154477167,3.62838209065084,5.43127092073166,-1.94673371078472,-0.775680092900109,-1.9877731876087,4.69039566550924,-6.9980424321007,1.45401198637847,-3.73802333366749,0.31774206255503,-2.01354268083989,-5.1361351026702,-1.18382211654359,1.66339401354543,-3.04262575715977,-1.05236825623151,0.204816873569406,-2.11900744010783,0.170278608305444,-0.393844118118335,0.296367194488607,1.98591321801306,-0.900451638402827,1809.68,1
120694.0,2.15404844556572,0.146670173165787,-2.18339367444648,0.231480110890607,0.853571690963882,-0.984506203631973,0.704601481091738,-0.491090969635663,0.0499696653173961,0.141723155557655,-0.989679476518875,0.539188657431048,0.740991432884389,0.39292263547799,-0.362760077199061,-0.573338015901341,-0.269020316492082,-0.74432544698701,0.248932849916302,-0.15643929864608,0.0813542746694596,0.451738282511049,-0.0415720903355278,0.578622757202936,0.465306400679507,0.693639349518888,-0.112876867294881,-0.0795622541367554,0.76,0
94094.0,-0.476082812277868,1.77398895328439,2.12762683991756,4.5075772800687,-0.224428597668695,1.52916495429379,-0.698580034905067,0.783827899618263,-0.534456396550476,1.0618089382512,1.16426286399058,-1.71274481211243,3.27738652687151,1.33861594458273,-0.770693348049836,0.608894939097409,0.444329251724676,1.24688276652833,1.17412243697783,0.252763711211104,-0.0040392582978826,0.414630320843641,-0.0076493446892791,-0.385324388414037,-0.855407881045797,0.207047838902725,0.360077270794748,0.191967471449131,0.0,0
102114.0,-28.2550528932108,21.4672029942752,-26.8713387797136,11.7374361361796,-17.9996302850189,6.0659013519233,-41.5067960832574,-38.9872627434095,-13.4340663182301,-24.4031849699728,3.40932261990014,-9.60826735632918,-3.07631796817408,0.240060357919937,-2.83667693195872,-6.594756991638,-12.9575309948449,-5.61352195004329,-0.248828402209821,10.4407179813405,-21.4537362781468,8.36198519168435,4.90911112135878,0.0983279449493119,-1.50873912052995,0.0087112904784173,-5.4078236392388,-0.183811044930697,0.0,1
64071.0,1.46586368305204,-1.15155135039161,0.441787196379071,-1.31531184144751,-1.43141752979733,-0.239680162101385,-1.10507040140684,0.0057312460270133,-1.68339314206155,1.46679193824912,0.552101915625407,-0.152792325108205,0.108498712044849,-0.414903732368967,-1.27311544870889,-0.596939032012788,0.567769494408817,0.200113782136457,0.590676427364938,-0.33393534982756,-0.370326148482297,-0.572709172047383,0.0104782736416672,-0.0102565914604229,0.416525130873318,-0.266382247694802,0.0347612871700248,0.0068431046327014,18.44,0
50706.0,-8.46184470133154,6.86619841481805,-11.8382692206767,4.19421096699453,-6.92309709702798,-3.22114664850055,-7.55349651116055,6.015618186942,-2.4661434402463,-6.24624318477127,2.94398521977131,-6.51238933713471,-0.698175946764313,-7.54364593187217,0.92645528395257,-4.3302948063467,-7.33969796421674,-2.55090085394741,0.645904895509124,0.814710155897088,0.918244480856236,-0.715366336614015,0.210747336284603,-0.0602114737129364,0.509534595479059,-0.257283692851139,1.17002651560613,0.229300914797861,99.99,1
93879.0,-12.8336314219519,7.50878980635543,-20.4919522106577,7.46577999198461,-11.5753037055975,-5.14099947650773,-14.0205637048257,8.33212047126021,-4.33771253089739,-15.5637913387301,7.61081978841573,-15.5923232225286,0.504789055226229,-13.2478885958622,-0.796526030140245,-10.3423283585648,-16.0445243414767,-5.8821359384126,1.57369789640089,-1.37892322363159,2.96684240389381,0.615344322057327,-0.766494757432984,0.431261005079751,-0.104974994617143,-0.0100913270781415,-2.4008113496639,-0.720556600051925,104.03,1
26931.0,-22.5616992591298,13.2089042844176,-24.6438187771226,6.23253182330679,-16.905611362323,-4.49743871970001,-16.8101841919321,14.9551067734604,-3.87129682308601,-8.58126551626339,5.25698760960799,-7.39361499215009,0.538800829120431,-7.57755201800709,-0.030725531904052,-6.45478323655342,-12.8456565242928,-4.86591773720169,1.06244185030067,1.62144422472126,1.76598663639159,-1.6355166467436,-0.998316503452087,0.138972227361725,1.55935014018173,-0.22212451669,1.5044246600224,0.445919826109776,99.99,1
20332.0,-15.2713618637585,8.32658106147414,-22.3385905133352,11.8853128922128,-8.72133435613386,-2.32430694897567,-16.1964186599881,0.512881820424485,-6.33368515594745,-13.175198078736,9.93981974172569,-14.2254557039818,0.716033665192873,-14.0047761755606,-0.329447848153274,-8.0594194070953,-12.1220088158237,-4.79971013254961,0.686227163597458,0.993121017282391,-2.3568962794623,1.06801917704623,1.08561716724338,-1.03979707801119,-0.182006136246673,0.649920860777984,2.14924707788821,-1.40681133211222,1.0,1
148074.0,-2.21921860215056,0.727831411106392,-5.45822994652182,5.92484984705884,3.93246382376344,-3.0859842366267,-1.67786998770016,0.865074610405235,-3.17726028894586,-3.41920738405664,3.69317394224412,-3.97843975507806,-1.71859087457346,-8.63629739365259,-0.242964821455265,1.17488417316765,2.13460635695284,2.59436483300614,-1.25758897993879,0.96477180373471,0.41747174595057,-0.817343384056975,-0.0287524020141088,0.0257225108657227,-0.825835343221856,-0.0130890304987416,0.413291188715315,-0.131387346404896,0.0,1
135314.0,-3.15898973247843,1.7654516187093,-3.39016804993175,0.9874099790721,-1.50993036564483,-1.28095213137771,-2.71955696702151,0.718324816575686,-1.66018323527908,-3.8410981507899,3.28282460993431,-3.90687694585664,0.951367704021229,-4.89818303490097,-0.551999608913709,-4.78744841664753,-9.33432947229458,-2.58024865554763,1.50157346167502,-0.0225898632000452,1.12053278888547,1.60508518555367,-0.618637378199115,-0.251282996939273,-0.240527821958069,-0.0043267561942135,-0.2354773111409,0.0181292220019296,84.28,1
167649.0,2.12739480507026,-0.0748474741944245,-1.50191414266937,0.161080669944127,0.413619347857079,-0.525031358871936,0.159153194707828,-0.25157459314619,0.586331707439046,0.0613924998710502,-1.59957133240326,0.202231462195079,0.412267586540904,0.184657575973415,0.145559025420931,0.134051556931972,-0.622438709768996,-0.637203512180628,0.468224666266597,-0.185920303391778,-0.350379004970138,-0.854725275786267,0.21532587743732,-1.05858723147582,-0.167831849722668,0.265509265121207,-0.0678309069070206,-0.070767204337156,1.79,0
148028.0,-1.05383960928927,4.36280068444382,-6.02353363697249,5.30453432323767,1.48073829836025,-2.19382145195429,-1.53081679187472,0.62685742392939,-4.03702140926181,-6.28542447506796,3.53614548208968,-7.95962843222551,-1.67342852339751,-12.4579989307142,-0.213884790193602,-1.42413127138773,-3.24368593233723,0.0599561084626287,-1.80233249695937,0.531574093184742,0.397954323754442,-0.945401782696661,-0.376137523247608,-0.220480420438516,0.264002964525927,0.0489347748109877,0.847219840332403,0.531931799394904,0.0,1
27854.0,1.17869531088296,0.363230710989326,0.312734716620706,1.3885779101429,-0.101971921988549,-0.573607733613202,0.271966988230447,-0.144164685005198,-0.038289133681162,-0.0606990559422415,-0.0522916377971049,0.73938481032869,0.232157819561615,0.209569377206127,0.168385874999915,-0.785549074300766,0.260117117417343,-1.04914187673981,-0.613412846909099,-0.186845655498586,0.0176246909381928,0.273619045053255,-0.0805768853712385,0.428047538940959,0.738467824275423,-0.252344188485958,0.0295091056946977,0.0141543490923736,1.0,0
101597.0,0.91311613528992,1.1453810871791,-4.60287793273505,2.09180337375362,-0.473223859280585,-2.0854358325571,-1.67124403232231,0.0943965856348779,0.337798765397573,-4.4318096317282,4.87197985976052,-5.39522117678937,1.33250215621937,-4.60379669207464,-0.77731354811867,-2.57189156103509,-3.00361530529652,-0.225441388417525,0.252273565031692,0.50898474829098,0.40141574109896,-0.0849334160429759,-0.197684434494785,-0.283271078982557,0.387597335722074,-0.553526986386025,0.516274456782261,0.270828187083758,147.87,1
26556.0,-19.1798264145873,11.8179219897853,-21.9191735807843,6.0862356342864,-14.7088447898427,-4.30888760741835,-15.3579518065836,12.8571650181242,-3.99986076978115,-8.9286556608751,5.8492930661792,-8.26164983722413,0.153829148314596,-8.82935922766409,0.0088788388257268,-7.0709530089254,-13.6297209427085,-4.9588298158479,1.27209136353211,1.572949614923,1.74680154191934,-1.35314876613352,-0.762965072731218,0.117027851903743,1.29799375563032,-0.224825057048525,1.62105238966989,0.4846144027264,99.99,1
65385.0,-2.92382666427262,1.52483716405302,-3.01875803326242,3.28929147538496,-5.75554237361289,2.21827630310359,-0.509995431790455,-3.56944356866613,-1.01659168855188,-4.32053577559936,1.27720226474415,-3.70174966668488,-0.97186959353265,-4.85777667212588,0.0906055221312176,-2.80150199048762,-4.18680753704806,-1.64840609367465,1.1764455977519,-0.447039406719925,-0.511656805196235,-0.12272408639124,-4.28863899895194,0.563796657800838,-0.949451350280346,-0.204532177495445,1.51020648735902,-0.324706012560446,1354.25,1
133962.0,-0.60094818293438,1.62833815766006,-1.07259246217129,-0.126263630888562,0.147981331668293,-1.14473375955606,0.0105859990117604,-1.44248964012597,0.0979786398995986,-0.890709796647091,-0.843390285092008,-0.48532288216938,-0.986807241538575,-0.286866443204405,0.719026650146353,0.207435049404963,0.781588535806519,0.865567758567959,-0.212842858997225,-0.653111384170078,1.87453024380223,0.408058288444333,0.121541452204933,-0.0745350342406661,-0.344734696460922,-0.151787250025468,-0.0694494247658449,0.0464663474751285,1.5,0
48666.0,-1.57249063219118,-0.0595604793024339,-0.320043058680113,1.82465933926051,-2.55986158112315,1.61021366787743,-0.42681440052385,-5.80398203431516,-0.50934249928331,-1.58820574837014,-0.811567878563495,0.687612440398273,-0.646224909651639,0.989835864974176,0.128044632675613,0.0017945472707162,0.448614004962891,-0.383641157438282,0.150093779490741,1.27184148119703,-2.74999099142822,-0.0678697452610531,-2.38612349290954,0.544865562917818,0.255776576427588,-0.382472640639459,0.579459161101299,0.155479907336839,900.0,0
33522.0,1.39350759651867,-0.496591851489682,0.319095462955673,-0.870693760068656,-0.832164419637101,-0.556247521706329,-0.604827753892625,-0.0382548484260878,-1.02269515781696,0.799576766216038,1.1248514495153,-0.137324099498209,-0.108861036256004,0.113191321205241,0.136439925312031,1.49485354273809,-0.138185597506049,-0.915105044294761,1.03785162620512,0.0782079909375114,-0.022281776717995,-0.23052997240125,0.0315460624120629,-0.0639319214168859,0.323685015187491,-0.412140997345718,-0.0016579387616092,0.0054873672751131,11.21,0
37658.0,-1.5526858272203,-0.197842526437439,0.821334902845862,0.336164961627888,-0.0192477918763721,-0.83344070836963,0.550059636358548,-0.0017085908776557,-0.167632905531019,-0.221358275178829,0.0776013164914438,0.352432405732054,0.394105969170135,0.082888765730567,1.04176096301249,-0.0904632508014249,-0.0346025900223909,-0.7796714044326,-0.446559045727058,-0.667465784614858,-0.0948235305610712,0.432732486972928,0.998305701210596,0.430041704177201,-0.301075839214039,0.318410174326174,-0.205086175725221,-0.451286658714625,86.7,0
65936.0,-3.5934760029271,0.78144226309285,-1.82244751422669,0.605760683474701,-1.19465586719981,-0.517194856719497,-1.72252312325165,0.128889523769538,0.0149633080909052,-2.85611682977408,1.61826162043188,-3.58137450130299,0.623706919914784,-6.16045662030601,0.494733399107095,-2.54310504010287,-5.30127339068683,-2.19271270602319,-0.09472379272847,-0.478219313417121,0.351792125839819,0.391248950287018,-0.252874890557857,-0.498042480147132,0.0101721931231225,0.909928721553306,-1.47876724603751,0.722673039450917,101.5,1
87883.0,-1.36029263351035,-0.45806896998712,-0.700403917726715,2.73722917151503,-1.00510597388675,2.89139936351597,5.80253735302589,-1.93319735249124,-1.01771714252211,1.987861862693,0.504116141204789,-0.863430853145281,-0.184450076491427,-1.01691553500414,-1.55941019827384,1.15431268558106,-2.04385766822656,-0.151698807119589,-0.94351353548825,-1.49340137472525,-0.936989532415364,-0.0538115862306455,0.580105893889531,0.216927302487974,0.151642929701357,-0.33211456915886,-0.469800301881959,-1.495005896766,829.41,1
112882.0,1.83795024723861,-0.596720430515881,-0.483761562468498,0.141943368629611,-0.48995215612447,-0.0146498286010858,-0.571277122404888,0.0502416670765617,0.628802565697534,0.157688066855141,1.09831695182194,1.47576072588525,1.20017002379199,-0.0956501604553919,0.106633821055194,0.703724204676613,-0.962315001129973,0.459049030270966,-0.120394563377915,0.0716354691149513,0.281663618183742,0.770337455035915,0.144174075839593,0.849252522400136,-0.356996890764156,0.584596753115902,-0.0508211198152126,-0.036331596220473,79.0,0
44123.0,1.23652238156944,0.0507489434220825,0.619988216689347,0.885167353925553,-0.601859487717209,-0.598562314912976,-0.112942553329847,-0.12281050735234,0.56482197245688,-0.221101822914283,-0.728393660237405,0.660819619303772,0.290629724476395,-0.263425258930189,-0.440510386335402,-0.382659247963925,0.0682407053905589,-0.608129619420813,0.18782014095171,-0.112566503433304,-0.0880729035140506,0.026255165563737,-0.0886592961286208,0.450862555351206,0.600489326840449,0.438123603144341,-0.0124202320600286,0.0105668239868622,0.99,0
91524.0,1.95485173775774,1.63005630331209,-4.33719968092597,2.37836729179698,2.11334786136033,-1.58385066673113,0.65374545254113,-0.192892012453504,1.21760825458778,-2.8290982053899,3.50456779253823,-3.9181998797616,-1.01579192974001,-4.7045087050312,-0.968553075532043,1.85477191713001,6.02439676670687,3.53125033477791,-1.1962847755939,-0.230640095367639,-0.474437304644058,-0.974624666273666,-0.0481545042172499,-0.0235242678879109,0.362192024107476,-0.570709266940076,0.0256187202949634,0.0818803891570235,1.0,1
34521.0,1.08123377540659,0.416413936043849,0.862918740651629,2.52086280678918,-0.0050205000585141,0.563341022808024,-0.123372251574041,0.223121852791809,-0.673597550149872,0.644549730341658,1.1205051770709,1.23777331256672,0.342362114422749,0.0383719793321978,-1.19450308848281,0.0854063439558358,-0.219143226460215,-0.694259215394403,-0.655269928208246,-0.16524877677618,-0.159387123973102,-0.305154013019185,0.0536197364326817,0.0117614442207135,0.375145782072105,-0.106298753298543,0.0210082653765087,0.0105592082435436,1.52,1
139117.0,-3.97593925787714,-1.24493887246577,-3.70741371980754,4.54477220840185,4.05067557270479,-3.40767861716595,-5.06311826997904,1.00704199678733,-3.19015819504631,-4.25071651144568,4.18216236800046,-4.56367473788251,1.18250275143465,-6.96497247579046,1.11533951405808,-4.99733165466689,-6.41953891153561,-1.18359273970866,3.56973257751778,2.1094026874149,1.05973707375805,-0.037394796398813,0.348707142883828,-0.162929482857413,0.410530958112178,-0.123612265343157,0.877423851434985,0.667568429836307,8.3,1
93888.0,-10.0406314557065,6.1391827154247,-12.9729718943545,7.74055544506762,-8.68470452840193,-3.83742916671056,-11.9077019040753,5.83327300056002,-5.73105424359056,-12.4389449056023,6.98988561330738,-16.218610393127,0.25330336584704,-8.72864506518152,-0.147529091109699,-14.1298545174931,-20.6850275533272,-8.48444905730181,4.85125513655685,-0.0822752254211996,2.82343143164188,1.15300501339169,-0.567342849673059,0.843011621641402,0.549937644887907,0.113891875585392,-0.30737499959267,0.0616306406149363,1.0,1
122792.0,2.07631520589813,-0.81276757489668,-1.27556319054466,-0.370741571644462,-0.752523396709388,-1.28973594184512,-0.221661712032962,-0.392959654654418,-0.536184069879475,0.964193849615085,-0.988151252945978,-0.386689323800581,-0.087196893849058,0.348078282149164,0.566461151423467,-1.40529096705223,-0.200390012449873,1.16216729311514,-1.03451861709401,-0.519219362343255,-0.106581502937184,0.132515155207983,0.0843776315237997,0.0701726643005463,-0.107018937287291,0.788046960578358,-0.074872142650754,-0.0549271300128991,64.55,0
153296.0,-0.262629551277335,1.83223226658625,0.27801220598278,4.26250739870529,0.658842223377969,0.791211941046296,0.30731562805511,0.596123635899093,-1.95928287750634,1.48605009233271,-1.90770535546649,-1.39485806956088,-1.10039621181519,0.896772453169955,0.500904585507226,-0.0077353848933968,0.299806337751763,0.0718587567784819,1.54007504564852,0.131573790318237,-0.203875828779104,-0.633990465015235,0.158689286254,0.238732054195832,-0.876967094867541,0.0355723216933433,0.332272452684304,0.213493879891618,8.99,0
122644.0,2.08580418192929,-0.928952868628028,-1.11120187226948,-0.825058503357157,-0.750444715800799,-0.909327518879727,-0.46661896504257,-0.148278635719987,-0.446717863482957,0.918172273586576,0.907937259506704,-0.0909931292870328,-0.919550033695765,0.228038739499587,-1.03841444314411,0.788743632652818,0.325174238065385,-1.43716081965681,1.07957725993001,-0.0485024813476136,0.0140028664027141,-0.0369053369041214,0.241625684002101,-0.0059085303620285,-0.216729998068715,-0.381880142954784,-0.0408213116795211,-0.0652390183137757,42.9,0
75193.0,-0.438330869242926,0.614124318907314,1.46051181800449,-1.24056406357589,-0.0790665319542026,-0.638432389833589,0.445653622678505,0.0995715041057458,0.111224458563002,-0.703427743103747,-0.249190974360694,0.0417554136563611,-0.087816964559924,-0.0379806331799819,0.777322805476204,0.361283246226234,-0.410359695335335,-0.810551907188931,-1.11990795518459,-0.0108998163903747,-0.0750754381313107,-0.152487600619073,0.0203545451133902,0.112390827831291,-0.326780286940416,0.75255387614728,0.189794463350192,0.0643446862263601,7.68,0
29531.0,-1.06067628419757,2.60857946990866,-2.97167900258071,4.36008935234848,3.73885304346426,-2.72839507263672,1.98761635466291,-0.357344707416169,-2.75753451251209,-2.33593332652232,2.11151686706104,-2.59194964968951,-1.9505893546741,-7.31157981735935,0.0777527657738322,2.29060783198994,6.50927165018434,2.56997142628646,-3.28615008214787,-0.0890615369649179,-0.0631678773494982,-0.207385284031508,-0.183260817119722,-0.103679373403096,0.896178353364318,0.407386872028391,-0.130918311231478,0.192177382137495,0.68,1
61679.0,0.561376552115995,-2.19519222737884,1.14145379418665,-0.0875235581905459,-2.20075041025584,0.398896284094653,-1.06459575893804,0.215729980562036,0.176110146798645,0.329811775694268,0.732056973371477,0.494902264160141,0.0629430012031825,-0.912673592817006,-1.46306208947513,1.02869326845622,0.461047235746835,-0.689463049581562,0.995319268861282,0.811377700601659,0.449058575755787,0.681635373493547,-0.416517989364674,0.408304975865063,0.27128812944128,-0.128743831300275,0.0029009835149048,0.0824477132622938,377.67,0
125200.0,-0.769171691743673,1.3422122564916,-2.1714541366788,-0.151513299728476,-0.648374467317641,-0.973504253142134,-1.70665765414268,0.313744516691369,-1.98230184657376,-3.15812700566592,1.3415717221686,-3.29947236985172,1.24764737362737,-6.39337284276668,-0.0532048016171774,-3.25804634128955,-3.34889609796046,0.217330714330335,-0.917407954929339,-0.102294252090737,-0.0361222946216654,-0.753591202726119,-0.0471133973013113,0.358492767536875,-0.287406815695466,0.476505957022081,0.250530561357973,0.250987222920341,40.0,1
35585.0,-2.01900071938148,1.49126972926361,0.0052218157286719,0.817253270463702,0.973252233873376,-0.639268312778292,-0.974072997078786,-3.14692889107659,-0.0031590736890201,-0.121653217684609,0.0243696057661544,-1.07381224038496,-2.00276910919169,-0.895433620751722,1.74893630108012,-0.103527023620705,2.03119574973193,0.31759835677742,0.38676063692414,-1.02996468249782,2.83959610796444,-1.18544284096841,-0.142811875801854,-0.0861029384113329,-0.329113253522425,0.523601226377288,0.626282771397878,0.152439938058669,0.76,1
163181.0,-5.23880773573245,0.623013013517624,-5.78450659224569,1.67888930740175,-0.364431871608896,-0.477294697773818,-4.27613150437269,-0.695172912010584,-2.97164438627248,-5.52913123107677,1.77950450310136,-4.83615901427864,-1.20899187512247,-2.90118981074214,0.281878305641659,-5.53954431982868,-7.2909602133188,-4.89776603568321,-0.30860899195249,-0.203269802188999,-0.326139919163346,1.50923868732044,-0.215966267193936,-0.245726907285863,0.893041276540073,0.865758089249014,0.854657016693772,-0.964482422283343,39.98,1
77335.0,0.669820498121336,-1.33265417104752,0.617909802559498,0.431870391404369,-0.585353150850615,2.02336135808701,-0.904432199115722,0.655596368690475,-0.741439139015963,0.579316423550225,1.7299671814222,1.08070667135127,0.137663003653574,0.10247190770852,0.726324267918924,-2.49253733550559,0.8975827052685,0.0157934947449006,-2.44069576829885,-0.252731040263244,0.0526449519906603,0.443806931592685,-0.118497268294336,-1.02911560241437,0.104427569108207,-0.132719053090976,0.106837283717761,0.044905305700492,214.0,0
160665.0,-0.417339782403896,4.70005527392636,-7.52176682774885,7.67188445074794,0.260821237608046,-2.64669254023638,-2.85443216153232,0.95878310270126,-4.5885358926682,-6.12071508667922,4.54849458373201,-7.83625279832226,-0.242674770748528,-13.2025053438681,1.0924415991984,-3.04086255242532,-3.00895800089691,-0.159966953690891,0.78808629554402,0.832034789370246,0.622200356085823,-0.437708334187294,-0.0903582898025547,-0.742802157670925,-0.312360714129117,0.502574976363589,0.8213902873783,0.37237881708533,0.77,1
21662.0,-18.0185611876771,10.5586001882538,-24.6677412485732,11.7861803616399,-10.564656569212,-2.64568119936245,-18.02346767268,2.69365540308048,-6.21946362785238,-12.7447607871859,9.31813768535999,-13.3778574339457,1.02192386777466,-12.7843458873548,-0.451145843251939,-7.55136493140559,-11.3259968724596,-4.70125277749548,0.516317073274611,1.00770320533757,-2.31947946208034,0.908838783150801,1.35290370698024,-1.05922233762791,0.185750941504222,0.687037383632165,2.07808058379956,-1.42951702264525,1.0,1
139608.0,2.01426131956949,-0.12741150382959,-1.01297399601149,0.325929982344849,-0.169881945307286,-0.953292184267029,0.0525894556755519,-0.168574239380231,0.34237720827454,0.255404788665788,0.965660796950592,0.923321486948824,-0.478372126666208,0.565211258549681,-0.618963691032828,0.0846136371858803,-0.479740776702535,-0.350721981102032,0.403781005575457,-0.246464474658136,-0.237059554186802,-0.605115509740584,0.345390641330928,0.0653338327418138,-0.355533306926963,0.174268259008623,-0.0771426654527958,-0.0702745734233391,0.89,0
85573.0,-1.7567118508365,3.26657425418237,-4.15338789695403,3.92452561357555,-1.7537718434176,-1.0057867792296,-4.31321717578502,1.56071190324579,-3.29567366751075,-6.2133552491157,4.52299197543382,-6.6528440527591,-0.12468523386066,-8.60448620191387,0.110359314846888,-5.94548061159606,-9.33893779428438,-2.39019258818085,3.18415235636348,0.874720103498016,0.911427441871296,0.0530612807310541,-0.367700953962814,-0.776337755840596,0.292093831084717,0.025999713844171,1.0629681996854,0.501148168228208,1.0,1
45925.0,-1.00608803832193,0.941886623214765,2.05514916140415,-0.127924037526172,-0.0889174192819634,-0.268455917514595,1.01474383159603,-0.453471987591293,0.284317913366598,0.521806471312054,0.323845833236737,0.184423944190774,0.525565939942309,-0.649241172913828,1.21641379059469,-0.324104509758619,-0.328893482767952,-0.65524132593684,-0.636709209106474,0.271466575544476,-0.0224456891126122,0.541466110435476,-0.0786477089583889,0.438390213441463,-0.234196064222177,0.251726838195543,-0.106839944100438,-0.199703588774008,47.51,0
132978.0,-0.708099286957003,0.927882043166482,-0.110442295036597,0.221969284934063,1.27696916255573,-0.490998808389989,0.760494518178014,-0.348016704380296,0.355527196767615,-0.371374128229944,-0.674208440473071,-0.596537688360354,-0.393203500214942,-2.03255479240374,0.0177494645190376,-0.452281849177219,1.45136349780299,0.417672556513657,0.901748668747574,0.0949567938638937,-0.0387528997332992,0.392281860921587,-0.408861317665158,0.553841281706563,-0.229034082754772,0.700002008321652,-0.135878089470076,0.0654721578229527,9.99,0
139767.0,0.467991939825149,1.1001181155631,-5.60714499999017,2.20471352581391,-0.578538842835423,-0.174199760931247,-3.45420147180469,1.10282268929697,-1.06501551547524,-5.41603688884657,4.49792897288062,-5.01960988798824,-1.01969120130359,-7.91498900748283,0.669648023350281,-4.47201433366572,-5.8569977597527,-2.2431779037749,-0.17381402447058,0.589574721718141,0.983480729453912,0.899876105807612,-0.285103424654105,-1.92971710448514,0.319868526124677,0.170636428415686,0.851798305715368,0.372098282227753,120.54,1
91502.0,0.0073790751145725,2.36518252886777,-2.60028738169342,1.11160176466249,3.2764413263667,-1.7761407852846,2.11453088108345,-0.830084106599812,0.900489974281822,-3.37617706712688,2.05681205985716,-3.9842567303491,1.02196791340796,-5.96790496861639,-1.15160831490592,1.67973960141233,5.58611468683053,2.78913115591619,-2.24107485298106,-0.0063884972816308,-0.563944162060269,-0.902099515410175,-0.404382448597275,-0.0129439005065412,0.589836154947909,-0.734449052212668,-0.447529183217452,-0.362374775122343,1.0,1
127297.0,1.92332885846559,0.324584776785963,-2.25998718650959,2.59099660047955,2.9551292488063,4.01804584474826,-0.305228561851716,0.882624942799489,-1.28615115585107,1.56271122184656,-0.339725543056699,-0.369578879735872,-0.133718234204167,0.617581256266972,0.104705948099896,0.835386830288277,-1.00632474943048,-0.342313750252622,-1.86886138922049,-0.199978457079765,0.230100673438805,0.539780746112319,0.0955784217327166,0.690453345477925,0.160129824109698,0.152444387981939,-0.0282998614416166,-0.0574250506663145,11.35,0
157284.0,-0.242244998983291,4.14718554774299,-5.67234909620488,6.49374059630435,1.59116815595921,-1.60252259512767,-0.950462840251984,0.722902909564455,-4.12850525273272,-3.96322447209244,4.46946731169238,-4.6550713248721,-0.441775588896948,-10.1498129226371,0.612797714121901,-0.288725033933543,1.40450707513401,2.13208137860015,0.707199945685905,0.562029861091792,0.249022570668556,-0.480286305732899,-0.286080216527281,-1.15357475551215,-0.0355711283215471,0.559628209963356,0.40944648264684,0.221048104758881,0.77,1
62925.0,-0.527167499055472,0.93675560006796,1.63181761515671,1.90959149375244,0.126367787785469,0.239470800269653,1.03654706026616,0.0648630396006595,-1.35572674982617,0.107182143780564,-0.408707642692452,-0.172852595283885,0.285997738309827,0.128767080275638,0.576009974226341,0.371440151913143,-0.386053318917016,-0.584626278575128,-1.25216323932303,0.129919213527027,0.0756790215189164,-0.0171756893112749,0.175046925709973,0.0433605523909659,-0.0680943371726872,-0.114839877302713,-0.000563466177689,0.0368058801403786,111.82,0
46057.0,-1.3094413460044,1.78649494921925,-1.37107024042555,1.21433549160762,-0.336642221570741,-1.39011986486896,-1.7091091066305,0.667747590382643,-1.69980879955917,-3.84391103993778,2.96259879138962,-3.95604520140947,-1.53923191944683,-4.63463139323434,-0.248403490673103,-2.05855138409951,-5.63549400383391,-0.775271204300359,-0.23930965408033,0.253464129147281,0.533521286327158,-0.0221799534199139,-0.299555851230085,-0.226416167090146,0.364360460778096,-0.47510178544057,0.571426303828437,0.293425836896259,1.0,1
163107.0,-0.61139470650353,1.71082257900347,-1.35976910044454,-0.777852629593248,1.73396845437781,-1.24230361282521,1.68744326388616,-0.290805651332255,-1.01270012553709,-0.81591730160851,-0.577049000258176,0.248759668924796,1.36968061700129,-0.897329045373796,-0.192923020375205,0.0167195655971054,0.461979590839223,0.0072013093700686,-0.234112047545666,0.0999635454321257,0.111570550437147,0.537675342468323,-0.323596261740055,0.47408736490441,0.158963125560961,0.567354706508633,-0.0972315566954239,-0.0491212930279012,9.41,0
91767.0,2.01945278114551,0.0110991053628335,-1.11578710518339,0.697882869307809,0.0364632597038457,-1.10026034604346,0.115041670790947,-0.450302411325636,1.65414785053079,-0.189771712388972,0.264276164768569,-2.20304965249202,2.00168541326617,1.79944710950734,-0.076480010195985,-0.0225514730516332,0.223052106696834,-0.0003791261903024,-0.606048829205625,-0.198469374413912,0.104841479116271,0.645216960272254,0.019058545553207,-0.0753851527409892,0.0777531443539807,0.463671277553547,-0.0905577740457426,-0.0673307846544006,29.5,0
152307.0,-5.22296817637504,4.64182734988813,-8.85820420925725,7.72350199432307,-1.50703495625849,-2.15948357376289,-4.20516409588397,0.979334284202064,-1.50563737438727,-2.23906626105695,4.23139330449617,-8.49348798082106,-1.09281084673483,-13.2375585139603,1.1840864824863,-4.18641517783122,-5.49253578625626,-1.21610811302066,1.04610451099676,-0.176673248133323,0.561892173950775,0.624206816460912,0.536428910734314,-0.628333712411096,-0.222651230551295,0.382208361920644,-2.6930356893785,0.407935125898827,1.0,1
20011.0,-14.7246270119253,7.87515679273047,-21.8723173644566,11.9061699078901,-8.34873369160876,-2.26284641969245,-15.8334427819606,0.0778736741759969,-6.35683349086288,-13.2616517082667,10.0637897462894,-14.3947668016721,0.654888723464231,-14.2483158270781,-0.305360761401071,-8.16163244506225,-12.2809648581754,-4.81858639342974,0.719787682108791,0.996468755724792,-2.36234492751884,1.09955729576975,1.03719942301307,-1.03635934178889,-0.254776514154375,0.642343201018144,2.16112922373151,-1.40128201963858,1.0,1
112117.0,1.78615809845275,-0.793725908077022,-0.65226037585438,0.262650918782948,-0.578076025015733,-0.167510978955267,-0.490086969989205,-0.0148522488375779,1.04859913893058,-0.0123922842210364,-0.871607621566763,0.206066191543195,0.286140181098421,-0.07961739727442,0.985997755746155,0.551473295904251,-0.654211517603421,0.0650480490220189,-0.429118535267613,0.0952674848720009,0.243510826099915,0.540416086277233,0.11142872960876,0.662305657251435,-0.373395396047929,0.61546150486583,-0.060240056908533,-0.0218846569349295,129.0,0
131367.0,2.24156911317635,-0.945083525818984,-1.37852962354234,-1.0009584102081,-0.486047209811311,-0.581186178993787,-0.647148167705798,-0.17527212718031,0.0496305942381532,0.80162220083998,-1.88176450623774,-1.39526213146392,-0.786527019585693,-0.0809016436742335,0.123221924972187,1.22627731368587,-0.0454995671900108,-1.02795122696353,1.02356591888844,-0.0560765285637804,0.11892652767883,0.335943672002172,0.0229688382384586,-1.00575563370692,0.040918583074505,-0.0975854047030326,-0.0273660987493061,-0.0671278177994587,25.0,0
153941.0,2.19629921808879,-0.63013592592697,-1.29954864165064,-0.877459411358346,-0.495268900875164,-1.32454308701077,-0.216946866929487,-0.48419826639832,-0.725693780194403,0.829932145587481,-0.35837482010995,0.0702465486215487,1.45706910754883,-0.213051508227008,0.235976803568197,0.763949393122597,0.133836133653687,-1.54536627852473,0.339036056591644,0.0624157922087952,0.45991417095747,1.39509763949518,-0.0314124410723567,0.0834706489350629,0.227545287062837,0.066316383795378,-0.0296792211414021,-0.0615011042805175,25.0,0
133731.0,1.17663267315551,3.14191813880044,-6.14044483643302,5.5218205893507,1.76851488910857,-1.72718569844821,-0.932428910444584,0.292796545267059,-3.15682655843537,-3.89824038104731,4.77672033006624,-4.15249885001879,-0.472990802974345,-10.2588514782991,-0.533455591604466,0.458138563036142,0.167601789076859,1.4043108943267,-1.87401526330162,0.329567972643983,0.1293716296303,-0.803020814325114,-0.0740983557012839,-0.0310844052836625,0.375366225335466,0.0658967838964971,0.488257738746484,0.325871630319106,0.0,1
55224.0,-1.23954966030161,0.0506516416116625,2.40184809610165,1.19559616283259,0.636747654608877,2.55808034308353,-0.412112991590614,0.721488161337533,0.872344210339608,-0.0602003768316903,1.08774932587312,0.72087430087583,-1.93431173150099,-0.521596226790045,-1.15389048970383,-2.33558109058474,1.68001344109953,-1.97264843740023,0.168488532609968,-0.344126422869691,-0.241696541481796,-0.0831295677476625,-0.097016542727891,-1.03396017363124,-0.517309020613702,-0.4207377866318,-0.294880128113638,-0.0699647506789266,12.6,0
77976.0,0.682441326643081,-1.27306973304903,0.460433998815732,0.174239564699633,-0.995319370091349,0.410700751867977,-0.42327103339585,0.151537721037362,0.683782554325765,-0.224546914289789,0.345619975158949,0.690798596705898,0.190696002671925,-0.126421419347276,0.101649545485585,0.854928161786493,-0.80731727522842,0.728963098901381,0.465854522217839,0.564283556900084,0.24082653801542,0.158443863486087,-0.401491526351718,-0.417422950432985,0.190034547527685,1.11381126009652,-0.0956647923961841,0.0466550571588103,296.98,0
55996.0,-0.39971839693354,-0.453111324812577,1.79907440976094,-2.11337497240852,-1.26629924548942,0.0602267494406825,-0.871334287177995,0.219838929281995,-2.1085104107582,1.37297537665376,1.0066545414383,-1.23045362668038,-1.04322278165961,-0.150111177257256,0.337146044270361,-0.328366802617174,0.497439725839946,0.68851989494935,-0.326136177293599,-0.432273217307909,0.122783485284359,0.584701292624131,-0.137982869442182,-0.0314497871170543,-0.274496489372798,-0.131948151075888,-0.15891451007384,0.0502093390777854,11.55,0
30348.0,-0.447549515584462,0.653112460881989,1.59363936490989,1.32375373570759,0.380677256028044,-0.101502345305527,0.530270064325726,0.0058264610174162,0.135203812208957,0.184921671488303,-0.830372955017488,-0.842523290902364,-1.92166440737495,0.163456570252486,0.444927083639424,-1.22947109347497,0.631687292640347,-0.492186462247283,0.742432482604046,0.128155162482631,-0.0945851425002258,0.143351907378336,-0.151293096015733,0.0386479342426601,-0.170792748660735,-0.245357414097991,0.250430900532881,-0.019043845112686,1.0,0
122831.0,2.29061372734264,-1.28803472827237,-1.09149930764313,-1.59194493602648,-0.983696762986135,-0.587110288402462,-0.952235984794491,-0.272063814900857,-1.39240491365395,1.53864356673197,-0.953363652120177,-0.329455448353436,1.43604365291283,-0.604433348547102,-0.278423950282767,-0.615386631193381,0.402439066378217,-0.200994672268943,-0.08768522983566,-0.318912003951578,-0.161871056847805,0.0414302431562323,0.22562234783991,0.672484576346609,-0.105101241618406,-0.194598662583972,0.0074880642699342,-0.0407253707830659,30.0,0
144937.0,-0.926054186197771,1.27828301965333,0.793022787448804,-0.74793559990163,1.00446631021697,0.168092199172792,1.1165051312894,-0.20765551717466,-0.237357572442504,0.434571203734725,0.0115823038587198,-0.0205176360005413,-0.274461315095799,0.0445096668797739,-0.231827936562189,-0.0958299895757399,-0.714137707333706,0.219044287941134,1.6809756211625,0.36702049076998,-0.402741548035407,-0.902142258406196,-0.434358847345446,-1.10047681758854,0.551460931880005,0.478770929256074,-0.109527565775214,-0.0810237853792037,2.99,0
40784.0,1.25407188525947,-0.499735143494674,0.118576870920408,-1.90313868848446,-0.943744948651432,-1.26891776781926,-0.153790167334171,-0.108355372079773,2.14631660174205,-1.60371874780454,0.0892629226503047,0.563553997620864,-1.42978314504566,0.507908074206698,1.62303614602343,-1.59708472833044,0.671603918198694,-0.663970812807861,0.89615627122225,-0.232351637503707,-0.150736170026,-0.196710422152336,0.0331732677087772,0.394305110663849,0.541651905330339,-0.882079534251513,0.0741405171212541,0.0191884746113233,7.07,0
75978.0,-5.14072311805277,3.56875123426923,-5.89624545735196,4.16471993013258,-4.09119263947502,-1.98996029061886,-5.47243601705169,2.42282066166249,-2.90973525837833,-6.28780335064533,3.70431215185119,-7.26754953396678,0.329269938095914,-8.45897495556967,1.35448720090917,-5.9762209822112,-10.5760149147501,-3.52516124688807,1.73797600497073,0.318995199686566,1.13113028151049,0.118021510216711,-0.332704205017834,0.139940733895169,0.324757896441424,-0.180769130367976,0.177810382911191,0.661555355551591,99.9,1
68357.0,1.23260446981971,-0.548931183157109,1.08787266901823,0.894081819978967,-1.43305489904701,-0.356797142170886,-0.717492197160233,0.003166531089953,-0.100396732730679,0.54318725600578,-1.03941706835478,0.285261608751792,-0.206006567752438,-0.498521775750102,-1.06410845071827,-2.1560365431533,0.564761098405632,0.837856659648528,-0.728989760343786,-0.576274061414969,-0.448670516618872,-0.517567967949267,0.0128333352729761,0.699216728009832,0.527257980520248,-0.322606503047991,0.080805437438631,0.0354271820131481,19.59,1
102676.0,-5.55212217135236,5.67813391258695,-9.77552798040134,8.41629539413803,-4.40984381923171,-1.50623535484733,-6.89983879692634,3.75044289681131,-3.8797925578861,-6.86416435989436,7.05106508958574,-10.1375291936462,2.81543981456255,-9.90916805374299,-0.262229551498562,-5.02255717747726,-8.52297487191683,-2.01293906157489,1.52573244095261,-0.0647801372282915,1.12847223060537,0.228484046768752,0.286257667302864,-0.536294098099933,-0.104924889157331,0.420919229293903,-0.297556884880609,-0.946184387308798,119.74,1
43028.0,-1.10964552515211,0.811069300236989,-1.13813532731484,0.935264670223385,-2.33024787785051,-0.11610605479739,-1.62198623466478,0.458027900124116,-0.912189159098001,-2.96199570179906,2.77896789639267,-2.37959961108923,0.918962784041379,-4.01578678027745,-0.530009790602772,-2.81588776765893,-6.6493577879714,-1.74611328389964,1.08340676372199,0.168890572541282,0.641593528333926,0.841754904759402,0.176727750810022,0.0810041184974676,-0.258898742565752,0.707654245320429,0.418648658517389,0.0807557537005394,204.27,1
68207.0,-13.1926709562391,12.785970638298,-9.90665002092758,3.32033688288942,-4.80117593230105,5.76005855618556,-18.7508891580107,-37.3534426378925,-0.391539743919107,-5.05250236713858,4.40680552357904,-4.61075647740608,-1.90948796970811,-9.07271093398351,-0.226074450896345,-6.21155748212485,-6.24814535335983,-3.14924669470095,0.0515761185277783,-3.49304991519446,27.2028391573154,-8.88701714094871,5.30360690376998,-0.639434802306313,0.263203123457008,-0.108876929971315,1.26956635541013,0.939407362758877,1.0,1
11629.0,-3.89119195123086,7.09891625215749,-11.4264670967961,8.60755678650129,-2.06570621026229,-2.98528802203595,-8.13858941693861,2.97392807853452,-6.27279046836547,-13.1934150665232,11.6197234753825,-17.6316063138707,-0.355194389515515,-18.8220867423816,-1.2831290856146,-10.0310966568698,-15.2270075099256,-5.32200898058982,-0.501750653452579,1.38261899967275,1.75708522742867,-0.18970915318715,-0.508629244173448,-1.18930816877394,1.18853649934791,0.605241885913626,1.8815287524148,0.875260407222375,1.0,1
85285.0,-6.71340697159693,3.92110415204576,-9.74667821737542,5.14826254938013,-5.15156271985187,-2.09938865681113,-5.93776683170198,3.57877960420447,-4.6849517505833,-8.53775768653457,6.34897930341209,-8.68160893168352,0.251179384774619,-11.6080022570993,-0.351568782034355,-5.36356643348466,-11.9390915052116,-3.58360287020043,0.897402406121681,0.135711322729059,0.954272201927517,-0.45108644858101,0.127214424071711,-0.339449869297565,0.394095513633807,1.07529509891805,1.6499059092424,-0.394905372194808,252.92,1
135102.0,1.86210178942007,-0.124051888133202,-1.98975174951054,0.382608915041756,0.473031677376878,-0.674516988454297,0.298621349163879,-0.282415726283542,0.802052524645684,-0.989431189994817,-0.491112318271443,0.903819349613327,1.3665243152114,-1.88616230658692,-0.194861302074369,0.0868367239072255,0.978546240489057,0.0556039737113707,0.189130835579419,0.150726987749903,-0.204158275791025,-0.51144105586203,0.0778741500089749,0.388335120253865,0.0078957284691346,-0.120979613154893,-0.0195787926354923,0.0061547052319409,108.51,1
160537.0,0.567539266873172,3.30938527728796,-6.63126848884588,6.39457369583463,-0.0541723256891658,-2.39653528063935,-2.79248887303506,0.514811021472804,-3.54178025732386,-5.33475387061743,3.61873721262172,-7.10148829773798,-0.442125291870087,-11.0816168429851,-0.813721638541621,-3.30289861059986,-5.84890261106356,-1.85063546419134,-1.01863859540215,0.555411780502512,0.614220932245907,-0.365047253101859,-0.180408542452136,-0.52327142948781,0.645054313073713,0.246465837556682,0.902675054512292,0.47357149999817,4.69,1
129548.0,1.99910291995719,0.556128808376387,-2.36899504238041,1.45815196221347,1.15587806453191,-0.858500047075123,0.784522537169472,-0.405408195192603,-0.0656517260226912,-0.408968516329163,-0.429918543700773,0.663874903703886,1.03169089906974,-1.25525378537502,-0.455353838642842,-0.251703027037572,0.886827900687903,-0.0836957795376248,-0.402483594184655,-0.0971104025880526,-0.0191774080699712,0.169528586759005,-0.0391814816992909,0.515937271023347,0.532723157126567,-0.521563376560953,0.0032301084471145,-0.0169554843438698,28.44,0
129145.0,1.79327023552021,0.284027795302428,-0.967923498032946,3.42438525102259,1.20353840662527,1.83224582635226,-0.187725802538926,0.457541394968133,-1.02880195102921,1.5177083025353,0.400584804253377,0.312616083969643,-0.282946335323367,0.462532080675836,-0.709881932437694,0.227963549292871,-0.389033079778566,-0.813558665729257,-2.18110465776828,-0.366424210383196,0.37739691610586,1.25512578275809,-0.0123761114053474,-1.62445400620394,0.0463628384299147,0.356426973775863,0.0091353391776552,-0.0793185251488547,10.62,0
17838.0,-5.18787810836635,6.96770866359565,-13.510931139095,8.61789514115238,-11.2144223939458,0.6722478387604,-9.46253281088355,5.32870420774381,-4.89700552817542,-11.7868116556041,9.36907905765884,-15.0941631493865,1.25637700700759,-11.8521613037824,0.274429814172421,-10.6882417917386,-18.3888105354245,-6.89884013301839,2.38280793552097,-0.623737291574186,2.08608300107406,0.760190240866359,0.716805785858217,-0.646743429628277,-1.61704292571624,0.172346889503238,0.626646780979254,-0.169726031129409,766.36,1
