Time,V1,V2,V3,V4,V5,V6,V7,V8,V9,V10,V11,V12,V13,V14,V15,V16,V17,V18,V19,V20,V21,V22,V23,V24,V25,V26,V27,V28,Amount,Class
0.6101109641183033,-0.25265165520167937,-0.5162859466675799,0.9630295207206455,-3.0002598520519665,0.77302091119623,2.397923146933473,0.028474108744534078,0.2927352495046529,0.1302286519527008,0.45000691305413876,-0.8392688586979442,0.24886879777445292,0.18450405401843747,0.3959694692904885,0.39883230303450257,2.159659111530217,0.355458337874592,-0.09334859122035317,-0.6527465758860964,0.020542681274483495,0.07538546749460133,0.9539726654424288,-0.20516244286721436,1.5004275572440304,0.9057194484447139,-0.00948402984998111,-0.103337144790676,-0.029882723214172974,0.4870802576934919,0
-0.3912076447505539,0.08917332286820155,-0.16058173528301126,0.37854394104430283,-1.2540301369976672,1.7830663342169994,1.9843247006770608,0.4460662728742251,0.08421916584698576,0.16757870315030807,0.4345700424848441,-0.5740174974117811,0.431353486290163,0.0029473519310189147,0.5282818089458636,1.1483972448711999,0.9490567698398737,0.28791556797817147,0.5173929534564596,0.023799335962483775,0.11498906033304418,-0.23144098600999957,-0.9270840848711867,-0.08071440742770984,1.9795393143551148,-0.08977280882639846,0.21161304629656014,0.055157435775253734,0.09641190947948743,-0.9796345142305668,0
0.6544524670641144,-0.5705910690313822,-0.6679273725341612,3.276462766485942,0.9453976769590332,0.18860853530123184,1.5473894997230642,0.06479931769397822,-0.25474678836921394,0.766371985738327,1.9054938315939118,-1.025204851504635,0.25128928160850544,-1.5116980224748753,0.1645238397447517,-1.1719119998173997,0.4267716627055974,0.530766682966801,1.2684110182974069,1.4456889687285785,-1.5095458206393857,0.08590738091729469,0.5838036053667706,0.6558970882350422,-0.5835083623949676,0.44383281518556006,1.3449606701586239,-0.5040569287008198,-0.28564038328328634,-0.5314158047474933,0
-1.0261802355211034,-1.2388071963936507,-2.8026699469877987,-0.3223195839853196,0.8021498193344381,1.575676165537046,-1.7501416422029914,-0.6680797156043916,-0.11414532594011591,0.8961896101275578,0.3150232842411859,0.6696421885172913,-0.3249144710798766,-0.039139268797598124,-0.6669829651631203,0.6153157958553873,-0.6105475381205251,-0.5085449372032224,-0.5225270750818284,1.945813402357792,-2.323385016133986,-0.41718666576287067,-0.593468925519385,-3.694171515555595,0.8064438468813084,-1.666239444338877,1.076675058706635,2.4569190388936994,-2.850001651605995,-0.0831781982909248,1
1.0912536062378926,-0.012047064017518152,-0.667148635330712,0.32797452522611237,-2.2926805683082288,0.8166774972548163,0.14838934196730924,0.5507450416191849,-0.1598361857106529,-0.20625603786464608,0.7630096159080454,-0.8243907333098407,0.35447540552235723,0.631111336594456,0.6156490041510321,-1.0223952284886846,1.91949311231372,0.1620794209775002,0.1498214859867264,0.15044870128700827,0.3698427503554411,0.14536073884044906,1.405316729819561,-0.14949899778796175,-2.1428085620476813,-0.24975826314667746,-0.12450601134149404,0.1833534022980746,0.43053533460563265,0.8591039588263971,0
0.22125309871159998,-1.5582553358940505,1.5643741195961103,-1.8964476950185991,1.3198435976157235,-1.7978876983915977,-2.490804793500567,-1.9734949364671133,0.3870525125300107,-1.5157437759567667,-2.188962782852939,1.6055649976877022,-1.7748223577316604,-0.06179281660464765,-1.2721159254531955,-1.0787393678117874,-1.9008832536515439,-1.8980477439127874,-1.9419842570392754,1.2330323938210785,0.09871158252541093,0.04508014614617129,1.2960661443207688,0.19076938808687727,1.0726978223957226,-0.33941233222184486,-1.0857245047079893,-1.592400150090243,-1.1658325270316952,-0.12108926736848143,1
-0.10698678733027399,0.5740619437741543,-0.5273387330533736,0.4175455991309996,0.3239847956205781,0.2554564593342647,0.30963991313740846,0.7160823488813314,-0.21396253998887205,-0.08591113377756543,0.869255068494913,-1.1696870143455451,0.6784003515264811,0.8534772761354179,0.822717228245516,0.24194795829253235,0.8734376283085238,0.21604421969273588,0.10847039056271326,-0.9350557190090577,0.4012589150250943,-0.04881054331785675,-0.394883067928069,-0.38412681623500355,-0.22797414051100845,0.88005768197948,0.03691675027012137,-0.29547125860186757,0.043982389207786236,1.3816859907338286,0
-0.2305067334132145,1.219395728620563,-0.8214027292389235,0.568637930994116,-1.610381638661572,-0.14079193467645848,0.3454276914668159,0.13605413800248786,-0.16429824898260678,-0.550308604423849,1.4842094724279933,-0.2795825398957957,0.5057021393522048,1.0742024439449713,0.5267386876075331,-0.18449284946455388,0.43354590725142006,0.4110942409501527,0.7964099733298223,0.07780159771161857,-0.3479743784201835,-0.18260564548002753,-0.26894585304360086,-0.1171193761060157,-0.8923558477616915,0.6940620855535623,-0.35047935916496625,-0.1848964933145022,-0.0755103548476584,0.15531905764953455,0
1.1901428699993568,-0.0192208389053076,-0.15623216828226086,0.5447526128952647,-1.1697707827836514,0.6322320038263333,0.5935016479507432,0.8468895084603945,-0.22868116321869275,1.0885091669486147,1.0756659174218968,-0.4745663248254607,0.7154714042579069,-0.5633728899784974,0.41635878095293216,-1.330890877859242,0.2793222086929093,0.19482189030675753,0.41922133899481717,0.08068604728078008,0.19701968639878237,-0.1148133857562368,0.45441146414833195,-0.29939095573191565,0.6404738660280704,-0.05065831804389089,1.0309562985068133,-0.33764906145897383,-0.4966273581675514,0.4380529788942801,0
-1.2318656083066197,0.8817167607860424,0.3944898312922922,-0.4851629404597939,0.8713393081656692,2.090554830036107,-0.6392517415313268,1.0874858845212791,-0.21394458473899447,-0.7948959341729305,-0.0016168812609294585,0.8168371463736398,0.0019313840966290923,-1.161820422579255,-0.926939867554129,-0.3432668574140035,2.969047611079725,4.531799573545092,3.5682284575771663,-2.830224934897942,-0.13596853378147464,-0.13957810785699162,-0.2925402670043166,-0.49283523695924136,-0.7994121725231433,2.137753239045417,1.068597962368466,-0.20372894944038888,0.2218269911142347,-1.295387584477566,1
1.531104387497567,-0.3761617152505672,-0.07883719309298705,-0.5771292258749452,0.06381507669156827,-0.2848981243547954,-0.779752917770531,0.16146223210692956,0.024059694728488214,-0.5258662676409778,-0.7915537613704231,0.3150193420579821,-0.8091573632485733,-1.0880140044638347,-0.8710342324810829,0.35500623461444375,-0.5876346488894978,-0.4900938553849504,-0.3714236822131667,0.1096950326861994,1.0952519009278932,0.21816582369379045,-0.35319829406677844,0.5837215699384852,-0.5401224250947145,0.7866805701222401,1.584610487089888,0.10700098354884537,0.21099690876668326,1.4756782141168931,1
-1.8681401307829666,-0.3069168765873541,-0.002574755091211549,1.1407524049251196,-0.4050049370588561,0.16844365777917772,0.3326908542772952,0.39493918095780667,-0.04870160493125076,1.010974256159489,0.6508448973115576,0.43401246903655877,-0.08438531673551722,1.4578621058696297,2.2184729686320774,-0.08593915613634356,0.27333289121800763,0.7674296955740386,0.48479364728686397,-0.034851305649588014,-0.21851325776136454,-0.07722073791212926,0.44795954492168677,0.10423182389417886,0.3774793574024181,-0.4121349369156772,0.8841036680713427,-0.22732195819111137,0.1766218511651171,-0.8537768815733618,0
1.1708818218912664,1.7765266009655123,-0.43667345063596497,-0.0006376828547483145,-0.553861767724599,0.5020785561822569,0.27817122078298817,0.47131366119856327,-0.20401237452781562,0.7139599024269438,0.6221604369057987,-1.4331566006163519,1.2033842092159368,1.3468694817297837,0.6414250707734916,-0.04737260704446749,0.47931716557272475,0.24233602109812524,-0.11793144523889776,0.14246784050949993,-0.20113791507019826,-0.23680006487409508,-0.7587096872127094,0.22049253506726432,0.10593098372834156,-0.28842141987303105,0.45080115566182727,-0.2831675757067774,-0.198620069819944,-1.1876488165680534,0
-0.9068463075891982,-2.0959196211016167,1.8922044340874675,-1.9960598013758042,1.5469307972868922,-2.450885569039585,-0.5514026214624056,-2.5058905738096766,0.010229342351538292,-2.4848517606437657,-2.3417480895358738,1.0833739146391361,-1.2984750733883001,1.2950686148808397,-0.9489556691913149,0.8342623625994957,-1.6630822073720226,-1.9267838615110793,-2.0677695398365903,2.137103298899437,0.3101234247810509,-1.1121190380338393,0.4342840434939616,-0.6929121491147661,1.35456863925143,-1.3898372325868837,0.28149168700029376,-2.5704192331809113,-2.3558747145687025,1.0531138006326672,1
1.0660818894874502,-0.23248966453407233,-0.7328181087010476,0.9362220282728707,-2.141748413233205,0.09179962722135292,0.5805370570898283,0.3056184477375621,0.016115031618806175,-0.16380185184301133,0.4383703159765418,-0.5614632673106427,0.3900086500953678,0.13963319224819268,0.6234616631334305,-0.7218834963128311,2.431483469944073,0.2627084101212125,0.2725802908108676,-0.10864961752807979,0.29754723594721194,0.16248531485466958,1.0370580700075804,-0.03576837566221552,0.3914262213848914,0.18243569409416072,-0.337015817869968,-0.27955020445518924,-0.13924436489490685,1.080138503663724,0
0.9181278176208548,0.21249493957192378,-0.6777568767027456,1.0134650078913,-2.202775487558921,0.18708069630941748,1.2325785206092217,0.126554748683393,-0.19956141742782701,0.1228290766976687,0.5837030508469356,-0.20068419713912483,0.39281744006378305,-0.6265619960583289,0.6334699151751727,0.1567256673240494,1.435555769165546,0.4822315685171279,-0.4586530127128978,-1.2490132991656302,-0.28844009395146286,0.3868760702540638,0.8360756460300651,-0.38185521292375524,-2.532517441818669,1.39505733159653,0.21130498002660228,-0.036208569562591164,0.27094010340303976,0.6367999281660363,0
-1.966260684473358,0.3746996943023451,0.620851484380357,-0.7547489961008539,1.1838434181550537,1.149425742443634,-1.0596662546517372,0.17902986823825223,-0.11379849957106519,-0.58372152510863,-0.7084721967784691,1.0186799432347406,-1.2389871970909727,-0.6731222572343784,-1.18673497765529,-0.30417638151925225,0.013345783077813662,0.9972340174826958,0.8987862521307468,-2.4992367439711693,0.1578777045776798,-0.029125901924674007,-0.6374600100620148,-0.518215256982117,-1.228413072651457,2.372437683542769,1.1436324758926986,0.39254663797985834,0.7404509574629169,-1.184484273352308,1
-0.2625405918513577,0.9241019600528194,-0.43379094366362914,0.930219870558251,-0.19860305614150478,-0.08072657235823788,-0.13144107225656462,0.4071964798551601,-0.18190103408350405,0.7575957138070432,0.5284344766184352,-0.7071390144645969,0.9734360934642833,-0.3014081376071598,0.6598630996884547,-0.26697055492013133,0.20439578826590976,0.5208094060405843,-0.17309006269593397,-0.1954461126387192,-0.22095671882492957,-0.17478136357058607,-0.44052571084947334,0.027441717638538136,2.0271549386117145,0.5018276105968891,0.5122748872739691,-0.24079452831131795,-0.043129510483359466,0.27161502622561157,0
1.281586847222962,0.9147110716387219,0.00277554957734443,-0.5215237670778285,0.33936164838795735,0.09837659799264205,-0.6626918555497628,-0.010822504724813466,-0.08355642119454873,-0.13533470340088768,-0.3516711449851697,0.7767848617716121,-0.3864947846119004,-0.5313994735546532,-0.7685783880893656,0.11626240654075648,-0.19931547428046015,-0.2577966159250376,0.4422095750690189,-0.4659983065048411,0.17248355714451943,0.1347592417742906,0.3597850898426304,-0.1613928031629061,-0.48952635800885913,0.49405888281893773,-0.8918167233886037,0.36383663200937344,0.4063047379709105,0.6052160686107271,1
-0.503938374806023,1.0134361653562625,-0.7644654005001414,1.2846882202002112,-1.0914822287616155,-0.21968911477047526,0.7180829491324926,0.02483482234608185,-0.0709870310934242,0.1691120038973396,0.9413063736808391,0.055399762781015764,0.845943444376127,0.9285671300840485,0.41714889626445667,0.8330018338571596,1.9252964329950606,0.3785350896896243,-0.029693157611987698,-0.08315936448931513,0.03525158918880721,0.1111962443349322,1.3895330568654352,-0.141662613741492,-0.43836751010369795,0.34635404885664167,-0.0011391973902637653,-0.1377112674321625,-0.04694337786287699,0.15531905764953455,0
1.2678837042406146,1.3536445125347263,-0.794693025877443,-0.07478381063752593,-0.24313125835432137,0.17485930248160259,0.015720415713235725,0.6035065805205747,-0.2528932991493785,-0.10060387138609994,1.0724481234126562,-1.0512029987251668,1.0604972260181085,0.9653330964120871,0.7872438322135378,-0.7186717405371653,-0.44724569842275197,0.5007979387216182,0.689950692972159,-1.2913941458075995,-0.2595414905187445,-0.15507300996783135,-0.2817400346560206,-0.0845376473432088,2.3349972769649594,0.3361949964177118,-1.2526981133828698,-0.2448870118284099,-0.09283742417972152,1.2821412557211636,0
-0.06771088752145785,0.9583039237173495,-0.6180067637912466,1.0163670816187804,-1.030228444118387,-0.16456628375850357,0.25049053825394146,0.19901782103356297,-0.10361422081772449,2.0380626048442165,0.2230110211292939,-0.8329501449707363,0.7184958229468905,-1.1517803322073197,0.715121963014843,1.8444741001013898,0.09189846666531505,0.5069373121989119,0.21613566002607668,-0.0377938890208166,-0.34012922479486724,-0.09381799101798301,0.1464325725017234,-0.02538380812642015,0.10935659760940522,0.5320817145655619,-1.4430870392553767,-0.10574159226012639,-0.02686593233740892,-1.184484273352308,0
0.9019061998808686,-0.06763507665410498,-0.396879558095852,0.6522567074617558,-0.6403473371780901,0.5335167347377057,0.8211635777272361,0.3352551213991547,-0.15178978884321695,1.1519728249862506,0.696379121269708,-0.40171558142697045,0.374302278857133,-0.6577876470936165,0.07489014284941305,0.5993229288848827,1.1337823014143464,0.4259515947377371,1.7346349336962776,0.5797314956917087,-0.3926867401599726,-0.07762309874939595,0.32500098597769733,-0.07175865749736662,-0.35845638238784017,-2.459640466821373,0.519383182660453,-0.6662910153427566,0.38871471217622416,0.6214263972006534,0
-0.3788099316794522,0.8649098903690895,-0.12773766224371985,0.38787361800982206,0.36305032351094363,0.4132247490121964,0.28747643854877164,0.42191500614876154,-0.10354401118728992,-0.059646757604589526,0.5287398250886949,0.32307632816609577,0.45901539986698925,-1.046391584145086,-0.0006963397704929455,0.3513192279039361,1.5789010531757446,1.1060740460179694,1.1404047373870385,-1.6781575015953332,-0.27614819624723086,-0.09803144306099733,-0.11953283094516215,-0.08248745720012594,-0.06128349574003678,0.5567981945331093,0.17983571896498166,-0.1851465024346574,0.04076856379827395,-1.6356966386487815,1
0.35636669461782183,-0.2685048615300211,-0.8590187999116006,0.48052854386766963,-0.16893708474787614,11.23828018131512,-3.2842109776803916,-1.2341465845295974,-0.2466566803143073,2.0253744081703733,1.612888341210948,0.05062269157012268,-0.0014961977119076252,-0.6043704313929673,3.8675017713658133,-0.9127477585937084,-0.24667096456305762,1.0512713543236614,-0.4119466849632569,-1.7535704288196345,-1.5812526411922667,0.3634016167235521,-1.128357938132603,-10.214928460172345,-1.4847845707579437,-4.319434938516905,-1.3021214511198032,0.5768450427548178,0.7833491491047352,-1.2102971358446153,1
-0.5653485490534961,0.7663870226865468,-0.5850427009889382,0.2844744455929351,0.0730519636039727,1.2616748617152054,2.4614143308184375,0.20369922984480995,0.11841276897768556,0.4562004496444613,0.8067565370679243,-1.2458192420507062,0.68421332415753,-0.13358526588030853,0.510658180069447,-1.1034347770461759,0.6349102394572214,0.28668426685477577,0.22343838617486594,-0.327896779291347,0.0796949167911649,-0.14143316576497902,-0.48539940132715087,-0.21560714976498574,2.1921076577527203,1.0452365558975385,0.1611748769627748,-0.2064617223063976,-0.00761635245614569,1.0140115155695844,0
-2.314527459736926,-0.2086540212546301,-0.08918946757808897,0.1734374805944653,-2.229742518415041,1.4199478865006738,1.8707926288777794,0.3307167862680942,0.1342928957086258,0.4490505376306601,0.5078428696444036,-0.7817399142177667,0.5751322298279793,0.035599092827765355,0.8244528002931338,0.5460476826337197,1.0918018839048804,0.15541176510979043,0.2877119324045829,-0.49146717114892374,-0.1578254319118358,-0.09122305296068603,-0.4865053168599567,-0.03125433366227899,2.2158446942610395,-0.20457407607629086,1.455510569891278,-0.794842795822081,-0.026273166033234818,-1.4225851346285878,0
-2.3308387001313746,0.024173055340886863,-0.07895526542431679,2.1267361002429577,0.06901883210670667,0.277495313492831,0.46678380423232435,0.5553751119292409,-0.09179597278996476,-0.237726426760478,0.7892043761710014,-0.11651127695647895,0.6453770729865282,-0.46812529452670365,0.8576317131288396,-0.22151106238863438,1.2370428437409982,0.17500959747448616,0.5796695162991782,-0.6825367787233131,-0.2030143330685732,-0.12937195524460596,-0.44668848193816785,-0.043092024354368576,0.47864162557591505,-0.5685568500679943,-0.6628842259286312,-0.16083986552316448,0.04101197023535115,-0.88082590239259,0
-0.64307526105785,-0.17383404335043082,-1.0866052239776474,1.0480170103969908,-0.2491206390739164,-0.19761823200187978,0.8092164367234012,0.9827884989097798,-0.13968179745720283,0.36798267003983937,0.5461367089690616,-0.025051860571020292,0.23012544297006696,-1.948082023864705,0.9905951183199558,1.5319319458684106,0.4343353103155519,0.395693988121155,0.9478484134222916,0.17661673918981996,1.0739279118858205,0.1528927734764952,0.7559298333476482,1.1431183861146141,-0.06633012655045818,-0.5203733891232712,1.4174450407428094,-0.5369301740159198,-0.42915831891160355,1.587721621674245,1
-0.15709925355070228,0.8707870900117527,-0.5270118136919866,1.1985794404920758,-0.33603485889949025,-0.0015010088467701974,0.8367746245233577,0.2024393620309743,-0.06962365995556166,0.80359463325854,0.545089718907149,-0.06580874868735927,2.1898879331152425,1.0337545966735335,0.4672447604431901,-0.37654530287087096,0.49820581691969246,0.3329166934729223,0.1580430814180442,-0.20508021292695025,-0.11702751408987457,-0.09948725925412372,0.09400989753153628,-0.05034501072265103,-0.42878616802472536,0.2705559386431078,0.7308513863656645,-0.17910334599286926,-0.05416182235278027,0.26355824836388025,0
1.3109742385440624,1.5369141390294387,-0.01987230404409863,-0.18976418063602782,0.756138149783162,0.9463457431248441,-0.03087081423048703,0.6676403219739993,-0.1832252592113526,-0.2971368855749553,0.7244101455483315,0.08161854516790702,0.45689469805772465,-0.6346482333060626,-0.20729641981860114,-1.5013633710154322,1.8215747683189156,1.3299666278833024,1.306430656285989,-1.631014884911567,-0.32924882448038206,-0.1589019950668514,-0.3893471493884012,0.006576634882797791,-0.44938125147534436,0.18577262017593738,0.021206489469681875,-0.2404765474959518,-0.07429173142257744,-0.3568906002439825,1
0.2659535881767912,-0.6813271343979987,1.0354954146569857,-0.4519144983775671,1.312919198379393,-0.4418587816808581,1.6303992707449881,-1.1538600205671328,-2.377956192187681,-0.8211879036751534,-0.8055952414261228,0.4522074194837869,-0.9124586182938227,1.734598135333352,-0.5110853774582151,-0.20403449817404556,-0.3106019818729847,-0.303083722787426,0.11379706992607802,-0.08433393134913271,3.425494933808291,-2.9767975132747315,2.624609182667676,0.9056384761354216,-0.952264551458481,-0.9602651780870053,0.8536511915625904,-0.18933088606594578,0.24498383914898278,0.40551916820048,1
1.1805350687313045,-0.10499617112755621,-0.3548524451018608,1.3552066362396495,-0.9287917817042293,0.3488273198209188,0.4433896529108772,0.5008134426859334,-0.1509283849720187,0.7023303372611815,0.38622160792167914,-1.327528061702053,0.8606151521247996,1.00263603121561,0.37831037369985365,-0.11471902779261724,0.5885337850668244,0.2381253939972861,0.38857131598536415,-0.4412630283315605,-0.27133191767767134,0.025554280625064957,1.0060371852667698,-0.02435528441775656,1.7288320968286937,-0.5309335350214959,1.1140091705863806,-0.2910862010226938,0.27293798266384933,0.34992488003368066,0
0.0511993140843898,-1.1432515819671334,0.5474450927486076,-1.1798364333923639,1.0031020712506875,-0.8352495859969837,-1.3713345415438263,-0.9178534684118036,0.8659260322362949,-1.4045045093032815,-1.259094833556513,1.4343969368320189,-1.2070372301920311,0.3069045603266347,-1.4404285878622909,-0.4023012079580561,-1.0902725550538468,-1.3358199670258641,-1.0949288892021796,0.47917462712656067,0.4240887088206253,0.3419076743732582,-0.5444992458925397,0.0005922118045934095,-0.6433626983463069,0.4798948326244681,2.0509167724131228,1.5388009244990355,-0.6086008524641854,-1.6356966386487815,1
0.8538895430780725,-0.8401455312972568,0.3769900653411698,-0.5978840134613492,0.9871143086128265,-0.5084405083924195,0.26614180016904776,-0.4220150548904096,-0.1307246348783771,-0.43505605426044636,0.11094911494507527,0.32436008498853786,-0.8699738762928282,0.21967055650400574,-0.8023439127012283,-0.7696085830274493,-0.9241162622934246,-1.1824141480291082,-1.2540365146809287,-0.5326608901083176,-1.1112553399408915,0.519027875332029,0.17940936445605263,0.5656202005875381,2.117537382663288,-1.0505547719593769,-0.7132028376041888,-1.5196873947167626,2.5639841661066316,0.8763403359718196,1
-0.14279104623075006,-0.3733580258279793,-0.1909808521916879,1.6511280908672048,0.46580576644201893,0.3676690823515281,-0.08063257227025004,0.4811718542986042,-0.05212923280614166,-0.3851836570105461,0.953396370629876,-0.7339163404103974,0.4143110656752118,-0.19282203849576593,1.1096225921236116,1.3842387402580931,0.42464119013087737,0.5651952352965608,0.023517371912041424,0.6138678809300886,-0.13938290770430045,-0.30166291333552725,-1.112769843796251,1.0377486990876092,1.2177467730889155,0.06480587603279753,-0.34972832879567634,-0.0016523154161184079,-0.130565388986024,-0.29934566763519654,0
-0.7606637815365728,-0.11261720092994783,-0.0011288184524499215,1.289795040146307,0.03538421438456091,0.7359506460709061,0.04232137345989924,0.7242439150794304,-0.14511315723460533,-0.199299012853696,0.4388210900463725,-0.49082321600517914,0.3709839526913037,-0.26791134985141785,0.19890004267542322,0.0931874975694859,1.0970364272731152,0.6647737291318095,0.10152680835739673,-2.3105371211311083,-0.3713048644162305,-0.1296654109523881,-0.3773597228164361,-0.07969308415928898,0.43730113143901955,-0.7299606034337629,-0.8008829583050846,-0.17735630314017117,0.23085853169222265,-0.3221076886835173,1
1.0830415165686482,0.0833336221198077,-0.24410962437965553,0.7256749772885335,-1.0377704920352773,0.6226923385750498,0.24030675522335518,1.0736779523844895,-0.2339653546664646,0.370230402114529,0.34642479860744846,-1.2762951026383167,0.2997648612186391,-0.851499541333533,0.8323110821257715,0.18680952091808495,0.06192148408818612,0.38867844288094244,0.05790234169035141,0.3464853640413486,0.04069765412338685,-0.13782670706210154,-0.27806626194419587,-0.1176835742122667,1.1929784444541986,0.11650335513641215,-0.05466020543118342,-0.3383239896094342,-0.27642752581062535,0.8348572785038888,0
-0.06830152716841902,0.9426386622541769,-0.6568557282080888,0.9272733550512043,-1.1475243645435236,-0.11498281130063753,0.5304373591846316,0.1613182499955995,-0.05521392323945722,1.8980375680461148,0.28083271708943486,-0.14462093731934889,0.923042063990132,-1.7234091228777617,0.8855836913128153,1.0872391011399751,0.2351636521514739,0.39132674683864693,0.712509415821077,0.2891521672575375,-0.3550240988395637,-0.0839491378544627,0.15130302752628852,-0.06766598187556773,-0.60671960686139,0.5227717823028805,-1.4316539805066484,-0.11432401433076969,-0.056038943688767114,-1.184484273352308,0
0.04912905938991713,-0.5879963195553012,0.1979992892083477,0.308566084753695,0.4538914856167056,-0.3392692881093186,0.6032014089801101,-0.5163680053773273,-0.6584430041004145,-0.06814330728115367,-0.4863686002188443,0.2353435754770836,-0.23310494447623617,0.6682146790699821,-0.6891642623251226,-0.30961716698604974,-0.7891809430489798,-0.358666998655031,-0.6212962226450532,0.4076080706198487,0.5646400085077327,-0.02610362349141214,1.190494704791232,-0.274996373445235,1.0780321358593186,-0.4057657604658794,-0.10029861742182411,0.30653549545405745,-0.1505484565607224,-0.9331015262216634,1
-0.3143132227132393,-0.07356226728281481,-0.45525864989470477,0.4329672806937808,-1.3875277702389721,-0.3716440916735957,0.8511210867441431,1.8168276618941597,-0.2548550488415356,0.8666244809328668,0.029063937803313913,-0.9867961826572771,0.6081156740613805,-0.40848886613566776,0.7656934787097152,0.8952992970090569,-0.09813831079829795,0.5213808883934357,0.0802951482719763,0.3376883897077506,-0.1375643532295475,-0.07638423888403205,0.3118614819550586,0.033307051881718674,-0.44920103395665756,0.826453837256938,-1.1803876018040602,-0.0529692864315202,-0.31307241529338475,1.6086775403841906,1
-1.5114073596589017,-0.08138429226113295,-0.3350659320937224,2.2525104154407365,-0.39927377662084557,0.27021950283911056,0.4711082973087355,0.5717948642061049,-0.17223093020759256,0.9738697523949985,0.42621627690414016,0.23704739760019672,-0.2971093598650796,1.0204950146158638,1.828804038053995,0.03738289623483048,0.591100200508462,0.4786461788646345,1.232561273075191,0.4083686200350976,0.24442022628162102,-0.11099250174886899,-0.058880343600116944,-0.1283895114059383,-0.11863288529539526,0.15338701866075938,0.8735765316887725,-0.4075459947393664,-0.3922033172879723,0.8589551909969294,0
-0.37446053819707176,-1.320988822298103,-1.9086367126833714,-0.6264657240020822,1.297627939596509,-0.5829524088370853,0.525467594541026,-0.33466017289339733,0.08555965840716827,-0.7132078446098346,-0.4092763157214582,1.1932678124444063,-0.8334551473559147,0.23911857395614555,-0.873074219874514,2.396330024492072,-0.8936998451273463,-1.0147559788253069,-1.052743476194894,0.8105044720247653,-1.9557969922398037,-0.051298583825395046,0.22811809472684644,-3.1735167273762803,0.05324080216778942,-1.6238205783322845,0.5879498350799915,2.2981098202244135,-3.2486814666772252,1.7115015252511374,1
0.04131849592878489,-0.25995507439488585,-0.7412298591765205,1.2140624312983714,-0.43222971931962856,0.1138724532328368,0.43783195878622005,0.9270172331232794,-0.09887969396463865,0.1452543502715239,0.3418606224476187,0.014769501938071397,0.6258906515476295,-1.3606434748109233,1.0933556945838832,0.107910897231121,0.6570593425766043,0.264921744648159,0.43577778431451153,-1.2460956132543386,0.5088711486972031,0.03966921184154342,-0.054331479932223814,0.7929067632984417,0.20755000948362365,0.16252098074015928,-1.3644229957292335,-0.33399565309899204,-0.014223224757076072,1.4376759029849246,1
-0.19927557393789322,1.0157157916414197,-0.31625327246140333,0.4398820873393039,-0.14690791963931366,0.1699078989514288,-0.27332857194518606,0.5547096896351504,-0.20191439861786648,0.45573909900622134,0.6521509431748164,-1.0126355953329538,0.2280741423805924,-1.7380645826222862,1.2543535138029354,0.9049752543592909,0.35351101225123976,0.3694652516494008,0.19968756142429175,-0.41279442770899705,-0.3809488537717757,-0.10227710297249272,-0.14942000605764788,-0.14433803360007139,0.6891113485577729,1.2197306490936528,-0.6062967256114287,-0.23410627859966343,-0.07113751626533926,-1.0475028166746037,0
-0.6168016075315319,0.9398212796086782,-0.5677560864462169,1.059473556687572,-0.6138582069633634,-0.18514360643306396,-0.0025868512167570787,0.24678417610830367,-0.14729007894373633,0.9946640860807114,0.5167152608074673,-0.8349670454408709,0.4439845312390083,-0.6337786860960953,0.7233369520769105,1.7702162373080097,0.938191094141515,0.30255783085077875,0.2863409696472159,-0.3239230517134977,-0.13820915319117544,-0.1005798292668937,-0.2105387957454412,0.02648093461093933,0.8391834454294096,-0.10085391885616223,1.8987365362923059,-0.27727705248831824,-0.041759177203399604,0.5249832177510055,0
-0.6768760244824906,0.058845544216636056,-0.31490546007170367,0.7722810907316645,-1.3051219970794254,0.24582005518440708,0.8268429407336322,0.7726725161929554,-0.14778171651523472,-0.4858029977643362,0.8167789979427618,-0.4242357424284391,0.5682237491759957,0.26544615476686084,0.8544559151305084,0.012368492757370094,-0.1402233911520161,0.31508515190604874,1.20486815746218,-0.31460843433637187,-0.5424293838194578,-0.3816986865219973,-1.3333021714000755,-0.0006271531053263615,-1.9681103390148291,-0.4289576845883899,0.3869882484925648,-0.27687378195277496,-0.09184975443244066,1.0110178139446553,0
0.9909397555954912,-0.29414205617772027,-0.7542877237326623,0.8299146726443744,-1.1778789059706998,1.5350706447466562,-0.9557194350304403,0.5129161796466215,-0.1790583104072116,0.4457344661507984,0.24297257521135707,-1.2713398882682256,0.6494895317236966,-0.05389315641881524,0.865421155961507,-0.28862065967543343,0.5174402988098517,0.16404951378151764,0.26903230535802847,-1.7002107158285704,0.039294254518967175,0.10800630180143636,0.8677047277731486,-0.07229102058105417,-0.007307820951107783,0.33799406141128296,-0.7159692663938904,-0.1673231457078469,0.27810272405308595,0.27161502622561157,0
1.3178162371569138,-0.20080193029854407,0.9025156667941662,-1.0570351243860578,1.5135923215033207,0.1571116813131324,-1.302173284498922,-0.3178148719172393,0.2635465684076909,-1.3251692752930693,-0.7817333936814626,0.9010019357578869,-0.9373375230131785,0.7008697505541819,-1.502279685701195,1.0558768747536458,-0.3876685811924827,0.028948546373297423,0.4211171542579139,0.19645601711030483,0.4732999831073571,0.12210262978606574,-0.5572317033735422,0.14624131685333225,-1.2004115626337293,-0.04134474511355816,1.0659713535595083,0.20708741980558928,-0.18883929872599806,-1.2620133203160437,1
-0.5195415235490134,-0.23258951291555088,0.045786301216253704,-0.1777354521255859,0.43262780413264573,-0.38298835732946945,0.19432310589955126,0.04740810687264858,0.08884330607411302,-0.6276649054405294,-0.3597265204326987,0.6297899667220825,-0.5004624209402498,-0.4820400796955067,-0.45065860917531847,1.0270590147275913,-0.5748323264087618,-0.5267810711210401,-0.10502481212405403,1.3750367375613497,0.845904630302002,0.15458229545835953,-0.24394724030034284,0.5348366234614733,-0.4336936025925899,-0.32384236842363645,-0.5782112465011947,0.2675846699392197,0.4117496529111668,1.3282827134977624,1
-0.36202328710205434,0.9514201656827211,-0.6503727833607108,0.9371196974953384,-0.6158432269427239,-0.006520690960111461,0.8966681420237468,0.17386462797564908,-0.08034357524382146,1.2979861982324457,0.4613170928668901,-0.7145669451336413,1.8475080072403038,0.8842584671266728,0.3123345468925296,-1.3832339813551287,0.5043304545227567,0.311910777204536,0.4778075821642212,0.7342076616347709,-0.04381859046338686,-0.11513452938592225,0.12747048927353105,-0.27150934507630226,-1.170171204060634,0.7432181717786912,2.4163148801962673,-0.24251640007344907,-0.09666237775620087,0.3810510643288927,1
0.6330676692356934,0.7688195555398154,-0.017569115450260946,-0.627168685653391,0.09119365620129682,-0.14079224272231683,-1.1586766507642141,-0.1490002556224536,-0.08323280253712506,-0.026051432731621527,-0.5956793864792095,0.42474025305658436,-0.7343040958795305,-1.0550403248932252,-0.8374844082106618,1.0495311224856128,-0.6411722699987878,-0.5717054937652196,-0.5597905697402578,0.2104032325458843,0.30762172505172986,0.032010406677595485,-0.804316279565652,0.06029636128494003,-0.5171068909101896,-0.04219823059540347,-0.204678198770095,0.5121625655757224,0.554894710874935,0.7134434000277872,1
0.38496729354746095,-2.5915984451566594,4.343436455023925,-2.427329997484634,2.288833219282878,-2.7977426803930623,3.246160836082564,-4.275690427255717,-6.740363917427501,-3.5791300914580937,-3.178839807621579,0.730968026628029,-1.2657997914655121,-2.784068926050702,1.1433674955281836,-1.7946093453336405,-1.124680808980406,-1.4436308859510074,-1.5362560547266335,-1.0162818874495727,9.778042527937403,-13.69007890165249,10.294173185395133,6.275297186816581,0.03282598141337061,-2.1045168447451057,-0.2857900728010972,-3.6818143224447897,-0.9192543382951992,-1.6290214395317704,1
0.8744510328880973,-0.08498139757068657,-0.003663889696647061,0.08875599011095966,-0.8498557195265238,0.4099101898031131,0.02143203194769849,0.5332505086192412,-0.006871220527501069,0.2215181741468319,0.3604927039118397,-1.546529450687612,1.0394042034917201,1.062422696356509,1.160797622741856,0.32174916205661186,0.3566493044915661,0.3309127382529162,0.4732024462973577,-0.0751973353064919,-0.2678162566390238,0.08961336158352176,1.2231155951890207,0.006248978908877073,1.0717936995446373,-0.9977684226282179,-0.5074209484771007,-0.04551156278206832,0.1888556318323331,-0.3163210255168022,0
0.9158621288764172,0.06060707779282384,-0.07650969118794235,-0.31693427112906175,-0.7537846815579833,0.3931586900058213,0.13828431844113787,2.3815620844694796,-0.35287050816482224,0.03486409280173003,-0.09441525423761306,-0.8690931164316137,0.27204394483139455,0.24598875502821224,-0.12087759237633677,-0.06603533233358248,0.5176638008780953,1.2343680699358963,1.1972774869227232,-0.5459647238617792,-0.13102576116918904,-0.048026186793131,0.47776110228748103,-0.39604252353637304,-1.4793604937416793,2.3584955812501507,-0.26872092580869855,-0.21445638532782457,-0.43902254332271773,1.5574604160450458,1
1.3896891856545346,1.6988761914822614,-0.47690176392536404,0.08208155897316495,-0.5116779820453247,0.2709893540051904,0.08386767152670833,0.43288138735853016,-0.18317203950539074,0.6442219513944091,0.7162583641877045,-0.25968579365649375,1.4515113643657724,0.15361970794822372,0.9007937806836407,-0.6420961800756704,0.5554038538088992,0.23406394983243733,0.13141157847212412,0.2582267204116977,-0.3034059319360549,-0.20697179595533374,-0.6397517073606745,0.22970735533149428,-0.7275318148200252,-0.48350541962941984,0.4471877693023641,-0.2888633863997171,-0.22975915322067786,-1.1876488165680534,0
-1.6722655466810563,0.9996461080678631,-0.4129188183363774,1.0469494625692293,-0.4678772836083734,-0.05801826275919463,-0.04809168850671855,0.2985605315739784,-0.19301804574084078,1.7238425461406266,0.40070695520034294,-0.2100105540224026,-0.21661207070761135,1.772413341802731,1.727383078031667,0.49840921434913477,0.7760115433209841,0.5477886672978491,0.1854351243042284,-0.4172424510915554,-0.19545720693506305,-0.24093543788634936,-0.7235651376010028,0.11746318202663077,0.6970451071472834,-0.10090326360319267,1.5120339268447778,-0.3037775915658864,-0.06623650599661852,-0.18232353028333834,0
-0.5862882400719994,-0.9933331250555095,-0.24714741645515245,-0.823906677743771,0.9774150975163791,-0.31961933273850046,-1.242867712018791,-1.0470015226395757,0.46641525106502746,-0.8977424643681943,-1.05883017849895,1.421184756733771,-1.2681427119964568,-1.2220849312770292,-1.2772704423053962,1.274143873810757,-1.4103297676682256,-1.5036896160198716,-1.2996636042380596,1.3945909747924183,-0.08837423565439353,0.36985619040524825,0.09700716090517628,-1.0571662383209521,-0.7960118601009845,-0.6673058973436596,-0.3308011186104229,1.7622305418467379,0.6461655921395162,-1.184484273352308,1
1.153029714303275,0.7399446300307917,0.39969219484733465,-0.7376476800851195,1.1687706848470145,0.3198521756804041,-1.0436690370755328,-0.05288795455844743,-0.06446545748255178,-0.8081378105022079,-0.5002111945892026,0.574560169253421,-0.9130442972222391,-1.8070843368856737,-1.183712862975604,-0.6148288627617378,-0.3433013185585813,-0.22536991201497417,-0.2012877682411552,-1.6647432587825817,0.13083658830395858,0.0724524477783808,-0.4210974066261544,-0.10635591716915777,-0.3196203235192133,0.6646123718894044,0.46320148563232255,0.5422033766128643,0.6476958151814528,-1.130297265965729,1
-0.07947562771812901,0.05995387877436557,-0.16499738114704432,2.0262942723394777,-0.11493121544702312,0.23288931888077097,0.34799172537951206,0.8711244435344636,-0.2658613975030984,0.3672703265961735,0.7108738337880699,-0.9153533959630485,0.38432461172800286,-0.41439516752262684,0.5170356686746114,0.6327316451093016,0.06267574200778774,0.4296077283922656,0.17620181284768818,0.5995753182325675,0.04079690177703754,-0.1868839024368283,-0.25830824172353156,-0.21659093430855156,0.7319135084965845,-0.21378061393891656,-0.9553676003659628,-0.5050870422764253,-0.735321508637744,0.6683402861500994,0
0.5873268414702639,-1.1029280067898277,-5.065885401050843,1.7395671556807182,-0.702196030500269,2.7822815618158874,-0.7739639290050232,-0.25235655476426294,0.09657918584953318,2.842678515811529,-0.09495690868556264,-2.8784118418473685,0.6742732357071013,-0.7863980885698117,0.29239356264219524,-0.9542867504503042,0.25368501436112184,0.41529483626259395,1.0948457040998605,0.1875174109748382,2.8734437442330907,0.30200406721659434,-0.0539584754198511,2.51506583827714,-0.26047241918524167,2.1203870629560613,0.7424895290154625,-0.6070744988802858,0.4061226675683035,1.7119116180868204,0
-0.20302167569025187,-0.17648513556167694,-0.5319312555533978,2.232299659162216,-0.1374547644252418,0.423405016542168,1.098803443873136,0.23846009788004038,-0.28265511704152924,1.1718705378225334,0.7603491596202094,-0.16671301268430472,0.7396168923450503,-1.7081482277355076,0.4399264477425329,-0.5921088826537696,-0.12209543081175266,0.6515388293439114,0.1856495704192107,0.12226573090268777,-0.6139704697917405,0.2505933835359458,0.8519880436777924,-0.3394800000127017,-0.4735093011376768,-0.9342015049579792,-0.36270661214507977,-0.18543908860712705,-0.7698111421277327,0.5438718405972831,1
0.6359158071441229,1.7090931721202076,-0.45008918184985097,-0.16738219007996635,-0.5929018205724687,0.5424745976021943,-0.23165903124255002,0.6662495334407893,-0.2450006151383956,0.3031589468001948,0.7834133520437836,-0.25722087609502414,1.0784099375079925,-0.06990813442758133,1.2653980267894398,-0.4596127812631732,0.3836807549399886,0.23481740276863072,0.263550054389387,0.16131959378489355,-0.2401994284332988,-0.025745576538330095,0.39381388059998496,-0.1309696280438603,-0.7399901405130058,0.4260375692359183,1.6149776968551472,-0.354326188225663,-0.27004999818681935,0.46217964033848635,0
0.9348302071736525,-0.203806126601164,-1.4670824621313285,-0.8344703556250901,0.6138759327267864,-0.08316344631465114,-0.675902649623507,0.7919561468542334,-0.268386201296413,-0.38099790470557304,-0.4334762429820344,0.18559634903866296,-0.3525488913347052,0.7877655579397964,-0.5906951088245512,-0.07041714008776945,-0.5384921420651955,-0.2720315148882224,-0.26932378036291404,-0.6977869404964467,2.624675334122625,0.4512677732217889,0.01835574709811635,-1.2778164474465132,-0.3826225308056337,0.7782214024074654,-0.6148917678365565,0.015883538288038134,0.7965215516713683,1.9362259042323628,1
-1.2962673672101055,-2.4610643579065012,2.964581412316827,-2.4025600925691815,1.248860029340626,-2.809719064979095,-2.709577597831919,-2.21227693312983,5.126501085394661,-1.1246580373436414,-1.2319978298900354,1.0450094784406068,-0.9629307014187833,0.9333884192484841,-0.8235762810118021,-0.12770694975961241,-1.1535673634151995,-1.3525066170373037,-1.3963900870977224,0.4620703293667553,1.4826636746577215,0.5926520135245129,-1.6316283111366248,-1.0766815355347124,0.2979429145686708,3.158983417487739,-0.4488115007201973,1.5831137660596535,0.7453623626131564,0.9067622997526911,1
-0.28784195244033134,-0.020933841311414732,-0.339935806555721,1.4238447892753656,-1.8379354298371746,0.14973005831512667,0.3010431935850697,0.5327130393106154,-0.13990017260628834,-0.3674662623502493,0.6850266572040393,0.06809425490842398,0.5089103965163524,-0.026863307011607176,0.641475730085779,-0.4643166930920899,1.2519444317619046,0.45491842639079816,-0.3441117255237457,-0.28038792509977106,-0.11140997779138004,0.06538028857726143,0.8760267352650022,-0.28452577534600076,0.08899305997578966,0.08349186606928469,-0.5771941973503709,-0.2564435048143033,0.06713362036689359,0.34831918197482903,0
1.036028425533947,1.5516125131973322,-0.5491040233149305,0.08831936324039358,-0.4817304884332852,0.3971772829640358,0.6249282249568464,0.3779877673973132,-0.1096202740554546,0.8795451070723322,0.5847169304563076,-0.6492209899483391,0.8412509568066847,-0.595408368601223,0.9471834492094107,0.9567272387753859,-0.042660011758891246,0.6889019824369228,-0.7033778378217489,-1.1277767434063413,-0.44735871660762566,-0.17902600065617844,-0.41736311297401113,0.37842122757444085,-1.631656284036647,-0.8858385901029088,0.6286543519093023,-0.2384497340206029,-0.22166557583275984,0.04599870965174535,0
0.9670712457068709,1.8328634093989187,-0.6786414592325142,-0.1923158874659623,-1.1870713783150864,0.33706795011286494,-0.2446730143485889,0.5080739523826637,-0.2649510092826931,-0.0777582163954846,1.0518868181362735,-1.0325917998875067,0.28857825833998363,0.320811354592346,0.8341322790914275,-0.03750163322203872,0.7412418049482289,0.544814571393746,-0.5195553907935646,0.31317704840178434,-0.009842916042849256,0.05709884763788138,0.857433639153247,-0.12686048788198134,1.1887000842372233,0.6677167990271833,0.1436269000795614,-0.30449106632246337,-0.21523282568206195,0.7359889109994511,0
1.4284301045455363,1.6830280924424161,-0.3584214097423379,0.010971363404905891,-0.37822930698997415,0.35325566071692094,-0.1613332797479456,0.49197873041062534,-0.2136897976897538,0.6475924591822216,0.4450582374834971,-0.5105781371998197,1.2926322914722144,0.9648924803674707,0.25050006101246264,0.047619442581285844,0.4649750128784673,0.6887205822922344,-0.09505554008152191,-0.3921182857884224,-0.2204189217875943,-0.22926249519682587,-0.7156660719106204,0.3439937585141286,2.17802870408266,-0.5294181881525669,0.32333125289741055,-0.2664509550111452,-0.13149826927341332,-1.0995293345056392,0
1.3128452964159059,-0.376322141265103,0.8393305378761439,-0.9222954353470018,1.10386673294514,0.7461170024614565,-1.6019112013690053,-0.1439893919425646,0.14850691714265418,-1.3485198906037983,-0.9759462182059847,0.826430245020593,-0.9620127729760459,0.31098647318558953,-1.5314338365661322,-0.6535929814356454,-0.13579562600809303,-0.19494209225328044,0.2307230836532826,-2.211770761571088,0.21507455092332628,0.14961627720249954,-0.5440191020184536,-0.3495362699892257,-1.204952191015548,-0.12624408263621698,0.09864643217634068,0.4462726284075392,0.5113708355505922,-1.2620133203160437,1
-0.7393094714091634,1.0053760798180533,-0.3975877032103728,0.6826570430155599,-0.5626943021503156,0.04376642856336258,-0.19992322843099727,0.4553058395034893,-0.21360417349459673,0.4454719536626382,0.5373173959814235,-0.6035717428415859,1.1526406356710637,0.997355566547289,0.6965742820569593,0.9212646789775318,0.560153562951779,0.329617114218006,-0.1362811563339233,-0.13581465093332779,-0.08938150900411043,-0.1836562765110478,-0.593804706328187,0.04645278170612234,0.9169482999669706,0.23109614386955515,1.624651662391864,-0.29648511597942384,-0.0649022689247988,0.14220310826097382,0
0.7256483268623665,-0.5191837054720045,0.24696500200307175,-0.4541858363409491,-0.11125448621581983,-0.1642242915749654,-0.2837608818726226,-0.03863616506719995,-0.07821129960839372,-0.4173192250145422,-0.6493411914654286,0.9193619085707557,-0.685322558589242,0.7663698289742399,-1.0000107339922704,-0.24911662131582693,-0.8535262008483178,-0.8834417756239257,-0.4529155274541921,0.7666217079120791,0.024853538648039394,0.25358801888616905,1.216269604193708,-0.27170453211169426,-0.8514054306001485,0.18350830788406078,0.22823392881979143,-0.1399166214825826,0.041827165179572016,1.0673606037195427,1
0.23397250575824632,1.3811849934274538,-0.43056080112749934,0.30816531131460184,0.6440105709053032,0.8132644981848893,1.8364703577751516,0.19676167141302892,0.024542075141925905,1.16695221546813,1.0663676413497223,-0.19295789342249037,-0.16235363459309787,1.0050377621068727,1.562334290863324,-2.232985375169028,0.33939240760615325,0.7302109546120094,-0.12964729251589635,-2.0200588331474627,-0.4708468089678418,-0.08968232954626221,0.4620731946008278,0.050996459449873806,-1.6704029886836056,-0.20288322387009491,0.40045893054100695,-0.20518530003284627,-0.21945790537036697,0.40792273536915535,1
-0.911800997794843,0.1388058019114759,-0.68697577403192,1.3545918240893928,-1.5829993715053676,-0.08393792449143223,0.04961872827350116,0.23925748493009893,-0.15011928955740358,-0.5748357299955185,1.262770661033482,-1.5510419724511308,-0.24582710846487055,-1.1505448165369425,0.6531616538000508,0.9637957270570343,0.1473544539026312,0.70390915701797,0.7696632637077452,0.40593831236433736,-0.29618659234326156,-0.1475941566234729,-0.2045365591364224,-0.04621708098102111,-0.35454144178182867,-0.6230272056731662,-0.28775201738641204,-0.06295255912377645,0.19933613752436974,0.26375171903898903,0
1.2311583844081029,1.5736425310543387,-0.5883271297083875,0.4382481752375818,-0.4187866940252125,-0.03499176055812226,0.33256579189555247,0.2179019124327569,-0.1312153952665217,1.2309517746703578,0.5963300974684144,-0.10794947866307297,2.1516663901209037,0.790977283411416,0.5806812794218261,-0.3149342525472619,0.5201420751541551,0.2284766026141997,0.6433213151761099,-0.25201406205667554,-0.2746331299451924,0.015529739519413076,0.9624402671378096,0.07304641236327523,0.10927408461609937,-0.2705157701350218,-0.48420504830087496,-0.16511673041129576,-0.17196141548949656,-0.18625899938286047,0
0.21922691978782116,-1.4936747635513037,1.451451488179381,-1.837255564332703,1.6232468252299947,-1.796882687384459,-2.577200254516339,-1.6605035259318575,1.7587121327338868,-1.415751119316801,-2.1383892206318795,1.8723293589285481,-1.8807145882667702,0.39217651483584776,-1.6952806214829272,0.5239978793511468,-1.9048134307742368,-1.6910651714268834,-1.6141259758417392,2.4402933725238314,-0.9170096890791694,0.9212638939596369,0.6114278779812735,-0.9991649298660134,0.9109173082898223,0.5337183359206411,1.0804034562284308,-1.3856458020589215,-1.0094217682034123,1.1798056597875972,1
1.4484180661767654,0.1403795567939009,-0.2999865783627129,0.29881501583802594,-0.9162430778343778,0.8937797348969797,-0.0961363992252991,0.9230581910878319,-0.20454114994695782,0.23211843675878183,0.4007636183571238,-0.42410739287163496,1.3251408759609993,0.11025875165281616,0.9729813255137665,-1.3973710992360953,0.13162114463775215,0.25460870384240925,0.3696935279482984,0.18617515738845256,-0.12995174383318556,0.010296557413822911,0.6744840671641498,-0.03482389500598818,-0.5586105217841513,-0.9915192324492285,-0.9054294625835577,0.010865041999473754,0.4086367644333904,0.5925786177723458,0
0.5697987503433655,-0.015519809585427397,-0.14313158027313935,0.3430101281651119,-1.206592116319739,0.7651123307647477,0.963586222555589,0.580248463802017,0.01137918007753008,0.44126874506245084,0.5794976924633957,-0.2191362610258614,1.0805025118718112,-0.4488963135535391,0.9429366311937404,-0.26970201863769766,0.15367582505715477,0.4430399996110017,-0.3742918705423323,-0.782836233607132,-0.14979899891015946,-0.18644526846692744,-0.3305880433034788,0.06334476280056009,-2.5844839081340787,-0.9576672934494617,0.5088080886910487,-0.09654657299735375,-0.3954485427523916,0.04599870965174535,0
0.9620715446004943,0.1730031892593285,0.4963752081133835,-0.4506379990226358,1.174892423796296,0.5000978605754542,0.06814246713605858,-0.04876357250618881,-0.6983232361305589,-1.208908422019846,-0.10022927279008607,0.10479363202844512,-0.5217621921096701,0.2502295201782622,-0.5729797596221747,0.19162849387468014,-0.5357285229147125,-0.11614883755833658,-0.26120860740402757,0.5667071702664923,1.0440763225404086,-0.3855140516866021,1.0753063590393794,-0.34616381204869173,-0.5273802051501753,1.2568053934767465,1.6507308878493632,0.5677430392753138,1.1473294471952329,-1.184484273352308,1
-0.39234240998545145,0.19570139543325016,-1.8762943175210074,0.6228792113057908,-1.320812489909518,-0.5639766444280283,0.08259736131949426,0.37417869876092624,-0.19741039641151076,1.2582413174851834,0.2931648970118824,-0.9548881027535312,1.1443134618578177,0.059539724070789585,0.48936655908727955,0.2221275391759122,-0.4701784344686911,0.7160866239920669,1.2335155407463159,-0.15278249690504644,0.7679176477421901,-0.13671324833644014,-0.9791106378780753,-0.4768481397451408,1.5740471267001337,-0.05610212269791736,-0.5787125651938394,-0.2660016314876751,0.22630522600076927,1.7084756650081705,0
-1.2972143613289575,-2.4277962046409485,2.9105671406864175,-2.3745139146253953,1.2425939403507074,-2.76573912799657,-2.6811316197184567,-2.1836694051162735,4.982384151675066,-1.1331216007888982,-1.2427320948073723,1.0746839072762802,-0.9854271323994981,0.8624141945220326,-0.8587273543254813,-0.1200775308019447,-1.1732789752139265,-1.367438499493519,-1.400693743161122,0.49312118724369947,1.474272051594306,0.5913470141670321,-1.5894142669496565,-1.03896604654846,0.2891951976225102,3.0558156779153736,-0.45004473740810197,1.618209525192942,0.7618741891658303,0.9067622997526911,1
0.9862648237403885,0.22021568114486353,-0.3453116031254428,0.12467492186560887,-0.22138266339338836,0.7053476793775029,0.6775095964450527,1.4960354885778617,-0.27352151797677776,0.12445599600789053,0.5697779718594146,-1.7783820855882686,0.4998970409934892,0.493272102666725,0.7563328465771326,-0.4157407123432926,-0.04107623373560618,0.3382842669515086,0.24010830275081235,0.5004633206284467,0.48308791031680054,0.02829521080548462,0.7234152690242877,0.40658129264655246,0.03314485751671958,-0.9650860997655111,-1.2412642684986637,-0.16879857520079558,0.05735411079762104,1.344657368249441,0
1.3615355934227673,-1.0207437970344444,-3.87641096152866,-0.7025221732964764,0.9647655417486737,3.632186507150387,-3.3902773856545063,-0.5101798393143779,0.06930597319581852,-0.10967127295510631,-0.33332740446061315,-0.026681669549928084,-0.18573092980848246,1.1216745359502862,-0.551703843878808,-0.18210514982938028,-0.5708276606821817,-0.22072633652562348,-0.20167954867151022,0.13319427759244495,2.8320117830120743,0.474291376106747,-0.1912407530163369,0.7962315096869879,-0.4971308898102355,-1.575528133418586,-1.5814079010476707,0.4367704241777882,-1.9765587722377602,1.3655677185765556,1
-0.9033475259407341,-0.835448614570081,0.5299993430352896,-0.5852339752329063,0.5997468285767632,-0.5136809901139936,-0.1781992125363762,-0.7089725945306381,-0.03780234898564742,-0.6633356969726393,-0.8116979868686585,0.7602613776517008,-0.9773043944113123,-0.986454789705863,-0.9492307029980713,0.6150360694770318,-1.3097095827650114,-1.024770015371998,-1.3537223127783686,0.5241880316386843,-0.3521587235668028,0.9071129115093024,-0.08645882905432364,-0.3040876875961737,-0.17171217824165041,-0.8195204056867923,-0.6176540076611658,-0.002778786551993294,0.19713787230197016,-1.184484273352308,1
0.2839961424189427,-1.9980131695691115,2.5223085792158915,-1.9960362264392697,2.16365489264689,-2.331294562720081,0.25218116108342664,-2.740342698097242,-1.096887993469909,-2.4980477445021037,-2.175310040492079,0.9819686973647137,-1.6126939674999088,-0.025584751324592616,-0.36834604194435405,-1.8493718643687977,-1.7644431104983984,-1.8971162389813157,-2.1069423335640405,1.5634723995434172,1.7219712739204118,-2.242705855966665,2.4812040507691515,2.062702175219255,1.2755330725806489,-1.5641487845259527,-0.12662168243488656,-2.8084782281044482,-1.5731898730825047,-0.19472642738442514,1
-1.9294540716425843,-0.3506305340948062,0.9152476221600385,-0.7744528857505301,1.1006090598904532,0.8526794772061691,-1.491719789859716,-0.030258657552792254,-0.009822628983231151,-1.1423067532001585,-1.1091149363061632,1.6679168071677974,-1.3996910615284357,-0.27867632581680046,-1.460775849315915,-1.783465538020659,-0.47567057562591825,-0.3323960429204436,0.3740813902664124,-2.184731644788191,0.453781086216987,0.15484567750108685,-0.4288520628841835,-0.6734368613906053,-0.5139102801963144,1.794107440165501,0.691197731087242,0.8691315801446873,1.0912146001807548,-1.184484273352308,1
-0.9230898350282036,-1.289756988700497,1.2240390365795892,-1.220881221218695,1.6223575422459988,-1.52752270855483,-1.1302957815039114,-1.5079439036557685,1.320653703290154,-2.098152528569357,-1.804067988464599,1.5958610396149164,-1.6808020743108825,0.839224854037652,-1.6848271624773274,1.0561367063899774,-1.9220521312046261,-2.147050254068211,-2.0122270113489935,2.0597363857284816,0.4415211498950194,0.8211227834875349,0.6084258984713637,-0.014762375684857693,0.9974128809954409,0.668858334007403,1.004351957067652,1.2953093151283153,0.31325291679863965,0.8512456918871695,1
-0.32335050969118456,-0.35311466120469426,-0.3032005118713874,-0.11541787476697286,0.36679963162728696,-0.65619693103261,0.6844197275227049,0.08277616630524064,0.1253795245504401,-0.2736838510416099,-0.4773083521558017,0.4584257248483339,-0.46979729734673625,-0.6581671374049086,-0.5796266744435851,-0.4649813552937324,-0.6806536049754538,-0.44008418003592614,-0.12730542904626127,1.730318092412351,1.3301155928498296,0.2413286743663404,0.25744794291662715,0.8989581343287961,-0.2784180714364203,-0.00407800407675689,1.6639028048928723,0.1532080173810868,0.4247438372616941,1.564635022703273,1
-0.2511683046157956,-0.44891668085760283,-0.6068673772766343,-0.2425057679880821,0.2134612411293609,-0.883818928717531,0.6743503912126956,0.4421144714177248,0.05323872473924862,-0.11761400302311535,-0.6893183183045788,0.7389308892289772,-0.20904729499910132,0.6870418722798912,-0.6550834603429987,-0.18340084339444582,-0.8145608379157054,-0.3774403180532071,-0.03980501902377487,1.7903326322610573,2.0547976707014652,0.3392515479770132,0.5734657625671331,1.7194294150163953,0.6464348822160341,0.7885267472413897,-0.391753456194588,0.06741335187979643,0.4135491962002593,1.7618666756822439,1
-1.0431636008862983,0.9245003960525378,-1.1577548972168035,0.9135744249936357,-1.0745493281046294,-0.4171469123760204,0.2849193799101973,0.10224826068341844,-0.15922692638814948,-0.05344932717411562,1.1890761231775695,-1.421146468651186,0.2675364436955966,-0.011570914262514533,0.27917882750330986,-1.1653952117355122,-0.0692654604637008,0.9276181741354014,0.13533934197950037,-0.009910963299072375,-0.17252719170494055,-0.17948682706823443,-0.2858360415383304,-0.18563837229078403,0.798700821662411,0.6523834986839661,-0.19942238845097,-0.17944512579059996,0.008727546662435755,1.1380725258979199,0
0.045862779701101336,0.898801592135115,-0.4446038827636237,0.9498841499541418,-0.22169781042650175,0.016657445615163628,0.3199015307735627,0.36641788226349925,-0.15400868616532298,0.7430429740449859,0.48722322536641116,-0.6170390745696644,1.6973790473315227,0.9519491178429795,0.4814483264802569,-0.31277349474093624,0.052719152085001726,0.5877386524282097,-0.34584098513135525,-0.47028659387546506,-0.16721407533689708,-0.11010212859156762,0.10566782590965311,-0.057431677359132856,0.9979832076670723,0.6637647087712852,0.8710586917417641,-0.2058254467430739,-0.05042817546657445,0.22335373991522653,0
0.6499221243009909,1.7633424859742277,-0.4109181235136972,-0.1341286933535234,-0.5695377040445306,0.39313326730551434,-0.6713925251523032,0.7022314302970237,-0.2812266329690226,0.6189279045747602,0.6209356961128443,-1.0118287562740005,0.6345218839258016,-0.4160313013245273,1.221980520510066,0.3721827676657803,0.11243467950362727,0.36341872048981855,-0.0036428038449456963,-0.12357891287415526,-0.3578036768890204,-0.032169414373512166,0.4550519004409112,-0.07316526095358336,0.16816776276012288,0.5894510835296507,0.5194600528269181,-0.30447399473495224,-0.23739287653778487,-0.07640926061789922,0
0.9273733612145586,1.6301434483970418,-0.594946625880068,0.42023345440387666,-0.42779318790602316,-0.055980460088947526,0.1736626881713128,0.23179285312898884,-0.1685667261213329,1.2668818251771379,0.589683269253378,-1.063260823330177,1.3505349506167514,1.1736945190364259,0.4384011463970732,0.2353195093664343,0.5559261854220182,0.29132091874507754,0.16560242689635227,-0.5018211678281272,-0.22168473773308994,0.002038487665623818,0.8806311392141644,0.08142997172912676,0.1591656585692131,-0.4301868569120651,1.4955706297974345,-0.23230963811000363,-0.1770862914071267,-0.02148891831368087,0
0.7926130921443302,1.695873163034639,-0.38404810772825293,-0.06836405307700846,-0.5092434134419842,0.5831513484046065,0.31431361567537747,0.45018889252878574,-0.16798682356012595,0.5165255682306666,0.5087765289728093,-0.06493005230428218,1.7192700267661225,0.992274423325723,0.3014284812828107,-0.5506607510956963,0.7706305610176815,0.4739995934261154,0.3394875507791754,0.1000726726976042,-0.1842178301692476,-0.23000281386814936,-0.7482762957084733,0.23453615842249254,0.28098519396718136,-0.4193327476107215,0.39085223711569206,-0.2716398284020374,-0.1675120552421491,-0.9774336341408756,0
-0.8318855725964804,0.984139578987373,-0.6325124171723706,0.4119911451569867,-1.4290841719190648,0.111492504109834,0.31699444694771495,0.37392102680111156,-0.15653641750991415,1.6804582187783155,0.18837500808618146,-1.2310198182366332,1.067627105311356,0.0037978232765343892,0.654342520995021,0.7819866667279303,-0.04858221436330801,0.5294081028536165,-0.1141572499899646,0.6242218087255188,-0.1321251276534984,-0.1877170976627657,-0.43638079201871904,-0.1636181160023366,-1.2262204697061156,0.8794971973284316,0.13118747468995523,-0.2012676735922876,-0.07252107702831787,0.5777404505690839,0
0.8306766236301917,0.16822425828490792,-0.15360218520368038,0.09752436589435295,-0.11162626941919333,1.004404488365606,0.265872688080474,1.1316860972482832,-0.2163395759974971,-0.023499273689962262,0.28873725652795085,-1.0658768626555128,0.6060287790133485,0.7546870985906067,0.1836511867021208,-0.23643884456040903,0.13742540765124683,0.9090085936793966,0.539559269693549,0.2517628570266628,0.2686409465406209,-0.038747948690818435,0.24099936296578967,0.0313068127400117,0.5930906435571416,0.2809366099691339,-0.8715084054705701,-0.14049529605359815,0.14324008968216997,1.073158798399909,0
0.2289459690359703,-1.843737731696597,2.131892458375972,-1.9643894764533976,1.5921129955070952,-2.130974824520219,-0.6892780592736721,-2.507674220292733,-0.90850149064023,-1.801276138974238,-2.398059754940516,1.3422582480010714,-1.6679837024396593,-0.34651825938310166,-1.0870278762044194,-1.738298418414351,-1.7409289524480411,-1.8091879830209117,-1.8808754201440123,0.9407904641973625,1.473515544861839,-1.7748243746133372,1.764338656440316,1.7079185565275652,0.7464033700873476,-1.9677092824226086,-2.3408214749135676,-2.1553747086992314,-0.9647953608222154,-1.184484273352308,1
1.1883089727015475,1.7815807970264441,-0.7438459438284266,-0.1321777188962037,-1.439360628892327,0.627435362064277,1.0023675538401713,0.2647085913040949,-0.0963507652255179,-0.022194285729637976,1.0504199753672963,-0.0711589520216304,0.7483388294776232,0.3395214860680608,0.8026258748032354,-0.031806082386617404,0.5193364103414788,0.6723881487800292,-0.7052166257763517,-0.08647650319860657,-0.17963748341988475,0.05372756363490071,1.0707435244109513,0.009572630313238517,-1.4960946460869784,0.08777867701166268,0.14873428677579736,-0.22306061015094597,-0.26315606398840036,-0.18576536327890644,0
-1.3046308702152696,-2.3243589760236905,2.7472974519454185,-2.2881273959656045,1.2237183358193857,-2.6309220236007644,-2.5958530789199123,-2.0967596738025347,4.552799090468251,-1.15839743451213,-1.274713888086727,1.1620552159577782,-1.0506819412093098,0.6491050105179216,-0.9599509030846493,-0.09708022754776525,-1.2310174852252918,-1.4117222276139574,-1.413569952445066,0.5855109748588807,1.4486637522307941,0.5873771071347471,-1.461754293733433,-0.9251794383299924,0.26308463540174215,2.7492246663203987,-0.45372035967646,1.7246562999333817,0.8113621528697497,0.9067622997526911,1
0.7804192177314102,-0.846293931012171,0.32613299869355944,-0.38699290683415777,-0.8447601021066556,-0.5366112936986138,-0.15775090194673883,0.08552217151820597,0.6110460525835838,0.40140402831613975,0.6460044069741978,-0.645890836831314,1.9536088478601743,-0.5535267426095666,2.505129465903655,-0.9540438676581469,1.1468249745867465,0.6539900875179352,0.23140435202865925,-0.29813770050683686,-0.4039331993168248,-0.168394042566794,-0.7614583608487776,0.1654822107459068,-0.012966399996384888,-0.3322498859555287,0.3248977444866852,-0.24498359646410947,-0.24924511609875602,0.8600449143042196,0
-0.9239192344668968,-1.0828627640209212,0.8752025716068579,-1.1237212956166516,1.4006709532670951,-1.3398109377160452,-1.3405508080492652,-1.3522874052897584,0.9353851498658033,-1.9896666026985816,-1.7203903997384749,1.5593006722582183,-1.6772488410342683,0.5076876900592866,-1.5873280020461285,-0.3522105701872392,-1.9706422610363794,-2.313843958295375,-2.280811009691832,1.2399530208787446,0.4458063595629211,0.7263040778759756,0.03661538420026879,0.16902052665055428,1.1818161371269906,1.171314511274679,0.1988962048367279,1.6231090818207456,-0.015155878815006426,0.8259846250355879,1
-2.3314317137863996,-0.28602785515620666,-0.453847619175763,0.8622442524581143,-0.9842069163231222,0.6145441980534816,0.19109451783587617,0.3165367312709462,0.03415355972234272,0.40757288685231285,0.36836377987501756,-0.8631967358457306,0.5344962196143124,-1.2355814843997708,1.0631990604871469,-0.7386497621923408,0.9533790152079257,0.2312209041768267,0.6887481806011132,0.19368372653590232,0.026376448783282564,-0.13998921863756697,-0.6780197878447031,-0.20012016959862397,-1.436164282520372,-0.27287260818999554,0.7341857566603879,-0.022182709458989956,-0.19083000825219523,-1.184484273352308,0
0.6735821229003413,1.6558736812223693,-0.967980726058326,0.1858120843994806,-1.2426817423519712,-0.07212472359118621,0.5354063580074251,0.11586694963576549,-0.13542202189484523,0.3937757976890752,1.0538847909477251,-0.5558794472338012,0.5482852190071124,0.6340526770891867,0.4867157020320448,-0.11232721627078839,2.181355645816539,0.23704433024907154,0.21519390378993924,0.5271331247744914,0.1235653606700069,0.08549571757073804,1.0119929169517237,-0.12366085916853259,-1.7323709475997362,-0.2566380883506802,-0.03633801585936511,-0.21974620688543625,-0.1790644424701547,0.9487343135167837,0
-1.2535167192410468,-2.6740393642856657,3.367248351663911,-2.5857696920850173,1.2823527129045105,-3.0983452357437224,-2.9335327327849585,-2.415346226686902,6.1539060592450205,-1.0660172835467225,-1.153262415330996,0.8268532123471941,-0.7938509569210423,1.4142072569909283,-0.5539424386276098,-0.19669764909679965,-1.0122984833477835,-1.2451444423332882,-1.3654645852758305,0.2462452758637976,1.544364429724534,0.6042664490261295,-1.9052244593375067,-1.2527375009570128,0.34162664924979563,3.940683623917609,-0.42550751317803354,1.3495599717558115,0.6402490391310742,0.9067622997526911,1
1.2133789419490573,1.7297254844539054,-0.3950274318700621,-0.054445321430421745,-0.4242177316499083,0.40850930848053835,-0.035794765641203465,0.4592356030409442,-0.19301939142038577,0.8274687358084652,0.46388298323766336,-1.0151653087660972,0.5495529569633969,-0.2682774940450303,0.33299623035705483,0.20205207843233985,0.6603889806094726,0.6137799526982399,0.14015248891093948,-0.14366888776727535,-0.28771033741016555,-0.2553543609671379,-0.91419993460517,0.2870665755408208,0.9330874739172712,-0.47013847834357764,0.3939834473758845,-0.27967442223665445,-0.14769516815905626,-1.2202802254009488,0
-0.156995569590066,0.03557528478023838,-0.12083811779451678,0.872636724541138,-0.4634109090266049,0.5173664688736787,-0.3422090467916477,0.8178330008704058,-0.182449456933108,0.17312828283517578,0.2376447175674872,-0.8109873124530815,0.28263011967661716,-0.8513228479048311,0.368395075883015,0.29339431031177493,0.7964014632061623,0.5345080120764084,0.5418442636201137,-1.1888078883722366,-0.21929704072603487,-0.10114080602860541,-0.2549786241273617,-0.1819418272730417,0.4862343413137077,0.647446552942229,-1.0968365149901118,-0.25346102389107483,-0.09714588385218624,0.35375558894748893,1
-0.9224867691915424,-1.3457537317368573,1.3084439310192824,-1.443136423042902,1.4868440163670587,-1.809993314023111,-0.8492939159995939,-1.3095959180708439,1.3813221528858994,-2.1862718114837114,-1.9267056913712939,1.5631013563870875,-1.6440396285346803,0.7779795157548396,-1.6220329821894193,-0.26117537528017803,-1.8226804880025294,-2.1639536147317795,-2.196091421151129,1.1722518957540486,-0.7499472396214796,0.5896102141593882,-1.1008881703705296,0.042955001152211854,0.8952477777412058,0.6625510318963328,-0.6217516272136067,0.3875671086819499,-0.9408648891213639,1.5395665177734081,1
1.5062512805877277,-0.055206072652313025,-0.5879944231651355,0.5751163983864006,-0.7035238661171065,-0.02068031787550176,0.3701814345147382,0.31028331050769253,-0.7447027371390053,0.3820458596759104,0.14349884008742744,-1.2440274153776276,0.8805413708778371,-0.09605254438988756,0.9834937280582478,-0.07274803843209708,0.7215735034521679,0.32036561964512295,0.11502826259821303,-0.8399572552509165,1.0770235803929242,-0.5713429554503904,0.12392490954533147,-0.3948687351508249,0.1831890681312769,0.7975503470122237,1.2006372875721654,-0.24794450843672936,0.5333289868322696,1.443766437165363,0
0.865519412994618,0.35312833892198436,-0.4220864536868778,0.22172820955906553,0.3974369005202581,0.971755880396822,0.1618242263266643,0.4555834477933676,-0.19641471542531538,-0.2807115817808225,1.564148964795199,-1.3484511557733725,0.26470648007201675,0.3305553534249908,0.7988216416804036,0.17881477833760845,0.18531003624111198,0.6112157470787087,0.023409310698802355,1.1301157057417448,0.13633292679267378,0.044412461732875344,0.9471918133067141,0.2525250032342108,1.7427000028865591,-1.7340020284568154,4.91427365290941,-0.4300988762905549,0.25207178638687877,-0.3486512064872569,1
0.623161611850336,1.6490283885631085,-0.4127291102732949,-0.16690208197202586,-0.44915679690905913,0.5751505999405815,-0.05572425784628213,0.5589548945221617,-0.24042032724882575,0.755016503991857,0.38678826547918493,-1.2764533558289082,0.8581452560876728,1.3866938324971585,0.2125426437176852,0.8654604435690854,0.7643981988053531,0.445031627434617,0.8742923493465862,-0.2802939112542065,-0.05626292384762286,-0.020458583428314775,0.5132319663599618,-0.23725841765514472,-1.7161137187546114,0.5700557738030683,-0.0808115430669068,-0.22089196319137444,-0.133143465475859,0.7644822578600587,0
-1.5220015762385537,-1.7724051510877934,1.4889828105094776,-2.073524688534752,2.302946764397137,-1.4927864038658623,-0.910245782156448,-1.929543483262737,-0.22660810737036005,-1.915950683146712,-1.943589675516886,2.2155367794684215,-1.7438530831711916,0.6287241619080758,-1.7189757107234216,-0.32666229219830145,-1.5042409431552626,-1.3883696906424219,-1.4111868899724163,0.3875101512430204,0.8594047633735135,-1.2044970764328682,1.0671728551212902,0.9444098715778453,-1.707513251645753,-0.557562633737932,1.2954194196980247,2.854055825230946,-2.5889075566174333,-1.184484273352308,1
-2.031364229924266,1.0465806158989972,-0.37473369934035416,0.09750792973742298,-0.7519082604232875,1.532700061309439,1.968438810364771,0.23482302846510225,0.03085925364202809,1.3323797146851544,0.3843305932694912,-0.06211775733396037,-0.282982882703552,1.6013941067944613,1.5613414301792596,0.530597665644796,1.0083746966665799,0.5189423411031735,0.6091963429383871,-0.23065099162248756,-0.11593646748065602,-0.3083329516392328,-1.1870796827774253,0.06578622663364614,1.8613304748731068,0.46835009724752313,0.1781646432165226,-0.2626700451152666,-0.05061188268762293,-0.9371757956967341,0
-1.1360591351872087,0.5632800465911456,-1.0986470330695577,0.5117977201887558,-1.4275140644610644,-0.12828816317707095,0.5773253001312669,0.3180917091530256,-0.13582119230733736,1.6982351242880682,0.19953387499059802,-0.3814153971315864,1.8184503741761584,0.8254135418299767,0.5801481890196852,0.6802061003421679,0.508549877737608,0.2103490886876824,1.1840776556355617,0.7802747493461151,0.5760463179489536,0.030862456382096597,0.27608464906558955,-0.5356735230711248,-1.2488159719625531,0.7304058294924508,0.3000368406354267,-0.23476815895011247,0.039298065261115775,1.4304991133900855,0
-0.9222355249790466,-1.463126720921145,1.2378942670954733,-1.5129191721079005,1.7625682188480156,-1.7715977109623169,-1.3478862501586906,-1.6292781213689689,1.7351373436417832,-2.105465814727587,-1.8743071751101326,1.5394863867627546,-1.626631703452014,1.1687519841210545,-1.6475284584122838,0.9747133049380633,-1.8261627444032087,-2.0666190874098294,-1.963276676177313,1.8477417857497687,-0.3506848677807288,0.8392838230552548,0.2821079126598676,0.006012447595787779,0.9511790116366754,0.16473667849409115,0.7031709987016377,-0.038791826813194236,-1.0043854676039918,0.9805239322272488,1
1.1869749549840916,1.0042728135326975,0.36757548436348975,-0.7089242510636792,1.0195615329901413,1.0048415887864748,-0.40368998646759124,0.1575180743349703,-0.11617517680772807,-0.7824540844337734,-0.31786839878400375,0.27322842529625,-0.5773154590957262,0.6134095996951608,-1.1053129351374882,-0.7774958696606797,0.09636314669635059,0.0691763117278663,0.2190119642168646,-1.5677159102440525,0.2001027620988415,-0.0076110588562005085,-0.445643451416581,-0.17329653428097241,-0.04723202900234573,0.948541043190353,0.42741729757327146,0.3156564697731906,0.4820039662315378,-1.0231699624094652,1
-0.4975794149201293,-0.4928710120533342,-0.2212118255330294,0.6607055916724056,-0.06812798646661075,0.18774399535267916,0.7130910846065585,0.4770117612321389,-0.0030222997774508697,0.2834223065216353,0.801821726486198,-0.2296312340856341,1.4031373947823211,0.12154912289793812,0.8483004658681138,-0.393503778965462,0.0827686957180687,0.5799164548642564,0.2235399215102684,0.7528214352969298,-0.7700730114870585,-0.14525285108571304,0.3160138097269118,0.25731545130726446,-0.4841744768719928,-0.013615993479180239,-0.5605098071970929,-0.6554767047781223,-0.24039528568152874,0.8233449608633248,0
0.9481710289631711,0.4872512957535608,0.039753283607847,-0.5242506816493353,0.5915396985396064,-0.132073655437247,0.1812126174489565,-0.06821661702079632,0.06978511800541705,-0.3138596474369775,-0.19159060017862753,0.6539529786711546,-0.29508959327276174,0.3165041375856375,-0.5714824984791141,0.9292059132548216,-0.5391332273062284,-0.2498151480858156,0.35065028248485,1.3169033824752523,0.49702473080089843,0.24635561460325964,1.1164502119085933,0.39869477953444105,0.9660405072064889,-0.7985269933738411,-0.20541523088982597,0.08031238511351553,-0.20856049852457073,1.0221639459750351,1
-0.6874513512314305,0.9416275938168359,-0.40392832121780164,0.5325720172712203,-0.5541821282290058,0.11415061738146139,-0.28895358620991396,0.5799493100287382,-0.23798675424194007,0.2903959566405941,0.5251448470652813,-0.5259621032423513,1.403825432437114,1.3227923364265814,0.74326624785748,0.7016217418377906,0.4649390842918361,0.3476120527838344,-0.3075357832775104,-0.0015191059064175716,0.028154471861123704,-0.26304402813513844,-1.1267317724649508,0.09542463603709693,0.8805561403143056,0.1085184878636023,1.250272403327453,-0.318150669860808,-0.050178473980336376,0.743833551817543,0
-0.9182182696428862,-1.8283878450825368,1.7029904394410182,-1.7815454631824972,1.6326949450621386,-2.216393608596807,-1.312557648853523,-1.8012338450711107,2.657501923246081,-2.2691647284000886,-2.0532752546795807,1.2746664072942564,-1.5196612857081948,1.5529770065039445,-1.4477733495036116,-0.10247689027283084,-1.6333167791069074,-2.015154675374583,-1.9634227183155741,0.7467414120728725,-1.7439734881576752,0.9208101349280176,-0.15977207776413335,-0.42288814368834027,1.0399259924181175,1.2222742702325828,0.16214844581656437,-1.5254551393339986,-2.0979693748849013,1.3327942070859922,1
0.8989591377599755,-0.361040589558245,-0.5172660280058397,0.42114713065688886,-1.4282087283348153,2.190528302565142,-0.5982409384246548,0.7710589297667256,-0.4484339991508376,0.1311249766703277,0.3375540850200975,-0.07275512477672355,1.4569890646504184,0.2045152416629682,1.0973290443588617,-0.7807716734153358,-0.1169221047968223,0.3099675664412482,0.37907616360012175,0.297255870262458,-0.4967354210585712,0.30016953972847216,0.7405714127731039,-0.905405201441734,1.8748414498370691,3.015366895427321,-0.4824577268006283,-0.1348774471210142,-0.638054816932448,0.43274734098805095,0
-1.9276569363261828,0.3664447549951692,0.35010366283354905,-0.7736591835280241,0.826864880398724,-0.47220472190252905,-0.9620098572004531,-0.5740069371698436,0.15296136720776243,0.07090663783078616,-0.7804360237331256,1.5125467395621286,-1.201442678971185,0.766421450644162,-1.00533445318836,0.5644804215430301,-0.9180708190751515,-0.6655414552219467,-0.2841641995832019,1.3918903434518026,0.4404051004898768,0.20453576301144263,-0.007867245286999537,0.6224755822184945,0.14569077472506473,-2.555166503464625,0.6878176728050195,0.5065110697966441,0.28622177976015983,-1.184484273352308,1
-1.308318817705176,-2.176838245009192,2.526602597257596,-2.1671970380904275,1.1983568822963102,-2.44381215090406,-2.4821953574720177,-1.9781758763219808,3.986848234599436,-1.191830987920846,-1.3168523779569286,1.2749823161948761,-1.132971598934605,0.36366728258789527,-1.0862779160399791,-0.06614451292786969,-1.3049780428326248,-1.4696272190884936,-1.430667221153435,0.7070488893777713,1.4132234503689354,0.5819199414855574,-1.2889931795623573,-0.7720299796654343,0.2286217214510728,2.347452623847524,-0.4585483729295101,1.8694610489753014,0.8771280083312946,0.9067622997526911,1
1.2228132508745941,-0.3301970758209714,0.12116727294285104,-0.007358811725084881,-1.2760462718084742,0.5980210806512952,1.1214764072138241,0.31642496046626706,0.2955127050258183,0.16278369193691553,0.41661799292975676,-0.40455913453033293,2.0737925918455584,0.6828077714032966,1.3404045668142852,-0.7127455890945523,0.18971687790886968,0.5999091651835505,-0.36797148962799825,-0.6867082690510645,-0.2241678399828766,-0.09880714237415766,-0.05448687418262297,0.19723931064721864,-1.549488011713356,-1.1573675826222634,0.5436533793092505,0.10011300984430438,0.2527863787519513,-0.18379569225910877,0
-0.24066782350507518,-0.6173359206357117,-0.37536271828195444,-0.3949062394091232,0.6372384697792355,-0.4323397041846593,-0.5057321257481096,-0.19474550905531166,0.1826321761442183,-0.6542254141914244,-0.6820595791749788,0.9897069827907807,-0.7907738247945887,-1.2634157937803678,-0.8376116548108431,0.9308962210013251,-0.7259856194751869,-0.7303775733914853,-0.19746140666502698,0.7094957716939725,1.7285921245339466,0.33763560006530635,-0.10496518154774793,0.8542496239296816,0.3353484224343322,-0.0030873783785783067,-0.5326596031042122,0.8207472414177546,0.3697427158033982,1.5107515707809924,1
0.05698775033552828,-0.43575718031201593,0.5058796851027058,-0.7091083804079252,0.6175435686577507,-0.6407240969526772,0.08024753188496099,-0.4097750406674313,0.31667656638475944,-0.8895462921950459,-0.9262540897106084,0.9650619293745936,-0.9534282905567154,0.01951828970482691,-1.1001354526857858,-0.3701046477049447,-1.0883136990434676,-1.0966640067925681,-0.7683908256708315,1.4980049563131246,0.6749951138834569,0.2727641074112141,-0.032403806210322274,-0.008816514916973633,-1.3444053681474615,0.19430594260462852,-0.2663444561590901,1.1390208244800475,0.6761629375376654,1.2814078027305247,1
1.3310242220125923,1.6945455144316584,-0.26003407025896924,-0.20634955116851153,-0.28256992657759783,0.4788769575973395,-0.5731326875278719,0.5179388731645055,-0.22482006326528642,0.8521471894357715,0.19196367807182954,-0.5203698171836516,0.3354445832960071,-0.47507188551042745,-0.131478721165366,1.2543754467479795,0.987802921973036,1.2756640934041146,1.3964797057442446,-0.8646167361451743,-0.2979935271687984,-0.05578075263250795,0.3627033294902258,-0.0724178989833439,-0.5727937002569179,0.2840874768749102,-0.16846673153075742,-0.19305517824498766,-0.07410302637037675,-1.184484273352308,0
-0.1500330733557632,-0.21798527473483165,0.16748941057052802,1.3783604652265273,0.28457163371247024,0.2531531021720609,0.9870177820530206,0.3968909991792418,0.07186744510938659,-0.313134919483834,1.3049036061408095,0.1411568105971487,1.1762757058677744,0.3648739588187541,1.0364815502913223,1.0941021452727677,0.25974521368992537,0.5930111109513686,-0.023845256219371554,0.07779886100657371,0.2561848545305826,-0.13854406927826862,-0.21818285364084156,0.09067012753538549,-0.60589493364166,-0.7322835010378104,0.054496102419152335,0.35258276191541,0.41132143037557495,-0.6713518477660333,0
0.580786684275091,1.6751446831908905,-0.5351741629794536,0.013899927050639355,-0.5621598564207747,0.24058017509847207,0.12040499718263803,0.3706774144100901,-0.14117286343844704,1.0540415359048902,0.6668448314552452,-0.2534654180549474,0.44173023884386203,-2.335650240040638,1.440210817466335,0.48111210638416163,0.41118283647355175,0.26063652509029606,0.9302588567158178,-0.18172667625269529,-0.4867061737616367,0.028059547215908667,0.7721158973740434,0.00763711526039064,1.3483898595835018,0.25620646069501746,-0.9961639904364467,-0.2268457623149052,-0.20702801270473398,-1.184484273352308,0
-1.2214005463037696,0.8376175861635334,-0.42312795271931886,1.4761747602111288,-0.06837286639050066,-0.11382652244727891,0.3429065374053514,0.25744834138539935,-0.12452849696556911,0.6543964934405858,0.5735347725220535,-0.36311587904341974,1.3627907954366587,0.9813467764902255,0.5674906409782374,1.6689325056373776,0.551217585215919,0.3430595597230237,0.06422378420368964,-1.3905098696240528,-0.16016554663259447,-0.00797242223814195,0.5760362606611636,0.010850557130796901,1.264860260356066,0.2632572913941816,-0.7534669257314317,-0.12696356758490904,0.013064049911248347,0.38964906151015555,0
-0.3006948459464621,-1.6997576431292618,2.608711749927169,-1.2170480292600407,0.5217630880894818,-0.9801417217608046,2.9760285647712172,-2.2601461749757523,-6.215392021852899,0.22649223316928968,-0.6931587506188649,0.9793324810352069,-0.6839744437041031,-1.7305926559481453,-1.1746637253077366,-0.2754481431296449,-1.2125124373980456,-0.7177583744374532,-0.9809268262188141,-0.16410769230167868,-3.7261601994763565,7.884507360664353,-6.146835016191962,6.064533292642416,-1.107322080241572,0.3328147167259418,-0.2067004382439792,1.4041596881701863,1.9022392461195137,-1.184484273352308,1
0.2532478422307341,-1.9968382317855757,2.566157585623318,-1.9267027655477733,2.175589675416905,-2.215185052427484,0.23449285920333474,-2.674413379828912,-1.202686670924892,-2.5048559526282492,-2.296123807339572,1.2959469930765335,-1.6862375311576057,-0.21052661865991942,-0.9184132988132506,-1.0949682108683239,-1.6422160806700359,-1.7599612665190623,-1.8939041569468726,1.3816578446866286,2.2776534070939465,-2.5786473049151706,0.9027670945962455,1.8632602888024992,0.6482502182132774,-1.0932697393020598,-0.47817177849446396,-2.3748034979867967,-0.9908591972548364,-1.0137218197425872,1
-0.1694119366214199,0.1620418164524436,0.30097819913180246,-0.11148786491777879,-0.07793169307017478,0.7871409835276137,-0.6851514064964982,0.9484657591026026,-0.30624337048889166,0.9687042621001782,0.9720521079967159,-0.02783532215034252,0.4510216826136772,0.7077668662410836,-0.5365806887243845,1.1678518709224939,0.789092345343788,1.6832825154868754,1.3892956129270717,-0.7008088841102573,0.812912348082001,-0.2600756717291658,-0.20236502571503986,0.01581602695503607,0.05932566441141128,-0.41124573646685453,-0.9433029180634872,0.30345212661442894,-0.3294543868029311,-1.037644183270124,0
-1.0257387014262536,0.21629562817355572,-0.6062815457261896,1.2324199994550067,-0.6677325759760795,0.14682818487949054,1.4496463375307203,0.2599417848478275,0.035482769213777104,-0.07499868082775321,0.7948435136947503,0.13619774446874386,1.4063637726091618,0.3344449898615608,0.5891678664113845,0.33265337084615926,-0.4966938500486545,0.7564383904456402,0.3586282467606074,-2.566237023695966,-0.6160689173439632,-0.06597457710625775,0.7312512806461455,0.2859149627375599,-1.7477450037022433,-1.043470176185892,-0.5283641273305201,-0.10482406491114774,-0.22084235200672747,0.8017743596785291,0
-0.4281525700260161,0.9105902696376489,-0.05048633392358125,0.015698757934149994,0.16382784862979877,0.6473046812053125,-0.11001940229807282,0.5195400466975734,-0.1539145754476054,0.5195021772647062,-0.06402004782221304,-0.12891734095643287,0.3672522849089338,-0.41431603723458205,-0.600891183441786,0.3758183982845253,1.08262994870399,2.7575413983088874,1.3136046185406554,-1.2076976857840058,-0.1722868445189786,-0.25705361360370765,-0.7542312508650953,-0.15350172849833435,-0.6028051815586333,1.0048866345394425,-0.6495788832865256,-0.10797245204758416,0.16055491173169664,-1.184484273352308,1
-0.596501749123646,0.2943871062458765,-1.7857698584966228,0.5304872968968112,-1.0406706736927402,-0.49476582624684456,0.1227952368541178,0.34114154965716975,-0.22653387799427327,-0.43200883014273694,1.161681038408688,-0.7837144572804274,0.3296299075679939,1.1619182749601566,0.4773138202943067,0.8201552637340258,0.3787646582791879,0.580297984540626,0.3429461918886189,-0.6499366839198102,0.9523127875372882,-0.05146803622142498,-0.815429339785127,-0.431668945782028,0.7765263311332737,-0.2180767401435701,-0.9471636596745477,-0.29178755731890643,0.21682438480543129,1.6985403200760234,0
-1.0081299877330379,-0.7471451861312122,-2.413275476492822,0.3560771693142534,-0.838953172964297,2.229956005414936,-1.3949806533402889,-0.19085164516936096,0.10010976120849979,1.8708842917526938,-0.009042903221220307,-1.5520175588435736,0.3491104636674201,-1.8336833517612434,0.47895850761854236,1.2785995064752684,0.49365832971379486,0.8100768268907929,0.9727013887523442,-0.5319873200109398,0.9961147016829166,0.06530447130965168,-0.49351755131218106,-0.19364660361711045,-1.4882820697079187,0.10356306022468806,-1.7371516481006024,0.08335473488585024,-1.4969629039175336,0.01425512865472636,0
-0.12512417165853906,-0.9768418592373836,0.5623226847585007,-0.8097503573983171,0.7753781696585167,-1.0555272492365086,-0.33854036388576053,-0.6584442115831315,0.5519143325616644,-0.8443676800518413,-0.9616022502206124,0.6538460752940534,-1.006128642946453,0.38098220676935224,-1.0150685365353318,0.46681242060056233,-1.22257446255432,-1.2100161121823552,-1.245477463746983,1.4051975964111096,-0.25991175886660245,0.2836889463385557,-0.4482627058363187,-0.3460962182681909,0.370213736950796,0.16704357342567153,-0.8044892425541561,-0.4236434464906416,0.8566310640516374,1.2438049175121941,1
-0.4551304604384473,-0.5430508902777996,-0.21364978016604172,0.03211443231659133,-0.017236137868815792,-0.17369901488770823,0.3954290620669181,0.021181436551413798,-0.20189530407010556,0.38907178740617154,-0.10754948399479657,0.2469936630156426,-0.5491962618523512,0.7449435987495596,-0.8274107992443297,1.5650425434253905,-0.6787024585551616,-0.5319846280958429,-0.6250491832846549,0.9600466006736793,-0.21104956631637362,0.03761193907829501,0.5253710238982153,0.12958755485677861,-0.8867322925101635,-0.3390451814944846,2.296590318220147,-1.2073837371926377,1.6395885715842282,0.9133767050573887,1
-0.013401765032970085,0.8102176399543609,-0.6857231480372061,1.0301987781931257,-1.1307160301141723,0.07180639573018965,1.2834145800603456,0.11574329337197106,0.038974781323936905,1.7387921626583376,0.21475435100919935,0.29227016315126236,2.3556894199108984,-0.31928687177853543,0.6824788154791843,1.2995821354915462,-0.25460319646342683,0.8252524500618873,-0.3894808186547231,-0.7300519726837063,-0.3737846176113345,-0.04650930617111469,0.6634900910394004,0.0394776201411848,-1.6666951166578123,0.17594878334833633,-1.136983830256283,-0.04090454078056238,-0.06739156853917015,-1.2656292596271719,0
0.5327663244064212,-0.2850225987220176,0.23531963765550148,-0.7740582470575975,0.539447128655322,0.16257020916196915,-0.38888793505474695,-0.44106885998821316,0.21631289653144864,-0.28150065184515977,-0.7221977690225307,1.0150155200252666,-1.1152438645258431,1.150383738448742,-0.6601931361334268,-0.22445003488331286,-0.9626154377245504,-0.5298641383528148,-0.29746386958143584,2.263174822008414,0.40022263976685196,0.16144132035046155,-0.13209906097059818,-0.4661778439884894,-0.6509006541668728,-0.0020003242949267787,2.1469117478553006,0.3200104885830279,-0.2928396836425356,-1.2656292596271719,1
0.21922691978782116,-1.4936747635513037,1.451451488179381,-1.837255564332703,1.6232468252299947,-1.796882687384459,-2.577200254516339,-1.6605035259318575,1.7587121327338868,-1.415751119316801,-2.1383892206318795,1.8723293589285481,-1.8807145882667702,0.39217651483584776,-1.6952806214829272,0.5239978793511468,-1.9048134307742368,-1.6910651714268834,-1.6141259758417392,2.4402933725238314,-0.9170096890791694,0.9212638939596369,0.6114278779812735,-0.9991649298660134,0.9109173082898223,0.5337183359206411,1.0804034562284308,-1.3856458020589215,-1.0094217682034123,1.1798056597875972,1
1.1015819819232613,0.4478566754807351,-0.0058447573607184646,0.3078815717220356,0.3805703460844843,1.2238333782750264,0.5227671816922219,0.9130052612110375,-0.1765696335175068,-0.37789162418676214,1.0905788533007454,-1.837819520000843,0.47748068054540077,0.5016028153524239,0.7221777130274768,-1.6394529579228863,0.6749140894134446,0.2043975049235557,-0.10175577359879803,-1.5979412955964571,-0.36767491828942006,-0.050188165492939404,0.28610958752662824,0.01369746189302489,0.7882382974350023,-1.099390061067573,-0.4123805791413727,-0.1163612429391884,0.104201590003783,-1.6356966386487815,1
-1.8738668836837016,0.5949368500398393,-0.6361105704315216,1.389059226719924,0.0125261702518477,-0.10873430613741017,0.6485676046470435,0.253760502821726,-0.13817884440312506,1.7646859031840683,0.3945675075253307,-0.13993456010488461,-0.035584562240824465,2.9601259108758295,1.3727579062625386,0.9683474869847184,0.7358426862162275,0.4920809910861035,0.5059853779256435,-1.5844943845772337,0.23181380305326893,0.019849080466324925,0.6169248801790608,-0.2444735201696799,0.1365633712175056,0.2768744848931382,-0.5737085593334653,-0.1802603523416879,0.06410992896671165,1.2589540441138687,0
-0.8438872592707005,-0.8426934081883812,0.6084328474486238,-0.6899762245099522,0.6678573664225544,-0.682405662714913,-0.07105278362177839,-0.7336412300416338,0.05777031166139935,-0.6755211102682731,-0.8165068691829759,0.743233623340733,-0.9581428245132252,-0.8770013668882695,-0.9235947627878716,0.7807806077627366,-1.2975434944637239,-0.9956422207864974,-1.3344150716112584,0.677988016245533,-0.44927984375013524,0.9153206017402089,-0.09214730843973788,0.31377275949232364,-0.23805174486522337,-0.5197503713247481,-0.494590719123004,-0.3950416043202618,-0.22824916547269652,-1.184484273352308,1
1.1938926653729534,0.31523377398564517,0.36468838091823164,-0.6639465954254163,1.2342827683393263,-0.07848397219243784,-0.04871662314719097,-0.26743087413469707,0.08524948694690385,-1.0866608295749782,0.001408144887154822,-0.01270371829207146,-0.9159313440619735,-0.7903687396280673,-0.4422160218333154,-0.11997207258257317,-1.0544900082827555,-0.9467132395249107,-1.0074125160281482,1.2288119826121278,0.2662028613176027,0.33446660528819766,0.967458604302529,0.02410436686599396,1.0680243332726729,-0.30170580647473577,1.30470392409636,0.1756905615480303,-0.08820145408435434,-1.2656292596271719,1
0.971655563025448,1.7994920222457926,-0.4641547562351614,-0.2390617335378943,-0.7839671006475895,0.7317388659048073,0.12500217375069372,0.5841439638559696,-0.19156550288552912,0.6125976013932515,0.7107224264331183,-0.51606404070427,0.45138303192880863,-1.6537879813496694,1.55344072759956,-0.04269811344315937,0.3325084709280121,0.24144244637095522,0.553637303569451,0.30590843705126924,-0.4081516759835087,-0.04199253128423561,0.2816560293023397,-0.11129962802744663,-0.2068895627465532,0.6533633959687752,0.5375947293823226,-0.31776516367894775,-0.2700076397723309,-1.2692676331679025,0
1.1060498366330231,-1.1117312435786242,0.6076084044578515,0.011367011135939908,-1.116776446010043,-0.3975431369807505,0.19744652312069322,0.19449056819840074,-0.0008785664914652253,3.436876247421384,3.6028850974773508,-1.379939791427446,0.588655377516169,-0.3642597307163286,0.28929715056780214,0.6550631130998826,0.37082978194427907,0.40022492005558574,0.2585503865888881,-0.25767139216815577,-0.035296954584109384,-0.051277977727472994,0.6931375222659233,-0.01330377817158528,0.00020276133423702755,-0.028659355858465425,0.6944456577463406,-2.6786994982279464,-0.867776590735922,-0.5189736922471446,0
-0.9367139936978921,-0.8183356362954158,-0.44445533205034227,-0.6660178956807846,1.3687575555414115,4.21609362721094,-2.416528973234638,-0.20859734529393506,-0.06345940956477526,-1.1698332156817521,-0.4825435180626269,1.3024533435595385,-0.7509160132334226,-0.9933482970304366,-1.3635784121115957,0.21039392102569932,-0.0733958185610363,0.6795344905906318,1.1085172846142424,-0.8170501119145309,-0.21209971720385876,0.008220142193409635,-0.11273640213836926,-0.236914513422002,-0.7201632874227769,1.3405836094990902,1.3458452168453048,0.34556220387893094,1.9748403909180658,-1.184484273352308,1
-0.11956483185598599,0.9111301685496028,-0.029944791186655384,0.020911580831218475,0.16094504901696316,0.6962809873955927,-0.09572441257937785,0.5432886632336306,-0.16659864970455263,0.4292372938309687,-0.07117542547360851,-0.06159263616848136,0.6387896791133267,0.48742170738166324,-0.6319661277574276,0.26271979310749277,1.041810894063002,2.7164561277963584,1.1921659188369234,-1.2140007610240389,-0.11139062777526035,-0.2521661590041179,-0.6890470987557467,-0.16387750129192225,-0.5577618484513913,1.0615036664977286,-0.6568513428832551,-0.10118723846009915,0.16473001785784736,-1.184484273352308,1
-0.09837322829667672,-0.07869522454973876,-0.3216467242693184,2.377157423635787,-0.837513298640743,-0.03834668375953898,0.26934446137989937,0.5126577082419206,-0.1025490324483443,0.7234414204352677,0.26198780843647995,-1.3356113790437525,0.26377824558762436,-1.201292591516738,0.5571508176929852,0.033544078977035915,0.8570562021563352,0.2733677202485743,0.4801495912716934,-0.9997788096219066,-0.18744706956732388,-0.017175244162691592,0.3588251331498405,-0.1620954846422593,0.7935246213240632,-0.0295908143868615,0.875009887285477,-0.18194767689016733,0.11253297856625778,0.6691193532090968,0
-0.5008472332101958,0.7649395349480562,-0.7882287582119761,1.683228106617897,-0.34649612027246973,-0.2730351067969481,0.9346188929951148,0.07586198346752449,-0.015845316992991576,1.6965498904562644,0.4285460647729237,-0.2051790736962273,1.9485052318875988,-0.4666984193557192,0.3004051789916155,-1.6692690290837615,0.12720833559798786,0.6693117632569342,-0.029868946662497644,0.165137357734207,-0.1368103699229633,-0.10229268326660206,0.21178318926586717,-0.060410302287313956,0.6479379423686026,0.0761853854562486,2.161626486375158,-0.20836970270207064,-0.055106131652564824,0.7134434000277872,0
0.9007621917290964,1.6513883828136349,-0.4267544825356581,-0.2793020917429891,-0.582223504434146,0.8863652176841168,-0.005677817661083338,0.8067765670101056,-0.25268656904131137,0.3380313217926866,0.6383837097398143,-0.19803266617627832,1.761473042253017,0.637473689649757,1.2478118690469338,-0.7122237983743771,-0.0044360530470539394,0.28333327879957343,0.30857788565369865,0.18724404127374542,-0.16297629995883492,0.06168904053512078,1.11207780064559,-0.3219159925321723,0.7514900354691278,1.4821581421581378,-0.4719244814424844,-0.2785466782258065,-0.2335243417664104,0.7272497615090104,0
0.6737254756378926,0.20391080880271564,-0.3799361722074279,0.8756805614392438,-1.5100110451007667,0.1392628786399628,1.1202799182692786,0.00599732825422804,-0.6603804446746752,-0.26004054970283413,0.4770878169592956,-0.5911673100783907,1.701437301316783,1.5837791863781765,0.664812581638315,-0.6754493660129243,0.20581671374255253,0.1810351727706912,1.7924825302366463,-0.8231122596223593,0.20806716018905178,-0.9511757080830681,-0.8319680938826488,-0.017059071738976115,-0.32049048201811786,0.8183646311510058,0.5781556744374842,-0.14817621316020085,0.388056720058506,0.15531905764953455,0
0.7629363193865929,0.6126517597112272,-0.27259087708218516,0.45770051179021837,-0.782859808461443,0.29729940783461456,-0.01757063970801501,0.5257427333563143,-0.38263500432422454,0.5258194059925864,0.4340440656324297,-1.0947630910540418,0.9371851917633246,0.2197292773892531,0.7984222739291866,-0.28784113376911635,0.42451250996550055,0.3234089777699633,-0.22828149156631142,-0.5133646321332561,-0.43774542183849846,0.09180672390949898,-0.995289629019447,0.02337115338565036,-0.16961596204234522,0.7252228718621347,0.5401388368382954,-0.17973458671418724,0.13568323995278106,-0.4482961039084558,0
-0.486519339895934,0.12980454364570948,-2.108890783290346,0.13999648012646887,-1.0147910272413805,-0.35995596604291435,0.5855393051456077,0.47723153267980933,-0.18655599324841804,-0.5090375652443105,1.200908028596172,-0.19205355551568257,0.3347528514991391,-0.34733393672423235,0.7650834990611164,-0.617904643317838,0.030965743847221068,0.7781408331621305,0.36305829171522286,-0.34154441891698645,1.1580624031235238,0.05161842381710391,-0.4575360344482538,-0.7679227730275705,-0.5229049898306092,0.35352428618246223,-0.22837706245057904,-0.3517359984100403,0.19296104508667367,1.7806891596569003,0
1.2374238021274948,1.7109821128532392,-0.29922567238077413,-0.2606008131275472,-0.13372519211521577,0.985033614557255,0.37814940242623035,0.5768889559100171,-0.16356102215227653,0.48506924565714304,0.5412285914713066,-0.4489774163878423,0.5799530760520472,-0.9559883572366422,0.362108183574225,-0.8369021245457919,0.5968615849475524,0.6157705493613115,1.0356706221717649,-0.046057344287322305,-0.3594662619460109,-0.11908512274688955,-0.08628117885533064,-0.11985808893777841,-0.6445591269608,0.7913379702356649,-1.043239805083796,-0.22404818938951254,-0.17148435910120816,-1.184484273352308,0
0.029640858428967277,-0.3760670877969761,0.12357177007203542,-0.9099919119087787,1.0208281204839593,-0.5693466063910921,-0.845227585696414,-0.6265469206736677,0.15389515592019648,-1.3300193128076179,-1.2480407082981075,1.6262173515910514,-1.2963878290291795,-0.13211344374751782,-1.5714331073338703,-0.1293428000361519,-1.2261699986094328,-1.414553674604351,-1.141657087450766,0.45544734478238486,1.9507036821300503,0.44390555950282,-0.7530457212449386,-0.7018793667600615,-0.6838822044013485,1.0984361577283368,2.174735191687645,1.4162492548774523,1.6348761816318609,1.5820120620601932,1
0.7554172427706292,-0.24252779005768302,-0.16732569267986708,0.9748855735140286,-1.548581537612629,-0.11431399409981284,0.13014901745264032,0.30733728434939706,0.06940955579448027,-0.4004066447941904,0.4985057783261735,-0.5484853540244907,0.48386683188854507,-1.1573053644203244,1.285589673632708,-0.8048133259432703,-0.05173327405649686,0.4657303221434187,1.900567669067213,-0.6837025829574818,-0.9058360277379107,-0.20125493117018683,-0.6275047110770922,-0.2423712738831667,0.05933330624151606,0.604500559759894,1.3266298640988068,-0.6065770884663625,-0.2724745698090354,-0.18576536327890644,0
-1.7125652232803883,-0.7751443902691424,1.660458275183521,-1.6494086891592836,2.022709450217391,-0.8294045472371462,-1.6457472607047405,-1.3622733822525614,1.1074185674988344,-1.7276542103296062,-1.7421566590120057,2.4111323767569273,-1.8987277059833987,0.3019024193861138,-1.986857989849562,-0.423105797616071,-1.7553283002354312,-1.5277120300675116,-1.4555673930197228,0.713565058375302,1.2449717808621745,0.6618497125378181,0.17475888878000154,0.4306028550150157,-1.9479856366548687,-0.8338381917411567,1.295762655681776,1.9529608592993695,1.4242879064332015,-1.184484273352308,1
1.2890303301715034,1.6390421194547578,-0.4734019160211713,0.3239847546249172,-0.12831380820090993,0.1689438826556067,0.46502792684957583,0.2896955954861772,-0.1454501630474809,1.0802254481945233,0.6675189981357738,-1.6320500770442579,0.9207486997009331,0.7146591263153809,0.5720934047369157,0.44362995632168317,0.7804336718251065,0.17700583904378342,0.2604266910198617,-0.4192949436712978,-0.30424929256029654,-0.1821457257585693,-0.45294162826208195,0.2223103401357464,-1.411917910028689,-0.4820644233895148,-2.0174948068107956,-0.14753108889005948,-0.14496149895916666,-0.18576536327890644,0
-1.594673860453311,-0.9312191861677733,1.8456947892884386,-1.7174731713172715,2.0166661345396832,-0.9633126336171711,-1.7507878223399793,-1.4514451691230603,1.3687208094227046,-1.7150503925420986,-1.7194218308551348,2.366871646121934,-1.8753673623625118,0.41576008120798413,-1.948106340457068,-0.4681192128352007,-1.7324060851866887,-1.4989729693690512,-1.445499587611771,0.6627450154538981,1.2854354767355338,0.6715358661687386,0.11198994894992481,0.5671396017845749,-1.9629296442663007,-0.6244623673733374,1.3222016340091762,1.885874795622752,1.417340102251184,-1.184484273352308,1
1.0840896507457511,0.2653423616534519,0.16436327243889373,0.32792210955780676,1.030520040556266,0.9052950758344445,0.6182892761548401,0.48284612027552937,-0.12922739729850452,-0.24784202013208098,0.5889297241218174,-0.4621003210141818,0.29740554494722293,0.7095912197126939,-0.5767629918469539,-0.3326261281285895,0.7700336900252517,2.6015568973503194,1.6344477874429706,0.19923090609183322,0.09560958585203794,-0.11055921737761983,0.12487781541076019,-0.18479133955151655,1.645465576827097,-0.40997324116024286,0.9850370097155408,-0.3727147244644567,0.04436260335360765,-1.2656292596271719,1
0.04576316628860802,-0.13573089806027072,-0.050395982041491705,2.0555711757858126,-0.2898656362477696,0.020657513521151756,0.3276661214159143,0.5144006537775925,-0.06490465060551506,0.053831324107066876,0.5502537635502012,0.008260801072247387,0.7246244155075858,-0.8521523462973927,1.0344884114838062,0.7845829501995898,0.5574656017417873,0.3373239745217063,0.7599245400537779,0.38172165071392294,-0.1670555082603307,-0.12612761175347567,-0.3646381580753494,-0.1343586013810679,0.9227401741314597,-0.04391011716705585,-1.2123462421226538,-0.5311780212447968,-0.5000198969450474,0.20241944274289142,0
-0.43392231436948736,0.9982840729512236,-0.6838329407706384,0.7269225903393455,-1.4948642996931307,-0.08739959923638202,0.2819947732562667,0.23487624299637455,-0.14775342183391335,1.9910520895485773,0.19047974923622554,-1.4320176653770171,1.0039896141350608,0.48364888352198865,0.5066898871319104,1.5065445426357,0.36747511735374,0.2961421087837096,0.5539740237422757,0.6484542392370711,-0.0519175669316874,-0.11769631458402047,-0.07012850187424036,-0.19804644355282994,-0.9654633282806223,0.7050770374659463,0.088693365487969,-0.1743068951216922,-0.03680525501130399,0.577548134111718,0
0.5340481736159784,-0.17361067544701858,-1.1050058655163815,0.277951600635655,1.0818061276854676,0.5976984644008148,0.7010397351806918,1.2145447114557504,-0.3710619841126635,0.33560668852744463,1.6114101154719396,-0.26315135229369524,-0.35468750115816877,2.2661348237564147,1.5156214493739144,-0.328711225707042,0.17678854153488596,0.7563143275269452,0.07172367135528968,0.3872180565706907,-0.1432932303337664,-0.2724850789568384,-0.25605667168273183,0.29245553069521585,2.3503544482572893,-1.0487763427241785,0.18605341470559897,-0.1780251016974542,-1.626494275435865,1.6640974318863484,1
-1.6057154996011578,0.8708622786645661,-0.14730556768258632,0.7168839600801319,0.4813618627105881,0.30118833029450254,0.34413143452342904,0.40120368780199167,-0.14766750130291134,1.049734006592119,0.38279089108291636,-0.0646916652117964,-0.2858788249498753,1.2205959227552357,0.49751052573244653,-0.9659228365709785,0.6480509513731268,1.5472141300168352,0.18382476970830128,-1.6335681642426296,-0.3205470388058436,-0.27736915475401874,-0.7603021664983469,0.03831806894509943,0.3107839150393987,0.4742318476576797,-0.2285419029301371,-0.19979397392271642,0.022867701550835406,-0.6539997889827114,1
-0.7583406633850457,0.3940881076261705,0.014372282468139642,-0.16568404937105166,0.15440594457578422,-0.19419608920100673,-0.5909431433534323,-0.10279737476364684,-0.05951620771982851,-0.2505388294085084,-0.3839228202985933,0.5364400573456871,-0.45601783150762637,-0.06364919328151965,-0.5940809908972359,1.1540438885130162,-0.6474176150156794,-0.4660289727647574,-0.8061966839144805,-0.38535995759360003,0.19782478165929482,0.07064164655831703,-0.18752500806760036,-0.0636204806824104,0.9139432855860992,0.8255813098154245,0.8602387220405414,0.4039675458254918,0.5159925716931225,-1.2656292596271719,1
-0.13752146872113608,1.095173913962589,-0.8021201731923705,0.6516797143484079,-1.522485769745931,-0.1471952225104089,0.2615066417241155,0.20016932097865636,-0.16406548322466055,-0.6832817875851778,1.4289323482496876,0.18931012013902354,0.9722611564310462,1.2907218289386266,0.6031486317485507,-0.1117864303032113,0.1381766580679729,0.6367331395985469,-0.07737400922182011,-0.2593120627701092,-0.32513385961912616,-0.3267954879098335,-1.1384177425840982,0.21607112662492944,-0.10210407118872974,-0.07445547703262285,-1.4032978914550858,-0.18204459945585064,-0.046649000455919354,0.583281069702419,0
-1.1100637891344047,-0.5130326214691802,-0.5400605208385361,2.7486695914306476,0.45982485670388124,0.3467226960118009,0.3473740578985733,0.23583319811481554,-0.14551467727620176,0.4680095669695138,1.7434612817564936,-0.8371996803138185,0.26829453805865733,0.19655236785315852,0.3655771731523539,2.493578696629011,0.7767148449549891,0.30100067275336884,0.8833839834855974,0.1624931448379878,0.06012044318248945,-0.10317607853082188,0.7183673891666944,-0.10403170284923824,0.8406672242259285,0.19711193093559684,0.8161937338280856,-0.1858346586574791,1.5486964590855328,0.4145018698212347,0
0.21922691978782116,-1.5123481321069447,1.3341966121681885,-1.774120627577633,1.6665457156357466,-1.8082130838490564,-2.3378270556346012,-1.7810494764128115,1.8773533829904123,-1.1050740077666663,-2.1762827074977156,1.8003647050775249,-1.8525366947816515,0.329015774787442,-1.7592874774458644,-0.2894139904354796,-1.9240245718890927,-1.661005599396104,-1.613159978693082,2.634709371187253,-0.7513877344814247,0.8609819754846642,0.059271034819291996,-0.9077191494076369,0.7982150480438699,0.08453724768719913,-0.029028091205095686,-1.4188937569061708,-0.8686630742340428,0.796044461722987,1
0.21909181536283456,-1.0460713321600716,1.4183192398303592,-1.4933537501582324,1.5851395162881745,-1.4797215873672869,-2.175681667654046,-1.575555344544629,1.2109596844763093,-1.2877360241021059,-1.8948380406233305,1.9314196246075088,-1.9294081189757135,0.14189744123506132,-1.6856059015886329,0.983589919497808,-1.9765360286376081,-1.9241408206618211,-1.772207203934269,2.25706344465255,0.3647454560073859,0.8474361084334564,0.3954958567636216,0.42571262852808694,0.7020027996397976,-0.5096673676901351,-0.4042431099677029,-0.4145133891161996,0.7287929462137551,0.5425194640350347,1
1.2642519237499463,0.23200627830817552,-0.02431535736393456,0.9308141980529239,0.32794641936134633,0.9762520604740785,0.7457396405043321,0.8211830118314485,-0.1789926848893844,-0.389595068698334,1.2849529541987093,-0.32604255419635364,0.9179473316304192,0.6298479373286936,0.5803667791662624,-1.7379981038489203,1.0481669746487308,0.09096880209115163,0.3768444607559514,-1.5902206411872692,-0.22978294705923125,0.0008995836782765221,0.6846621035547904,-0.20465713479552336,1.5891137544203582,-0.2903543213411202,-0.13840896922394516,-0.5018686140752265,-0.5133815559039656,-0.8450465637370136,1
1.109622212514387,-0.9296941748772485,-0.31587476664912245,-0.7057843215020663,0.2638647665991926,0.5605334831218189,-0.7718332313481816,-0.7515979804289484,-0.3428850543257393,-0.811148849175125,-0.6096640967168585,0.5048674687938307,-0.41886817794609826,1.0805596086688618,-0.34272224797474193,-0.9915602505979119,-0.7754286198270356,-1.0692648429867109,-0.9252107831499498,0.27650189440719286,-0.5065733728204729,-0.3780648412894568,0.4250231995296184,-0.9767590352335853,0.3333085023956192,0.2638626610608005,-1.5549438054199505,0.45522292517547275,-0.4215943174894862,-0.24321541205365987,1
-0.6235379695156227,-0.33378171878297286,-0.014360144637783881,0.2916389502246816,0.48814172294130437,0.06489120339990789,-0.2873455486231054,-0.1597348659726472,0.028019738167778883,-0.2604191135909872,-0.2718217609171256,-0.2007260888076798,-0.681660487416578,-1.7480503977480701,-0.5836534733039197,-1.1471035402778635,-0.4993520874069468,-0.6004157671898634,-0.615565207920837,-0.7386184065448016,-0.10287165275206599,0.06281830574518064,-0.2606088010489896,-0.33389990531006747,0.44944932118781583,0.30513931515223114,-0.06745405508778539,0.3679927944706696,0.3595581370325572,-1.6356966386487815,1
-0.6991166060361106,-0.8847071520230141,0.7487503174148599,-0.4946501655989858,-0.2767754857708121,-0.4743258945657992,0.03128241315615854,-0.17204780501866443,0.8637587508239858,-0.06488427421441141,0.8353095879254976,-0.5610051899850252,3.194124177338059,0.9729415673196847,3.212552916866337,-0.07075190631574722,0.6944364420469981,0.9241735311901017,0.4179302437452219,-0.01027041198192495,-0.439609548627891,0.06738181914161416,0.4938460901687585,0.5312540650175817,-0.549521882185129,-0.44498355461181216,-0.783603956970879,-0.5599184452766319,-0.2677527217086284,-0.9774336341408756,0
1.0118460827529108,1.9118207258200641,-1.1093400148471182,-0.14749595989840827,-2.348720949828607,0.7340037758975603,2.106184769450195,-0.049300855073668916,0.06595730617849722,-0.1935353493864667,1.4716248941774852,-0.7084357072783357,0.26573983382580385,0.41335658071676973,0.5034233356334799,0.22929372687705804,0.13355969387922326,0.5743948853832964,0.1711728857221242,-0.4776626818824966,-0.4518857321430574,-0.16103087189410228,-0.10652626515034615,0.23886488438003298,1.4022395359837028,-0.3967017114457507,-0.3133801367161483,-0.17132670907634925,-0.1868056268075426,0.14545416182077325,0
-0.557575578560044,-0.06985130137624437,-0.04553750647449418,2.1325591660128893,0.38422083649709643,0.2902380207381,0.8784699985125954,0.49948031703656387,-0.10016270370696304,-0.17096509083965997,1.0096558299036718,-0.35521699832283804,0.7775958226137164,-0.10045618805667607,0.6232648644289109,-0.7409743523962322,0.22287722226257178,0.4836594193902536,0.6215217214878367,1.040949220087777,0.005169364115649892,-0.07516204203883758,0.12532733300474952,-0.36754884204877664,0.07187571407718389,0.41368850919915173,0.7219821316610071,-0.3988324110418977,0.09064760129460071,-0.5674866003627659,0
-0.756928370086717,-0.2091377767084121,0.23840958001887583,-0.04724399146874463,-0.020362384955822148,-0.1815897022148271,-0.5631274990039938,-0.062463996434218294,0.06412613264613609,-0.48990966652160306,-0.4755374345201066,0.4081735896601242,-0.46631579605194134,-0.05886378302293645,-0.5112255185781334,0.7513754387104986,-0.6568666955230911,-0.47693531918158355,-0.7833850554185399,-0.28807191811057525,0.09774847535495726,0.13319572006448765,0.08783365265784289,-0.04604819249289863,0.9440192599331774,-0.4028356374876541,0.6491516463331652,0.31302965768580165,0.419438554368672,-1.2656292596271719,1
-1.7465207927977695,-0.5658228042661223,0.9882253879481321,-1.3248245144601152,1.3152197366254643,-1.1467502935808949,-0.9384945941948151,-1.4560401898047781,0.9304037751246163,-1.0201670674213168,-1.7106589300746244,2.26282271488035,-1.8112134860841538,0.7587535064260192,-1.6646872405146622,0.8233317643808187,-1.9287011707088881,-1.875863911344059,-1.8343742418382176,2.0106199983698545,1.0374018520299362,0.6710979147978763,0.26660935862246526,0.7419139412407341,-1.3242432911408264,-2.246775054969289,1.0128487881787915,1.6424223277448586,1.1205583363910512,-1.184484273352308,1
1.116930197773833,-0.7098898938149122,0.5890159838378101,-0.42418874811101487,-0.9472905943450336,-0.31086973913631927,-0.17998257238669527,-0.033534518988525865,0.6750832838961055,0.3227841034376368,0.46438645630447994,-0.5204859923130261,1.8161204061097955,-0.3982316531168452,1.4185492090746363,-0.9699023106478173,1.4793185401499338,1.0093440210135334,0.665752617826254,-0.37978740017300683,-0.13127250835805868,-0.17024914076938819,-0.9203756542040433,0.4185619964775704,1.2493806549425304,-0.1375514884213908,0.2972078609863959,-0.23630093478451297,-0.13591900109283975,-0.23825972470812284,0
1.2601724253312494,1.5527155817918934,-0.7264420774703569,-0.11027464363489481,-1.2021626484090848,0.436328130269168,0.4550273495444049,0.4642652920110696,-0.17706291400780302,1.008623637015098,0.48380137169863685,-0.49581375378808124,1.7037262905076394,0.7836021673789895,0.788471738764576,-0.5380404846297776,0.4328800866310158,0.2152712030775065,0.23753866367448467,0.8252931727439117,0.06563790639480453,-0.18790879780181693,-0.7258492065368335,0.032105494563847384,-0.5377122165876818,-0.29685129799789084,0.8552723410521511,-0.32569831058025284,-0.1967744623714689,1.0280648032521644,0
-0.8177336401723131,-0.2713598364927553,0.2051744642531885,0.07547492110663169,-0.12006746353128224,0.0910637521931795,-0.3230704715508264,0.010195535875322412,-0.28512241902313024,-0.17161836149654913,-0.26697113490459334,0.7450484273895083,-0.5217052637879656,-1.0117061086466224,-0.6497143186308173,-0.2884823927236928,-0.466031783130989,-0.6427759120946335,-0.23760382031698535,-0.45631390170906383,0.16478584119131087,0.37291920860692174,-0.10417367083682216,-0.24831710786978126,0.19818291129068696,-0.01007988082635046,-1.2464627311096763,0.33137738204679634,-0.17794726920916498,-1.184484273352308,1
-0.3044379658020701,-0.2181901463687722,0.12017978723832229,0.7571225099939366,-0.5653057214050565,0.0028527023861558446,-0.18081752012380167,0.4177921839112871,0.03911337948810086,0.10686958406732283,0.35725585347980937,-0.8091818875890315,1.0082053419530388,0.8181254565762239,0.6600630987998328,0.7679104084981084,0.83958334155868,0.543818946691421,0.19371132289130394,-0.3194594516540887,-0.05371174390109123,-0.18197033041936111,-0.6701457107459221,0.04614196347743398,0.6600397659217858,-0.14664352187298713,0.19450046626859901,-0.09130670397624444,-0.041601071471406494,-0.18477955493744944,0
-0.5231870798353011,-0.5195020705281257,0.9646624092993938,-0.7959193951371509,1.0615016524337346,1.1079946220062011,-0.9905280277975912,-0.32336128404224124,-0.4679790964725838,-1.5414907956980757,-0.9981353487861871,1.3013308660672662,-1.0171488269531122,-2.8990819378962565,-1.3951522718369138,-0.7821139506229283,-0.2715108263814242,0.002302869628841351,0.4797082548515417,-2.140450616451901,0.8083865347924831,-0.32366493011785313,0.14018696714270987,-1.1830560538281392,-0.8912134855466521,0.5270669529651878,0.8330303199114318,0.7168440783113311,1.2183754998598642,-1.184484273352308,1
-0.8786127047646453,-0.7635447789123059,-0.12767689640821187,-0.6589009727192051,0.9300488534173847,0.15945011129777234,-1.3479918778005848,-1.0046482411465318,0.2623822025744975,-0.869327459617092,-1.0583491090080357,1.427597705365709,-1.294572012628382,-1.644049714376835,-1.3585904691504465,0.16740220628233118,-1.5254332395371966,-1.4865651058206288,-1.3822817902316806,1.6910485406128912,-0.047785091575198786,0.31449060994712214,0.08749745872488289,-0.9025123376773538,-0.8471988197011094,-0.5261746163366278,-0.20065825224392309,2.3943354442606575,0.9669887730778034,-1.184484273352308,1
-0.9063712531273723,-2.1979646980064844,2.009273890232116,-1.98438594386234,1.2007432481509135,-2.3949279248036266,-0.9354387025330122,-2.4960617061141477,0.13988286134773595,-2.531980857343449,-2.524814162962323,1.0481586183457876,-1.3124909821780224,1.0359847150556858,-1.0705150311362366,-0.36800596135409674,-1.518873825887983,-1.9060347338510386,-1.976706896625252,0.6626408451141662,0.28065802532013195,-1.0099677984255757,0.5679016237947184,-0.49126454341957415,1.0880221555693663,-0.16061545853923356,0.2626239511932729,-2.7711807917515063,-2.0404100807604544,-1.184484273352308,1
-0.7500663238088523,-0.2010277675598641,-0.2037210858736497,1.9151670793260471,-0.23839013735871611,0.1213461451404955,1.2130043117268838,0.46746425676404485,-0.13613236386966276,0.7758389557948053,0.9485933035923024,-0.3933644716048284,0.41208998983000217,-1.030079644547413,0.5126292030960993,0.7930307822367453,0.36363717468352846,0.3132843195785012,1.006881079411649,0.5370410374957459,-0.31148240577710734,-0.008305493337153245,0.6991802421087776,-0.42409442864819297,-1.3653692750078856,-0.34305669264282446,-0.30529185963595945,-0.8782907170090639,-0.22088657619620716,0.8449833290567151,0
-1.2552940480306154,-2.613895921803999,3.261952708304411,-2.5338347598907993,1.2699266181863622,-3.015713874920776,-2.876216311437006,-2.3603365916906562,5.860104106347676,-1.0831847424477246,-1.1752451179074812,0.8903719035368309,-0.8446636053806157,1.2729398715043578,-0.6361300597512568,-0.18169780585468578,-1.0550756940769517,-1.2762171515203686,-1.3741738582884075,0.3102032287419755,1.5278340451037684,0.6016897930536997,-1.8226465499005398,-1.178359409437821,0.32399426727184727,3.7278508646308097,-0.42798292582332953,1.4176965493890312,0.6731465608494149,0.9067622997526911,1
1.05863929691305,1.3404636829198562,-0.4774122071525884,-0.26321442606224577,-0.04851776537527821,0.7968826113399782,0.291741748103035,0.707784012798348,-0.19485624952667302,0.359203850077395,0.49449433621682987,-0.1841926406938599,1.1016139016767785,-0.007244454594134887,0.3129113491732065,-0.9377608708277265,0.4972509719876501,0.6579692103184259,0.8229826431987398,-0.23555677353448787,0.07658041818953398,-0.053648809230821874,-0.027437309188840332,-0.23433574798440693,0.20037568149686447,0.6365827591864429,-1.160346127724824,-0.25331409317859477,-0.09321468908461585,1.187953860157731,0
-2.3738938624155153,-0.5950975843411179,-1.782182656000903,1.1872195386900792,0.23081216184244938,0.9492628042654929,-0.16235756756558603,0.5194898598288422,-0.16088624182017297,0.2920516185783812,0.30089957913266374,-0.8235445753763923,0.351736203032878,0.7052287361111513,0.04870924059531678,2.2858513947124335,0.9076875264066617,0.6638883613804997,1.9033184674193167,0.024337991414748752,1.8858028759984242,0.17283510097945431,0.34961782167033806,1.3528283151186165,-0.5382655102289587,0.35960823152896326,-0.28608820153065667,-0.46043501962658245,-0.01388577970545953,1.594395680608195,1
0.005584901371355636,0.9853159418617995,-0.3762668352887749,0.7146347592482596,-0.41626413496212045,0.12102941424556014,0.19889214478573355,0.39304780170926035,-0.15316942523882465,0.3384568238294839,0.6529404355496617,-0.02046954002207074,1.3667119853309968,0.31901971998084555,0.8884758042676051,0.30990096657014077,0.8497865987659223,0.20600430912673143,0.3286116494704703,0.03298074886209656,-0.17384119723090563,-0.19107749757696388,-0.6743379920993293,0.0432717291623181,0.006726358233537212,0.2793071162521123,0.22966712464011874,-0.24784371981345127,-0.07301738009124394,-0.6866838798281042,0
-1.260718403666698,0.9818207586018851,-0.3657158310490183,0.3836154253470431,-0.49670651973264396,0.3608120414513523,0.2215117926087081,0.5467268781582862,-0.1859751687577722,0.1642690531239011,0.6409854746568195,-0.14273786927925056,1.546291176832609,0.8735812726820511,0.9282636895277233,-0.019116825799676402,0.7200397573559905,0.19312631211084927,0.15922822285050844,0.34251511580215127,-0.05331858075519548,-0.24793071825145213,-1.0307598065743766,-0.04013807145000757,-0.8617559306201812,0.5219640350394573,0.3728439602280846,-0.2844650810889108,-0.08759516371317902,0.4987383697776255,0
0.011243313801929306,-0.1151626729528877,0.022040112781064564,1.093206398121768,-0.7309761492634472,0.3801578644418501,0.65651226531137,0.422497144984492,-0.44439661586322543,0.1213628471300369,0.5006747604188332,0.10018914109142307,1.4635963634586466,0.6611445765310878,0.5142397973112494,0.32067344336827963,0.6715701399419448,0.43760675212498407,0.2651467560253543,-0.268080062895086,-0.2939603679091298,0.42495832163254915,-0.9175716499852686,0.1354282882727135,-0.6703704890795841,-0.3192409606751592,0.26788217055903324,0.15703620431396162,0.1066036777603976,-0.26469421214850525,0
1.2216843947790297,-1.1041451062796843,-1.5732304059110576,-0.7545633608006286,-0.034713278423489,-0.018822777238809686,-0.21524154469781778,0.7217199754602388,-0.041321712432124354,-0.21683793815767982,-0.22594209375932942,-0.846396918404518,-0.2893575617275547,0.3038691368044183,0.19480610453335986,-0.0549867347394365,-0.4393041013195828,-0.47195704516066594,-0.5220147023269314,0.5578393003122263,-2.0707920147446326,-0.002938683161986368,1.1272892922999644,0.2837190912252627,0.4064550432041953,1.2465936209762376,0.11958109475960853,-0.26913429094603064,0.07892310251082152,1.2753671468617283,1
0.8709876774063776,-0.07734968519185716,-0.46561603870364215,1.5023655872589048,-2.513483872703289,-0.12887800348436093,0.17639290538410118,0.6761904994826055,-0.1634764602786557,1.68406567174743,-0.029884892712477133,-1.1664503887537232,0.7888820283303937,-0.12061595800558188,0.49730119562307196,0.7985707261667537,0.43131544623890555,0.24286843937177405,0.4926744146397006,-0.3447449522659454,-0.28109990114195926,-0.045077312661974504,0.3925087726450264,-0.03451181760966962,-0.01654655801924611,-0.42457006687625537,-0.9559312487059602,-0.11929720459229007,0.13771743667786207,1.0657563321019,0
-0.26546759069879244,0.087476056093326,-0.17825593959212432,1.6183320433111905,-0.36712613093685686,0.39656069042599984,0.1351204412198168,0.7635457808284651,-0.2012822481318973,0.20285094145964555,0.5092611280307116,-0.5456132136542022,0.5772293678888087,-0.16714047311758315,0.7206148679143196,1.0074720525153789,0.16538330767467085,0.3977265642449962,-0.03070249889809858,-0.836001290686755,-0.12739827445974042,-0.04872571417479621,0.39375230869007355,-0.18981504176616049,0.7884583138513073,0.09262772237884735,-0.8266525589303401,-0.3282744822960919,-0.4622533973966053,0.01425512865472636,0
0.8154974237104162,0.2586817029249599,-0.802383655840852,1.0617301980580724,-2.0592990521760313,-0.010857363680529423,0.07987534016970435,0.3359032162538774,-0.1978816497668207,-0.4915448341426203,1.3577339930748438,-0.311991731587523,0.16849859199441397,-0.5000483118599027,0.5065302589396496,-0.9358516616946397,0.09841818723403528,0.5412953676306343,0.7922963111642753,0.16727088185748681,-0.2882351248680042,-0.10422628748130412,0.3266776711181871,0.09647759446292212,0.04815520797498954,-1.511947340506895,-0.6561370487214067,-0.1519588773055214,-0.08756061658777933,0.5089745889817476,0
1.296335263315622,-0.048658580322484817,0.8564596768443887,-0.8855935304862403,1.4098930309017133,0.6892925136769295,-0.6873743175457203,-0.15292480907171643,0.0991895927618457,-1.5022838726303713,-0.7895015295098949,1.3148783980742371,-0.9084618908258563,0.647598939028543,-1.5309315317796293,0.3824500170497723,-0.42690803270649885,-0.0860772805142783,0.8377438162733718,0.6388687790631364,0.7355006422749495,0.13570271164689068,-0.35538207976911224,-0.2855985984334869,-1.8347613105204377,-0.18979810887067686,1.1402993431231718,0.6882837870803554,0.7032134660475959,-1.2620133203160437,1
1.1331878338858286,-1.0741471581460316,0.07591810835510283,-0.7666564474870227,0.15905528712858616,-0.0036153660448084994,-1.734044331553454,-0.6297870609897339,0.5408737757004917,-0.6067831127252836,-1.0430826631111192,0.850453247747815,-0.6626256089271066,-0.890927702533321,-0.9318038777655144,-0.8260886066121343,-0.7935575720830694,-0.5590769308526025,-0.38310326275128787,0.678417637093164,-0.8189155354378105,0.16484263922348183,-0.2983834464138415,-1.91357444503729,-0.3012530197151995,1.964241263427464,-0.541931737043743,0.714299291645946,-1.4479922693700156,-1.6356966386487815,1
-0.14006255586001196,-0.8673283952861487,0.5466623206322838,-0.6586700180553229,0.7070266508286271,-0.7368668528122341,-0.7210298739323489,-0.6343835554198173,0.36371406199319906,-0.9062248278798342,-0.942215855161955,0.8122094188293619,-1.0843289488252443,0.2925453642751415,-1.1259690366240291,1.4467405455459377,-1.2065715007532192,-1.219741353380328,-1.0791628862813574,1.193802992609727,0.22796860319544196,0.366397570513166,0.20667294085727228,-0.3644844147681325,0.2657827675956331,0.05057149530795906,-0.40035746432354286,0.14882160374592399,1.6709334237030895,0.9061435972071297,1
-1.7843951712345762,-0.8581677138473146,0.4505953170426309,-0.7310750395232781,1.1509112744336334,-0.4426338674055193,-0.4601489878365219,-0.5422902962341299,0.07944494794525588,-0.21306290395616784,-0.5155664558293501,1.1646885620556573,-1.4599533354776817,0.5818130679274076,-1.0258956709949008,0.7341105116719375,-1.2979992829595293,-1.1401942410340828,-1.2320369159327798,0.931846727875461,-0.311005032820628,0.16865921523649025,0.1732868174610978,0.5730843405803352,-0.44197770477076537,-1.0286091175933665,-0.04472134339695385,-1.3261940332559181,1.3859920087912023,0.35771188556412936,1
0.38341010036592216,-0.4540470482544723,0.7081703652370188,-0.778559268489016,0.8647289198342939,-0.4160334334705299,-0.4171221328193421,-0.5428465864358399,0.10830222327769605,-0.33537525753505837,-1.347446736131447,1.766536233933791,-1.4161593186770967,1.7617487103432474,-1.5750373698134807,-0.7535033372349834,-1.4632101614380018,-0.9073217831048515,-0.5249411151808391,2.4525974341043235,1.1065129800782967,0.33651795526611533,0.902000936440959,-0.5805119084905256,-0.9404129762254936,0.3074398552747437,0.36093920237442034,0.9724655508652591,0.5951618662828333,0.9240978965220907,1
-0.27857699152956034,-0.04622558367574303,-0.04207878548382773,1.1448373832973895,-0.29622167556972884,0.1489767364953811,0.3207942187432583,0.4532859242222048,-0.00545815649120615,0.01821881611224568,0.5620574407652158,-0.17990207780528664,0.9478369664132047,-0.2446898121854971,1.1533873730502127,0.5074295103291272,0.6370890648655498,0.30901422353164326,0.7362927250873085,0.4747982479757669,-0.056904443059642165,-0.14813684006835812,-0.4897753419479461,-0.037244072446807434,-0.10299212560599996,-0.17957246329058765,-1.1942661463765407,-0.01881097258938481,-0.04273884913459608,-0.18625899938286047,0
1.1777639248528973,-0.303997005464232,-0.5882038029194144,-0.4682269343391798,1.2210643215156698,-0.7026510929365436,1.048677174607773,1.177047150878917,-0.031152187197950824,-1.1560578068905687,0.11808480605213412,0.314388753126186,-0.4395192808013826,-0.21854273072436142,0.01799568616949326,-0.7328006775480372,-0.6084802872613008,-0.5253069922575961,-0.353954530663803,1.068694077075458,2.183356529006438,0.39515688570819746,0.5307949620821288,2.32646826018601,-0.13460368027913003,0.7887284595372335,1.1168195731781607,-0.34950898406528674,-0.10402404046728625,1.831124791781019,1
-1.1461680274873975,-0.048108592053720305,-0.1697324572871636,2.44121490632639,-0.05872580295486312,0.22181361540627464,0.82328205251118,0.5128963737432394,-0.05984409164962361,0.06337646836788331,0.579637795544855,-0.4382750306762244,1.1693634063241531,0.423278103911952,0.44002279873012834,-1.577238356923297,1.306045098072798,0.12234022170575545,0.6087994992896112,-1.2444086399764247,-0.1884809656696086,-0.05888900397645693,0.1646809161497603,-0.0982053518811531,-0.04513078936011069,-0.5632736114625407,-0.5686795639837652,-0.07042848964766459,0.2083830112581851,0.4534752547155618,0
1.4804400609446469,-0.9949563694632814,-4.552953580720522,0.5351471364381973,1.369977231727565,9.601766002561302,-3.552099524990943,-0.738673240872484,0.03021324912397453,-0.11003408036164798,2.2670668316800597,-1.6379718683806508,0.5813594211316285,0.18285576922985664,1.2849845836723395,0.3145651928536626,0.0929122762854229,0.5534174523521096,0.34695547173944946,0.7927323486038067,2.2453124541450196,0.257288329735984,-0.18600177304080065,2.315077210605499,1.3603207398078518,-2.5309351918771363,-0.23258734324459676,-0.13648294926300725,1.1219068412992061,-1.6356966386487815,1
0.5208693305768904,1.5942781702130957,-0.4771247977261225,0.16923527967930682,-0.3164053712968,0.18690765432694675,0.24421229048928766,0.2675770770104925,-0.16539715433975466,2.2994510609905086,0.295066492494565,-0.4181620308570462,-0.2869588398156002,1.4827067209729266,0.769700800519896,-0.08215029390563718,1.0750349458118453,0.8691169575702481,0.6194125766883697,-0.5311883962772731,-0.2047551508471222,-0.2984177260560591,-1.0297363619638886,0.3535589825133676,0.7638862168754541,-0.9624481680756868,0.13889978290957944,-0.2716564905156856,-0.10527565785757464,0.5823307978191546,0
0.287944987048585,1.579253138185188,-0.6792787653855049,0.444773426559522,-0.4921322710713949,0.012021603962256967,0.7656166162032128,0.09071281936338312,-0.08185557250802482,2.595390123351279,0.5220568972745524,-0.0501111116530814,-0.20317368363418747,0.9115474525519421,1.6811283526559515,-0.5045968402020288,1.2659326678771088,0.3360335619602929,1.2423614249811783,-0.2196976661941679,-0.26722685307969585,-0.1362125177515357,-0.1292788978035213,0.2247783363910199,0.24451317420969945,-0.940567490438667,0.8857346157586474,-0.27446065364312944,-0.18191826285465526,0.476319525231171,0
1.5503539173419576,1.644443404661105,-0.38459653245094244,-0.24137450280066214,-0.424221394513524,0.82032120734837,0.4147324744122194,0.48322456206089276,-0.16102280812992087,0.837055155229321,0.28484316263787135,-0.31650271321471646,1.170082768750176,0.431078520765948,-0.018191183778396597,-0.8091449424521975,0.7873489237104586,0.7985383904308683,1.314644073996128,0.2665164181727367,-0.12294295698143223,-0.16415306088055076,-0.33216771166998277,-0.09926211664506848,-0.8015782653975486,0.4139167105892944,-0.6053505447097833,-0.2100899084653661,-0.11475451247853544,0.5171066680644191,1
1.1940759419727403,-0.2871705909816844,0.6543107858901155,-0.9774759486893202,0.46809783125726717,-0.19927371519432205,-0.8300677834536082,-0.168436579138205,0.2232877069861008,-0.7028026629161425,-0.7161365824897072,0.251358853766902,-0.8938462599395293,-1.0504713808755066,-0.8820843423209959,-0.11597374258724891,-0.889176240866464,-0.6276185722015921,-0.47404121759168116,0.5498994806963332,0.006929688211167469,0.33927514069547615,0.9960139365070868,0.026932312185382567,0.4901436116620003,-1.0582473266715715,-0.7090687530933881,0.4508864043056706,0.7275769333611435,0.9963430700612762,1
-1.7393941543115052,-0.9554139751361432,1.6783545439468168,-1.470559870146251,1.6991807692150724,-0.6491730158862082,-1.5953581308642935,-1.218343881472967,0.9973577084818795,-1.9020251272762079,-1.916717827384957,2.402441186436354,-1.9259539097504434,-0.08157785090332471,-2.012391373000148,-1.2403140768780279,-1.6857580705220185,-1.597059386958224,-1.504225061105185,-0.7119930191028008,1.1449184772739915,0.6149403032835153,-0.30762184226887296,-0.31138725325881483,-1.9520869510964842,2.251850301547584,1.245405380006112,1.8701925346526769,1.6120189225403974,-1.184484273352308,1
-0.33897779986120147,0.10636939838755122,-0.7160733040646838,1.641514035456246,-2.2120195089656045,-0.21948033387265453,0.31245112053602053,0.3070003313392146,-0.1300750558960589,-0.5008916121283288,0.9365891154106858,-0.9540936510340023,0.06824757475952127,0.20861716744449346,0.40225850213327075,0.3276418736749945,0.3319012434246949,0.5560682890086367,0.2780379421428855,-1.6676346023726996,-0.36948044083907217,-0.054393858450003066,0.4081671411750529,0.08350277529952665,0.06638546305959453,-0.40306688884611847,-0.5979536652200886,-0.14615749023144087,0.015027963170689999,0.8500818518098863,0
-1.268025868474012,-0.5488339508829894,-0.4644619601422735,0.0022279892143865724,0.5328173320799708,-0.7019271548535299,0.7645871556557827,0.5116380991830856,0.09233636714386463,-0.5958130078601063,-0.4149145360027709,-0.09940460722575294,-0.549888917105277,-0.8282514078478825,-0.29630751924789817,-1.0498484645082697,-0.6008854548801036,-0.6651416582428239,-0.9121408861965407,-1.261133539547709,1.4268713256769079,0.25826230913857073,-0.2891448219119335,1.764308321243592,0.41495982939761983,0.16239002245240589,-0.5522789871460467,0.02491101611665337,0.4316668482257094,1.716902374273706,1
-2.433021134431298,0.9089838937351148,-0.9001939541794006,1.4434144395722883,-0.7792469533764375,-0.4132382653916369,0.33261903598175147,0.06015786258756532,-0.12056878295032021,0.533146995623877,0.8396610026436735,-1.1666359180052397,0.5075544169437587,0.21321467450449821,0.39589551968846654,0.7954122304365528,0.005593467910507139,0.4085531589377282,1.6900491153976005,-1.0949425459853537,-0.4021806788248846,-0.16064902831516653,-0.09534399035115818,-0.05151181244554013,0.8562936234952042,-0.12405770221290392,2.228689924109338,-0.22202337607666053,-0.0023708207840786653,0.8930674314191601,0
-0.7272312597861199,0.5630788029231907,-1.4654133042140667,0.9117623125532796,-1.2543911971644002,-0.465976127200113,0.5263362326559673,0.10120042071874698,-0.11337782176259197,-0.379335748549979,1.3384563695062084,0.09898128954707174,0.424560497236946,0.009658141011963103,0.5789994368569298,0.5712286785284191,0.38366281595283297,0.6086499578201988,0.6180110281750728,-0.8402622920961549,0.27724745477188584,-0.02227105160218295,-0.06744249837034448,-0.21282278336840021,0.37280521373989123,-0.26018911323374894,-0.5362862305496652,-0.21180826275138007,0.08897834704980631,1.47860040962262,0
0.8639338651117523,-0.35595835426599365,-1.0928011756730904,-0.39161409654910884,-0.3971537421115392,0.25623683845192896,0.21407395519482714,2.23613159659225,-0.44070072183306047,0.5080887609664858,0.5726637037363692,-1.6962228679116254,0.33525484314466253,-0.17790214833667903,1.0829135157405807,0.1785941763144688,-0.0005373498983161019,0.313683076895169,0.26286566129259886,0.6319445957830717,-1.7143856510984692,-0.08976700079142544,1.788267262116956,-0.17038071429934418,-1.0159902394480385,-1.399558959593923,-0.7060580896160306,0.6290691139383335,0.6690798686106204,1.7117196101205472,1
1.0564508762576388,0.7700980669868235,0.5043039947769444,-0.6536392112011961,0.8533325961546548,2.152608559198912,-0.34356630262867754,0.7763709757599583,-0.5370011882557127,-0.5391722905014422,0.14602776992081254,0.4956134333558267,0.0011749370902648286,-0.5860765328392414,-0.975331740152951,-0.5774502356462863,3.9254984169279665,4.026658015873786,4.8509097135633805,-2.0172093377564013,-0.48429126177014337,0.45409149222076256,-0.7271446108172092,0.30552399538205,-1.9295198635826456,-1.8126631101554382,0.027493725169916522,-0.03199855205647803,0.13094457513227373,-1.2620133203160437,1
-0.1191121247624395,0.8665070103913011,-0.08802068800125751,0.03823885531654698,0.1468532470008745,0.566389348388595,-0.0027359659909885325,0.4587747689476127,-0.10779045588087471,0.4551093076761814,-0.012199350044871144,0.4725263215092368,0.44259473679272127,-1.5950563643412548,-0.5283950065651738,-0.22473062140633668,1.2604944879860085,2.6743636682938696,1.9472354632513693,-0.9971051463504027,-0.23959824837059934,-0.23405084828539083,-0.7055050914211178,-0.13048143926218725,-0.4190569703264683,0.8405062924778259,-0.7075572331109603,-0.11955576372353384,0.13911131197339896,-1.184484273352308,1
-1.9023467222628905,-0.6726462174798379,-0.35091637193368835,-0.5727649221943447,0.9060356260533418,-1.342312940859574,2.1338581122700817,3.2847551139175115,-0.5627617010952762,0.031259006180690115,-0.028425015722642395,1.051438537399272,-1.0232629509857893,1.4206997102835954,-0.4045389663626386,0.2654245487757315,-0.3606269516688884,-0.5701976663245093,-0.31806425057761156,1.0422186979838355,-3.2456472860644046,-0.5642228130108411,0.1251293203509198,-1.7524672116253823,0.3160629766695837,-0.6510511236097474,0.636270404566899,2.5379295316251835,-1.74485129724228,2.0426512890641333,1
0.7159690793816854,1.8025021257783322,-0.38861025086304674,-0.15753497973333402,-0.5010998273601328,0.6466461629933471,-0.11206742530478585,0.6630942567567377,-0.2565523719268081,0.4797982082698914,0.6700539703959303,-1.239381274649813,1.0029571835157358,0.7648018202208487,0.8702565131427892,-0.40093862462718133,0.13613667812982716,0.34942360038580034,-0.12424783173784341,-0.003193466094392133,-0.26006124496115757,-0.06024411348367431,0.3657279851775292,-0.07145734154971672,1.1685791690830043,0.665027489680053,1.4070102294904612,-0.32666581143866796,-0.24030579405073466,-1.2656292596271719,0
0.22374141084530524,0.019402346031656244,0.10852709283995753,2.1080054886753112,0.8232549255166723,0.13521373604700385,1.2266589493776234,0.20833056901485159,0.04583892512198863,0.15163362507829847,1.1529186961401148,-0.028239570560624257,-0.07239268775403708,3.0817004060929922,1.5758869817833991,-0.7571891686356533,0.85950970084522,0.5995991275504213,1.3666954425863589,0.6969128990724871,0.14136753859354112,-0.09594540161823809,0.32901693450685365,-0.04045546579432871,-0.6935320618375056,-1.2701225903122062,0.45616714467359526,0.1857287246289703,0.3003520351678728,-1.6356966386487815,0
0.37636954228110814,-2.570753787666474,4.238196291304934,-2.3769814036358334,2.270373759616819,-2.698370727002121,3.092359883903365,-4.130257392392058,-6.448581518940557,-3.6033194574046012,-3.1608026124911457,0.710493383018037,-1.3149804762085247,-2.849545447411645,0.7786522688514173,-2.313467703221759,-1.270915600435227,-1.4366820918502508,-1.5842824878706934,-0.42024892777978734,9.24853487860994,-12.788097525396736,10.35957098915617,5.557491888907501,0.17527111211168928,-2.082485076231563,0.04516147993238164,-3.5593351942572458,-0.44104658836247085,-1.6356966386487815,1
-0.3900077338166616,1.1712115191809984,-0.8830239743922945,0.7447922307899283,-1.388921538309911,-0.24842645695442378,0.33404344011990517,0.10731888706186037,-0.14379271699913482,-0.3727741519939269,1.4024748610339093,-0.2881778709694427,0.5236743328863763,0.17819340621755803,0.4626932673532807,-1.1671256375837853,0.12587280807636614,0.6504088706540708,0.4241232647189904,0.2643490217025197,-0.43676327219738204,-0.253848591648902,-0.570562051313023,-0.023809413575816285,-0.031260272392095785,0.5836931889973792,-0.5533683837228737,-0.17708761822036595,-0.07112347085667318,0.11562212717063532,0
-0.6923152638325873,-1.2932364434531525,1.3653759939964971,-1.393247285650771,0.7464992418013141,-1.3343353405252498,-1.6249677863069452,-0.995649007774181,1.5242502339462722,-0.6789159862041266,-0.9077264456833196,0.575393480634536,-0.9611936267273784,-0.5792547989341712,-0.9880392289881474,0.945367796615456,-0.890160326194065,-0.8521410456241475,-0.8037384275664603,0.3064770402660537,0.6810575213153361,0.2717513523525332,-0.689794225810079,0.1636278025797073,-0.12380103697005909,0.739375311821104,-0.5330694505545706,1.257911396199644,0.37666321424229793,0.9067622997526911,1
0.21959361551635784,-1.6724677949019242,1.5082831519354305,-2.0181235200114367,1.475861394231947,-1.9773059593118012,-3.059315723886522,-1.7749174272492485,2.2407405394987308,-1.3159094850855382,-2.2148536986664036,1.7143463286392766,-1.8193522465217813,0.5463677315955389,-1.6063616190867318,-0.7789630109243845,-1.7576451618209434,-1.7081250139948367,-1.6413527495832796,0.979908223179443,-1.4999412440725914,1.0077951425359732,0.5297431370994716,-0.6978177779629376,0.8510134245164713,-0.23669186707148618,0.005311938800114329,-2.0177349607323416,-1.4280100144558476,0.9242248577253686,1
-1.3054947283760543,-2.288574069348741,2.6924529008740423,-2.2585395260044008,1.2173995807310791,-2.584969160401985,-2.567439364709442,-2.067412956612109,4.410558411695951,-1.1667845094569347,-1.2853019077900105,1.190654783619579,-1.071735002815184,0.5778628909362251,-0.9923985617104524,-0.08937660278684606,-1.2498198430977894,-1.4263177900131674,-1.4178512634690155,0.6160652772890973,1.4399602272064524,0.5860326119100978,-1.4188468670859484,-0.8870410480479896,0.2544286908401207,2.6480179578586296,-0.4549361981580437,1.760538520796937,0.8278336261538762,0.9067622997526911,1
-1.5039556429052534,-1.8491930187859082,1.6868246092286368,-2.1285456058962042,2.2957321650460347,-1.6000417691202344,-0.9935693896914956,-2.0047308538826485,-0.021785312365868722,-1.9031013267016312,-1.9216210663986986,2.1698672347672963,-1.7181698831364023,0.7417524605145583,-1.675605165069361,-0.3706763531793014,-1.4772557605712482,-1.358261023528628,-1.402522298347493,0.3370610739735169,0.8502828368694402,-1.1994910526051097,1.000050773550309,1.043411899566572,-1.7173126280063906,-0.3496579295106731,1.324331418687653,2.8150916286531213,-2.608142624133364,-1.184484273352308,1
1.1873251569993535,-0.43814833778807244,-0.19990484631644798,-0.7120945779887832,1.1501748448810514,2.939750759369517,-1.528030952133026,-0.02258753196176224,0.06639738983225478,-0.9339694829010505,-0.3652816061556162,0.7896503601624947,-0.5758886535097794,-1.548340253485143,-1.1233508047993663,-0.2911494817907231,1.3787304618895178,1.4490386531034392,3.025796175792884,-1.3605190900246067,0.8234520237257623,0.07653037819733195,-0.7738272285277962,-0.059763880773746135,0.03635735985078072,-1.2317533620580332,-0.0010565346420803728,0.24913258002440675,-0.3405389384909345,-1.6356966386487815,1
0.9714839180474533,-0.6152887429032742,0.10612642500593987,-0.393201089297751,-0.1971098273709756,-0.26974122078392093,-0.29949839241587545,-0.23312171772019363,0.029355149301673544,-0.36319289239699576,-0.45462294396341846,0.6744537626440501,-0.5630093258199315,0.958825348110237,-0.606819307678481,-0.5692944432758947,-0.9748478604814534,-1.0770662663674113,-0.8128234093180758,0.9294981269486937,-0.12780400503280476,0.3483526363071312,1.5848273804781075,-0.5747284402947959,-0.4648592652655572,-0.4342159554754766,0.017546720989178366,-0.44427071662947304,-0.04882380153555485,0.8307897993184754,1
1.5072128453348768,1.7761208251167853,-0.4657104588810725,0.003090732882332221,-0.5328863375646626,0.41384486755326855,0.16784146623019297,0.46122434355691627,-0.20294953169330193,0.8432576633532793,0.6343745268722552,-1.7464634497193323,0.7433393566319042,0.4606154746037213,0.7471420822401617,0.086506590543246,0.5096312247261436,0.2499058608332564,-0.0727331277181211,0.16990795488295588,-0.28931089314916303,-0.24506895636442236,-0.8043967703355355,0.16798476921775968,-1.744880749085847,-0.3290170085281575,0.574368924981078,-0.2820171982324333,-0.22320590317524033,-0.9774336341408756,0
1.1865580270586387,-0.16051863360753635,0.7814305966779892,-0.7870802068803016,1.0108167158400463,1.0265658827076636,-0.9041778910770577,0.009603214741397283,0.006478802444820176,-1.2203913900778993,-0.9144847061338292,0.7461450254855125,-1.1381574236661072,-1.5052616683929076,-1.5315585403260483,-0.2640808235680606,-0.182657802427039,-0.284807866852288,0.3253883776989036,-1.9068314937421857,0.410531121950489,0.06873215322730172,-0.8780514026504815,-0.3681615501801042,-0.4111491344947025,0.3341040443319315,0.12986345688151532,0.8043939891172219,1.0106875408398088,-1.6356966386487815,1
-1.2790558242023025,0.93963651522029,-0.3163043873383306,0.6698065522056675,-0.05544502401829415,0.18291414982209828,0.13892452692060236,0.500381909835521,-0.1784750896926467,0.42595953782139706,0.5824632458917104,-0.5980334492938958,1.1797442055263176,0.29333680724372124,0.7611973346106105,0.10983834325450903,0.04733971152798608,0.5276855806502493,-0.2613360897945518,-0.7475171092705177,-0.29022964944414814,-0.08684642869657669,0.19127387772052523,-0.10687266462782077,0.8442080694849877,1.1329464785702599,-0.5220629838819514,-0.1825744464566703,-0.05668293385438551,-1.184484273352308,0
0.3666493515793311,0.7431098949521895,-0.07296831703192584,-0.5898669169365671,0.17126312888508546,0.0448728487124055,-0.8304479832721033,-0.021152539561632832,-0.12295990282315354,0.6675643447042047,-0.5739641934874576,1.096731198977757,-0.8058767006076191,1.309244924183572,-0.5580771854728643,-0.7627772114394794,-0.5084909771047745,-0.24444395763685448,0.14641755454363894,-0.0005143101535325044,0.38883297722795473,0.07011634611124597,-0.14489979997726088,-0.21181747512131413,-0.5201608203339352,0.5357986920619421,-1.2097320361398107,0.3748627674449436,0.46206481559704504,1.0768811796186852,1
-1.3163191375966785,-2.0983008190820707,2.4149013290868635,-2.1039891292032635,1.1855843573088876,-2.3467500314067964,-2.425324321405024,-1.917633894642556,3.7070025171579264,-1.2084323971511088,-1.3377105840446066,1.330040462931335,-1.1723027823679775,0.22043200111479225,-1.146229149366381,-0.050548601612530115,-1.3407624016348347,-1.4981158443310685,-1.439191872963745,0.7671711804481114,1.394757928630367,0.5790971668770409,-1.2014252966714267,-0.6949022970612574,0.2115684657226372,2.149681727566817,-0.4609200836691529,1.9432150868580407,0.9098464951685317,0.9067622997526911,1
-0.36143810298632284,-0.5737432686930475,0.03778273486579067,-0.32582554639946126,0.5134532967420801,-1.1460156142667237,1.536208823882106,0.25845730588606414,-0.8803065166707452,-0.08265983320619637,-0.5519528944889021,0.015760515981412905,-0.5252831688076577,-0.8382154765605685,-0.6002221054602883,0.030847333695236994,-0.5647298365596873,-0.43345561785813785,-0.4992753720506588,0.6985859757116542,-0.5500643540640994,-0.31658726612544275,-0.17905929199679424,-3.281200857137065,1.1361523168764855,-1.3911119690084623,-0.4160267740573524,1.7695071569818142,-0.7071173741934497,1.941298293072085,1
0.9482399094898288,-0.023072119432797723,0.06734643357840127,0.11985207103623743,-0.6716122578838212,0.288702537769326,-0.21276226574700227,0.41195631754870743,-0.459685504184745,0.509851433489189,0.2842104625916651,-1.127465617396042,0.3596993334253196,-0.852371778970448,0.5159373490185029,0.7061105003872725,0.5582342780292959,0.7431121002015127,0.9843272244309273,-0.38886621846863434,-0.7577527229545633,0.6251380866418855,0.32253479198403934,0.07936226575783001,-0.15005859974000613,-0.5822965152461331,-0.30012821093080444,-0.28363580199087535,0.0073722551130446685,-1.0450220800063807,0
-0.7405957440553963,-0.2945944707573834,-0.460274897961844,0.37128688172397684,0.08790687255382804,-0.5289569914246564,1.2638236581417723,0.28135861169810256,-1.2938603623891485,0.16458182373987926,0.07818074059063898,-1.103653026474326,1.1324553217938973,-0.5301951877036382,1.2892607511707044,0.06868838154402727,0.4273545852554715,0.6013283498021742,0.05772098996988523,-0.08310994180774735,1.1129820058477504,-1.3990953055687405,-0.1293992820013754,-1.9493959799183678,1.0948996821786894,0.32085330969019665,-0.8151436345338305,0.45392531960598653,0.22620705910158584,1.7939960168942868,0
-1.1224137781300527,1.1110381575986745,-0.6217216941908008,0.6733927483583053,-1.0970694260267215,-0.07342583793684208,0.14927849922022723,0.2329555291061433,-0.15403847745323898,-0.08547386154365527,1.0026052822456384,-0.043844664989001206,0.5321378951746549,-0.024866260705226264,0.7078613290195581,0.07722018617890941,1.7176503135977845,0.3896702962210006,-0.20264965209908165,0.598150947012041,-0.028830234576719585,-0.10362999638601116,-0.2752959474619198,-0.004393666589290714,-0.1306328449498118,0.4308955546664798,-0.8828452514520206,-0.2148765044980918,-0.07379902259934075,-0.12938689933949749,0
-1.013453607770029,-0.2898296715612988,-0.5100383947108389,0.9914468480728286,-0.4551728018201182,0.2165893522452096,-0.01852596990470765,0.602810959453918,-0.1455298926799845,0.3502053980824977,0.5181142047972248,-0.5250513712841709,0.8530601163812819,0.4437690111171415,0.6916779923683567,1.0814139623877872,0.3740399699601025,0.4231728885938243,-0.1408343112700725,-0.5957313059201357,-0.7722761542168466,-0.13438735270363605,0.3469021024017603,0.9518759188021692,0.8484306210397765,-0.5206289341155164,0.6802891637787477,-0.4156216248136352,-0.9415925205028803,0.8434414656649251,0
-0.3495128737906049,-0.6880365152963944,-0.1832633634900418,-0.07566111525662289,-0.3432157009437584,-0.18206981335233724,0.17249030769708848,-0.03222133408282094,-0.11479300949248876,0.4582228652281842,-0.23974650293696048,0.14280306543162602,-0.5025579496299828,0.6564235015152619,-0.7999105808486551,0.4559493744495551,-0.501268332261602,-0.5928951753661815,-0.6890890828809232,-0.28714807072132476,-0.5813877872254826,0.05022287631876849,0.30598250132309207,-0.26060590515612964,-0.8800268350951339,-0.06395642044986494,1.809384903842746,-1.428625668391142,1.4230594736591529,0.9133767050573887,1
0.10265659928382917,-0.2421817804981333,-0.6070250237547766,0.2348859999116345,0.36132426500078757,-0.1264315222197521,1.8266087710898478,3.5386343658550388,-0.5600273987988648,-0.08317898086223689,1.7519009454579302,-0.3104291180917921,0.20428448549115394,-0.09568489586831243,0.24657177690829385,-1.389749825576504,1.3580312826684744,-0.06976541509454161,0.19007881830455117,-1.056674640376109,-1.6182861822931645,-0.5104614776451805,-0.11659230350991719,0.5242292332870423,0.4089487684604675,0.15508493984817248,-0.7009667808912701,-0.6554271130514429,-2.754783805754485,1.763913797209903,1
0.5753860325351374,1.499515921309375,-0.6603014732686566,0.3097477857231779,-0.5416620804183029,0.039071438149938235,0.4601570011972601,0.24190702884311094,-0.1333640448650325,0.8744364605186727,0.6772845964092356,-0.05442718107468712,1.9662672572575108,1.1877243662092787,0.6021328158574971,0.04700607161017711,0.9390397773527113,0.163837463696395,0.6248589016801047,-0.30908088380465787,-0.03526746725704855,0.021922134425975646,0.6881791404289382,0.10062734563127677,1.7781809806993611,-0.599523568521257,1.1998812897553828,-0.26493993971937396,-0.15599471485311928,0.8017743596785291,0
-0.850518574266765,0.984700374365926,-0.4215640697389391,0.8558519438216136,-0.23503390806608188,0.0010377907118083846,0.12400332957294483,0.37306967690845083,-0.17357337207661225,0.8275916880854788,0.5182137427197355,-1.042335630091983,1.1084103965053083,0.3476960622022291,0.5260456264866316,-0.4708169134487242,0.22317337127733883,0.4580890011358572,-0.05841026759502238,-0.052454578456634766,-0.21661048210084102,-0.13151197325837116,-0.0429938255417444,-0.11418129817685811,0.8926375710669502,0.8940248559339383,0.9165922598654248,-0.22592780097033136,-0.0637711816658081,-1.1876488165680534,0
0.17395931429270747,1.6090376136818907,0.06783504752146878,-0.5493983007655586,0.25747129608522656,1.4597346613287694,-0.4958300060764395,0.6430043204199117,-0.18961465663453717,1.3379784183486934,-0.23352005344176643,0.7373119993110846,-0.5650566104209758,-0.8798467212192139,-0.5749315278126055,-0.9219090632849328,2.135826590224307,4.337104227868749,4.429718702746644,-1.3005260967742103,-0.3337573867116959,-0.2999766588168119,-0.9016433691167318,-0.07745106680187946,-0.05598795353642141,0.49394729952841604,-1.2499211348264387,-0.18663061275028445,0.07800925813192132,-1.184484273352308,1
-1.0957187068370513,0.8655091157254441,-0.2989409957342136,1.0207503910150122,0.2992235297483966,0.22251116184160863,0.763331319479798,0.36986760306978395,-0.09231313793638765,0.08135761815642399,0.9182370089954035,-0.045573814586899825,1.6892936605126627,0.39574665343217136,0.6684216688838027,-1.1047166672503388,0.4785643443484431,0.36451497734087435,-0.10041061777577506,-0.7860884850594148,-0.26879725374216334,-0.16201924323578817,-0.34093664850111033,0.01602834587303315,0.010021805031952238,0.5152618007909413,-0.20111217493538308,-0.1914286668490997,-0.06378622380933813,-1.0400928522497284,1
1.0364707729256548,-0.7483032300538516,-0.9218530366488569,-0.4478168142363616,0.8322455887635488,3.0466236243210156,-1.7597091812501857,-0.6339367858108151,0.10260709934977726,-0.9384295151238459,-0.5380348053817613,0.9209541432394466,-0.6762551213980509,1.1714890976647312,-0.9118796748176862,1.169310021287398,-1.0122076244860578,-0.739485278036826,-0.31796941716635674,2.289378441625852,1.8923214369234083,0.32545015339257516,-0.101593952263173,0.29621487086293674,-0.3095397778938969,0.5737480554344951,-0.2386947149217565,0.845433554498238,1.3029894397299233,-0.27756026449891325,1
0.21976730518852639,-1.4417386587310874,1.2006008083472903,-1.4886592260134888,1.5313001653677851,-1.5948768454243476,-2.0741979769850256,-1.5386032762301574,1.4690708194124042,-1.733333556091999,-1.8267758469509756,1.5834729933713332,-1.8636053064625706,0.31300119126395026,-1.1343302446513794,-0.20165769603919562,-2.147881566189392,-2.0741840813926418,-2.1367054448819354,3.0686477589280963,-0.18666643613075423,0.9585537904251488,1.090782325175191,-0.531544725497044,1.7637585700725473,0.8077848540239065,0.26515075661800114,-0.5108236823179213,0.037564342579952385,-1.184484273352308,1
0.7532218717418245,1.725988413739244,-0.7453105115364204,0.06283142831792018,-0.8015808320374329,-0.048211823860729426,-0.30512572619717243,0.3402542683934703,-0.2347421182379127,0.1507459622559716,1.0958830067734049,-1.2381916926850964,0.40514427065941677,-0.004587723945771089,0.8426842642139324,0.534931743784298,-0.17650474664578042,0.37026728224268673,1.2781525412472574,-1.1437981303473468,-0.6226329200692702,-0.13940187328828013,0.05641810523960189,0.04461745825697804,0.12101812615187638,-0.23971492929257082,1.5839619267647758,-0.28905087289024173,-0.19234113362536928,0.7102741920478226,0
1.273921957595841,0.09804579476230575,0.12486253929645218,0.6504332576848257,0.7633853618070939,0.5399038977226481,0.8766091339196129,0.5129462968763738,-0.0011696606175285028,-0.48426429810355576,1.4148393592779953,-2.0255469042889436,0.022207076259936995,-0.9600911862483037,1.217823621215314,0.462705800360762,0.42169590595766454,0.5427707100368937,0.3334903466928743,0.9564427634588749,0.023356780552012783,-0.18119412383092792,-0.6220308624330657,0.11430683207628545,0.4527875499632431,-1.2979957437721925,0.10180613148143292,0.15303378949099952,0.34429843971116086,-0.23825972470812284,0
0.7506006595573994,1.7352590633291198,-0.7919602122499858,0.10872909018267461,-1.068586447843172,-0.04754645304231441,-0.06534111330264952,0.2703348483166581,-0.17941800525260046,0.1972461103147727,1.069433118738993,-0.13226311978544184,0.5580232805285116,-0.7886504651450953,0.7717373806879412,-0.9790005938954954,1.0129548775908115,0.5525320197778252,-0.4194211073434957,0.6285241187788257,-0.15333630396832368,-0.08836558987105052,-0.10114606894819989,0.19307069272184854,-0.02313247293009603,-0.3999569813315726,-0.8137948370640733,-0.25484297788560023,-0.21244401138309077,0.5211719052655265,0
-0.15367885131548867,0.03272209729281319,-0.2355777398511559,1.4886620234569774,-1.3381079496274912,0.19211355188774468,0.1000724254712516,0.5634118172980828,-0.12173681141184155,0.5182359714654536,0.34520770433242925,-0.7167679146806555,0.6371238442223193,-0.005168018754109747,0.6299893847680148,0.7726148716468806,0.6667481261763498,0.30817117812393513,-0.15516691406446975,-1.2262378641065548,-0.11629735806155496,-0.12598329057132018,-0.20580366212878073,-0.014716875259528157,0.20254830334082197,-0.5569994232331549,1.5176845075064023,-0.009676705047012624,0.04297668230372974,-0.3156821024736846,0
-1.231725794878275,-0.16242766545895057,0.33629291797246375,-0.31699426423551863,0.7873578155889251,2.7673528669536935,-1.2745296591283197,1.2407555993347534,-0.2267761138069679,-0.7857166315031562,-0.11612797491601373,0.3135955405031691,-0.29611100850764566,-1.76986622138281,-0.9579029658116986,0.017935523856631864,2.692303652594281,4.768912648524594,2.991842059903846,-3.494332400815336,-0.19337091397582845,-0.12092694389994099,-0.2547798964240042,-0.1989986717261264,-0.20311927602281982,1.4120586674453541,0.856350885766321,-0.34432172739826006,0.3007798474241377,-1.295387584477566,1
-0.44250326854853256,0.5102025580517492,-1.3352471394854684,1.228142855226941,-0.6519978074370433,-0.4450292135288026,0.6796449286963753,0.11700337589222923,-0.09408517901536263,0.5598747596194033,0.7580628080853582,-0.20745731165510092,0.9660830677965581,0.13570834084892847,0.28072730648924055,-1.3156070079911646,1.23455609392979,0.6063602941057143,-0.09810539581843614,0.5670658663772008,0.6778880204909522,0.08911721880060659,0.5971565387342068,-0.4030003749676418,0.8025130274372836,0.34585722939224584,-0.24985857956002833,-0.21017922749676415,0.07914446102780459,1.4629848190617973,0
0.7957285672745404,-0.07687971565445079,-0.015033220924545957,-0.15492801274990528,-0.6845460842651229,-0.014395308188807342,-0.10520809555742049,-0.028805692225828704,-0.07047373501461118,-0.49337679138782925,-0.30804107558990296,0.04038363560402899,-0.4475051522371661,1.231339988017921,-0.8331154815553409,-0.11123822257004651,-0.6700280274129129,-0.3021435461922132,0.43674528728665896,-1.0318269401078974,-0.2064507921314304,-0.10947392523425613,-0.721405210448599,-0.07650353694186242,0.6982019972197556,-0.5012128001374556,0.9914199202615995,0.058681061811099354,0.4211943160984616,0.4882599568828714,1
-1.0675576392844355,-0.39598126272435036,0.02813865875079803,0.5105369379597577,-0.2606902622515786,0.7150052392601264,0.09956949812746732,0.13894230279094716,-0.7993445637080174,0.4471678778931422,0.5575595968217526,-0.5544404462392543,0.12799552882133125,-1.8197420188318865,0.28648927703971594,1.9580862395912444,0.3667417573888428,1.3885546948955065,0.5123362950466135,0.10623256361755636,-1.1412316135677323,0.9641176437570652,-1.0698764809103793,-0.16289360427606167,-0.1711774248880244,-0.5602914390557612,1.0826482853157504,0.5134341609829722,0.22004950276691126,-1.2656292596271719,1
1.4353029057979088,-0.9273771287001503,-0.2327699577579094,-0.7558812299035307,0.041065166927623915,0.08339889043451879,0.19608952779671554,-0.5076979184065983,-0.3013118653055223,-0.8621172585669918,-0.7809527286285827,0.20016649002137332,-0.7202626920032059,-1.0631898666728223,-0.238090174727383,0.2276140996751449,-1.1047720332289566,-0.8463318740509982,-1.4251886967279956,-0.4727708001639345,-0.3065433881166392,-0.23442623581456423,1.478560317335079,-0.2280240521910436,-0.45520484030143066,1.4064466290954873,1.7280691342585248,0.8144716882335997,-1.856229380073819,0.48802426779523045,1
-0.10949162526891756,0.5785825124338713,-0.9586439258621324,0.8545075096662149,-0.4144556692632237,0.006565867583190387,1.4500499655670056,0.1560955466615675,0.013648389268748373,0.04793330704593663,0.8837848187898284,0.1827122362406514,1.518260544171798,0.20537256552436486,0.7021041069994096,0.7144032169843388,-0.48848343073667927,0.7957794267657295,0.2957971070472543,-2.573737915432381,-0.35574700519725305,-0.07219835066184307,0.3578657787129666,-0.14107603966119225,-1.7016025665316612,0.08116490114980719,-0.2585145154151323,-0.10055167354694293,0.004268916043252843,1.2327150938809501,0
1.3945317155739791,0.04023105897496893,0.8630779128353565,-0.9681582576436437,1.517512593516482,0.3403371342501085,-1.2172360141280478,-0.2585376281687595,0.09025852455931672,-1.3939707160505421,-0.8859617839150605,1.0155732612788426,-1.1239569828895735,-0.1503001238866285,-1.6021362100827907,1.1418678297782048,-0.620947618787993,-0.24535495850894093,0.18510282218915405,0.41369743399835196,0.6975297452623492,0.1574121508901299,-0.4557519250526232,-0.11571635124255703,-1.2692686418374275,-0.5366190022631098,1.0419965923781604,0.7695343141117051,0.6731174695742765,-1.2620133203160437,1
-1.462466495856617,-2.027988540712034,2.157941986923083,-2.2598470822395917,2.278745799453682,-1.8489190560602824,-1.2165283217306304,-2.188833894229104,0.5549210432209002,-1.8713600037383413,-1.8664514259784772,2.0531057876573358,-1.651904057253967,1.023796337602317,-1.5627933700297945,-0.4802965052809802,-1.4084412398517503,-1.2812364616330816,-1.3795343889937315,0.20717517481428935,0.8640756360307263,-1.1806664673166025,0.8320953364403009,1.3279816892139662,-1.7458110452645645,0.20897308533578812,1.3945554064886694,2.69352127471147,-2.6459915025373393,-1.184484273352308,1
1.0448193644388393,1.6658407889702975,-0.4845273238901117,0.13730067928629408,-0.45959662486787356,0.15616489941261108,-0.09262542042221891,0.42560999711407665,-0.18406315290111944,0.6706923684016118,0.7225202454667989,-0.10829540283748142,1.356455216803972,-0.3719120431844433,0.9814322955735159,-0.6275353186366183,0.4780657799405273,0.2886642775974511,0.07566374790189066,0.11959509470148717,-0.3495069550472418,-0.19556559545904761,-0.5978276440188375,0.29299675169245154,0.11174271333094943,-0.5974695022924384,0.38933796343137833,-0.2913145790280163,-0.22224731215314267,-1.2202802254009488,0
0.056928107958549634,-0.3377675332979465,0.5078001999920291,-0.5206113961803726,0.678915441848986,-0.3339805997592139,-0.12535548520694761,-0.5138091284002467,0.2469512074305066,-0.9747147847328295,-0.9020408667997307,1.0090823945229257,-0.9794507560186105,-0.0396836334801296,-1.1195532154767236,0.05077084725275364,-1.1707060472393815,-1.077559954453871,-0.7531856002895037,2.0469589935799175,0.7380777365014721,0.26914958425595475,-0.018098209900766896,-0.36085891837707523,-1.3210987488024604,0.37951833449277805,0.08165711835209238,1.1039206537809123,0.9450142665170435,-1.184484273352308,1
-0.8065022726659379,-0.14706309626560293,-0.13409032225778367,2.0360134778976215,-0.6724591773623422,0.18814582995992002,0.31758420564068013,0.7906862315997234,-0.24821479981487063,0.6313411746452827,0.8539430313051167,-0.39713824054026475,0.7309855344638372,0.5656090385840318,0.3726793284929146,1.2913810446251703,0.2515318792984874,0.3316868230044629,-0.08154388314926378,-0.7689610657557615,0.15952114057394595,-0.10369913705846828,0.4552541151682417,-0.10512667892707514,0.8661300111442883,-0.4251174860289736,0.5466134956426354,-0.32072947089844794,-0.47134774571572147,0.5689031599892567,0
0.9312753651160638,-0.05776346450687922,-0.13834640448601385,0.4579664614967831,-0.5053499414921806,0.8973910149768435,0.18799754884190928,0.6854521697010699,-0.22468510932169333,0.6796999504417308,0.4614267426210741,-1.0031188767116697,0.31113146134258535,-0.2917407584769786,-0.039180555557237824,-0.04179610750292559,0.19049870233664404,1.0685409905858716,0.5912460830412891,0.4982200854174001,-0.012436111238527526,-0.1105859747974491,0.3069984868400438,-0.3964088193101483,1.114437226966262,-0.41769105166033604,1.419003423858601,-0.34915349158516096,0.0452258529038797,-0.18625899938286047,0
1.0475208611393276,0.4538382969045834,-0.08645084263226924,-0.7322568376814881,0.2056043234748725,0.00885605658658687,0.3712264846990751,-0.3674979918548855,0.1272330116413511,-0.10489438446954952,-0.7603922056266156,1.0026897928499363,-0.7490184165483963,-0.8835435242677602,-1.0351982285823913,0.650246181297031,-0.9169252600909965,-0.6672101742439154,-0.7056863036888195,-0.3550336307273781,0.46616192735737627,0.29658037281626404,0.8227182562169703,-0.28891046848958923,-2.942835717253396,0.4246718310171437,0.38190834883709507,0.8105958762937487,0.6725302347896498,0.9886916298120505,1
0.17353124426631922,0.2117121724803062,0.27117572883347413,-0.24476573903600535,-0.15209977462083507,2.3692618372556282,-0.6227796937995879,1.3044243850608244,-0.33050024264949096,1.0813224744673802,-0.3559554554936491,0.2953089542217994,-0.5769293480783699,1.0238368815758474,-0.7719379361118003,-1.0704128339810695,1.92768015841207,3.959148453193516,3.301755235573437,-2.3623673676498362,-0.1118588068022335,-0.3400252748217085,-0.8429641567516052,-0.3925499160079651,-0.03627766726934995,0.8757917360257095,-1.6376823819469017,-0.636036702777483,-0.7773217813762346,-1.184484273352308,1
0.8325323062354828,1.5792097937015945,-0.32901363011849566,-0.17410666738303496,0.31951951620867225,2.1044202163544234,2.2925076745692774,0.3158195352531262,0.07085426495216157,-0.20392160791152558,1.4644896411498975,-0.7744545393858447,0.41327621810813925,-0.04814386979451319,1.0168395607995162,0.04505919438710942,1.0545406601316074,0.1532464857928302,0.08028797339270694,-1.9750678730102393,-0.303273161647773,0.0009666598103268891,0.45356287656597294,0.05506621584150991,1.416480956873108,0.1684557416499711,0.34461577429824675,-0.24213875054613404,-0.19721420506986498,-0.12325936688911984,0
1.339419455347562,0.10601569218702334,0.7286499786118426,-0.7409902882915705,1.2735590324069608,1.0987515324510846,-0.5080811465557536,0.14473018163747273,0.030504520207417632,-1.2496850580203058,-0.4798167906809554,0.9954138348326895,-0.6911952538059827,-0.3374506203566516,-1.295534520429523,0.5864719032248253,0.2690822332746882,1.0441636254228879,2.4059537908008792,0.3529123953048945,0.4397569737541593,0.008671542294067134,-0.4921822941442623,-0.28976625485678803,-1.8829505605747217,-0.13316490043441306,1.1520148980350613,0.24451544043019743,0.35975573072383293,-1.2620133203160437,1
-0.4150783164641181,0.0017414239846436452,-0.1356488993882385,1.638271668799765,0.11474397090360251,0.27907983922491175,0.5967169484762348,0.7999707644602456,-0.12992521464723336,-0.2342859520012762,0.65456742864099,-0.8196514585230672,0.5128258540201203,0.3433917858446082,0.7162897669789031,0.5455201195237934,0.6742211923991928,0.3151159616541037,-0.046719562877010505,-1.3551964902386353,0.021740859603398412,-0.06260343752959385,-0.08305741051740337,0.12976089719437725,0.06980427581340898,-0.18189364031361294,-0.21963629272831595,-0.21374968587458934,-0.011818525328077138,0.9559216581091428,0
-0.8032999739518328,-0.22915023800532816,0.11204084854900327,0.03716444952031072,-0.11567799988761278,0.09347353478659619,-0.3697231657640343,-0.02933398230688569,0.016684831060952643,-0.37953093074510363,-0.4552064545602978,0.5809357418859945,-0.5718734707856085,-1.377347958877386,-0.5632577334613693,-0.2961931728117738,-0.37320584232773857,-0.6379567730834247,-0.13878012745092613,-0.4119303875158538,0.14204765953682572,0.12257654652504978,-0.0876519374936401,-0.30156022993967296,-0.4215349126300765,0.4975116921831059,-1.02755793834917,0.4437943305421697,0.5087615395332963,-1.184484273352308,1
1.4341066428083582,-0.026522340440042633,0.09072667663174758,0.04016538295216078,-1.0394276542260534,1.1942995981074374,-0.2747870714232017,1.0944920421712718,-0.21181738028178343,-0.08086385638937495,0.30822501242424,-0.9342764870332928,0.7762770770898724,1.3433594923479006,0.2858541598378936,-0.24446182159424537,0.43629045217643775,0.6067384836310105,0.29012659788498885,-0.4073933738404188,-0.007538126106689289,-0.0477133314599333,0.45145064648917216,-0.32254431940252826,0.9422047479838781,0.1666161536394148,1.1668451225084138,-0.3112513478125799,-0.1810063333329408,-0.2157584116632908,0
0.17868535024099425,1.670840880214132,-0.4353739942719034,0.10741711739391409,-0.30675509983795074,0.24000773806387513,-0.18466563877712155,0.4463156188678757,-0.24751100746536425,1.715505201750106,0.5304464610149406,-0.42698705284682803,-0.20297057727562715,1.9216914663270033,1.9981723670717668,-0.1337434488577983,0.4129702786199544,0.5138065832115863,0.2851474452155962,-0.7407511073884616,-0.30177393009831616,-0.050499459435596986,0.5600554501314555,-0.015910967296742635,-0.1516132440687139,0.03975931235712421,0.9664467653892012,-0.3046462746730066,-0.21651736222712592,0.3434678218842986,0
1.2575948083254782,-0.9252911421206268,0.8490576607567499,-1.1125947564164145,1.5278803608456846,-0.26896089063820244,-0.8807674131939648,-0.4959553319981031,0.09551226810424197,-0.2985314860944583,-0.09216285497937696,0.9338472095287595,-1.197943576777853,-0.9528938983698862,-1.605400589253651,1.2521736052449302,-0.8624874341905293,-0.6188217928736466,-0.3313543607538016,0.6041679513123112,-0.2801319644976155,0.13375326873425514,0.5387246548700002,0.4806842073588124,-1.0897254623915322,-0.4084970746184239,0.8067859192514323,-2.1890397058477067,0.7477296220232769,-1.184484273352308,1
-1.5140981027119926,-1.8112065892348557,1.5887083249088025,-2.1012272904395095,2.2992992137308947,-1.5470602774230415,-0.9513805110980719,-1.9672397029715298,-0.12685988457496292,-1.909510216427248,-1.9326095915450323,2.192777476581457,-1.7310688827546936,0.6852530325100811,-1.6974118967851948,-0.3486688134648782,-1.4907809573140005,-1.3733650102332673,-1.4069031740875029,0.3624080733347722,0.8534498489232076,-1.2022349101687784,1.033637078627943,0.9925615108633834,-1.7122595592868026,-0.45464719609405846,1.309951793755942,2.8355095600319156,-2.598915382008582,-1.184484273352308,1
0.5614542370436948,1.4519556638319302,-0.7377255600464522,0.2509499245921311,-0.48726351392159417,0.009011774402641186,0.3750030626524156,0.2638915423349237,-0.14859467571469806,1.1992462751842645,0.6026655508054449,-1.1487414990147375,0.7460179956037323,0.34352415574930656,0.609781811935761,1.0153576836210905,0.8128685415370321,0.24150653356943744,0.3288478559715152,-0.5800549751370639,-0.01213213314866162,0.006428999016398854,0.4542003884206247,0.0698862647260291,1.353540765116975,-0.6224992778001267,1.258821052542091,-0.27441132168496646,-0.1276715595817396,1.0181252410391042,0
0.9034139289462076,1.8901927863994024,-0.7984859439712386,0.03518885855501036,-1.1799282283498247,0.0404228798458323,0.13439780831195786,0.22177030254825655,-0.185593746514289,0.4795878485368862,1.003741344150739,-2.001495077109523,0.022080928226108583,-0.662760435487906,0.6091664677681788,0.0637948831605397,1.431025727770999,0.4195732339660987,-0.2522120309673656,0.5877243271014732,-0.1608059167772291,-0.044670509157150644,0.25180253543026854,-0.01230729193108957,-1.6671465018175935,-0.01698453163617418,-0.18224713586000946,-0.24118860450903182,-0.21612218605285294,0.26375171903898903,0
1.2845519055126298,1.8446317265109047,-0.6732952554822585,0.056319303744891844,-1.101316535460765,0.037234118667885924,-0.32746485679164816,0.3416524927512157,-0.2550268596701292,0.05564424010698888,1.0195251678484338,-0.7865690027000348,0.6551347798592722,1.4235023335388524,0.5481782684279315,0.17963115194771337,0.9911463454594545,0.4812454405338886,-0.46081357708548143,0.06859271602645688,-0.04430110357621411,0.09343352603299435,1.3530503616971392,-0.062192449539515526,0.14658232554531328,0.2755497669315583,0.166241786306576,-0.24354160902593425,-0.20516128964139074,0.26375171903898903,0
0.9442609777639739,0.9380439392078282,0.4757756918087994,-0.8020840216827787,1.0602429954552657,1.2177808789744573,-0.5902970765745277,0.14916999035158401,-0.07554054249026008,-0.9268924484467638,-0.4664465538856554,1.0730532581101997,-0.6066369938288207,-0.36684354270006725,-1.3073497413377835,-0.5530487000701817,0.7395381068112715,0.49342647290643327,1.5365052447180223,-1.980366962270823,0.2158216944957366,-0.04035497181135965,-0.7620820587259086,-0.10100702065778669,-0.07002921975791775,0.5156249731144036,0.16536515122334983,0.3402689832484529,0.5760796669261619,-1.6356966386487815,1
-0.5875463216174905,-0.2109177814018774,-0.4215978199877067,2.390406683619206,-0.12226927860692682,0.5281551057713878,1.6841076669112,0.28546116586087195,0.030149291312268473,1.0593123025352449,0.5826696341339022,-0.05865912365831063,1.162711976732995,-1.754311097774972,0.42062017365683946,-1.0722424924268874,-0.4479802487990557,1.1907509908825857,-0.6148415921107906,-0.06813886523844048,-0.4469506652027304,-0.19757843041991674,-0.143263477486038,-0.12172785104199861,-1.70873133781561,-0.8212239677158342,-0.9025218845373011,-0.49937694941197686,-0.22164439741065403,-0.07168689767824558,0
-0.0963450603960179,0.5867420042169407,-0.933618795801871,0.7560096472814765,-0.5268863289315593,-0.12349190177694024,0.6857118971372251,0.28234586545168644,-0.10941229738118072,0.9152771942991029,0.5168773774184662,-0.38638456421370027,1.1353341524146114,0.2547585404433369,0.5876492350330937,0.04197451614218432,1.0721791132526928,0.20209802581460187,0.8577692900057765,0.1680652311795696,0.4419183788459047,0.0053363168311942755,0.08096272590693948,-0.3900579402720452,-0.747150942532776,0.21576932535484922,2.179511697244933,-0.30970232490053234,0.007747468096847737,1.366902786076782,0
-0.5699239485444766,0.04659305821275993,-0.6051397101499663,1.7907157844203336,-1.971188492335218,-0.20249597918864945,0.5010198490632833,0.16433576366172908,-0.09310032549158559,-0.5428535701101641,1.3428711392208794,-0.09147282826974779,0.07493366096448882,-0.9058564049144533,0.5766692465796608,0.28599673827975935,0.2494391487615898,0.6212095642478367,0.8213990030459909,-0.4882593790296959,-0.5352433551229409,-0.04307625836824212,0.4987635491348277,-0.15856745079647774,-0.07070694263144937,-0.48282561985159744,-0.25683537107200427,-0.37147320867346195,0.014816872699476392,-0.11463567898940663,0
-1.2089809950113224,0.029447869343335063,-0.22328665493469926,1.6043519114720393,-0.07763720981557586,0.3976588369303341,0.4120502742063446,0.5952590167393299,-0.1437704734352768,0.5335152527632142,0.6897237012082948,-1.1177014477011074,0.21221816271971053,-1.742226388523996,0.7353273832934276,0.4016932976506286,-0.11743761829839652,0.6775099118737172,0.0002815819691546453,0.379456487338229,0.020017875776250398,-0.13428576800155442,0.0666630777208689,-0.1704834437966598,0.06084871912672819,-0.33333403636945214,-0.5065110936512627,0.05856765897243197,-0.12209324479568961,-1.184484273352308,0
0.7539124279240439,1.9400421168070208,-0.9398908033658819,0.11438818919797823,-1.5827458663315908,-0.1199918138573036,0.13085639299583374,0.14429453645409496,-0.20758552524930876,-0.2501504205055997,1.4488282306578002,-1.2112283107960182,0.4326528335629367,1.4042257124197637,0.3892305537275553,-0.32392911513655764,0.1179217486103668,0.5828262760258335,0.1607156876034846,-0.28115174587681,-0.42175332402426674,-0.16308698450522152,-0.02891580197718087,0.17779409370545682,1.376259862296445,-0.23687863241508442,-0.39411196587892966,-0.20544333028264275,-0.16459378367560992,0.35152493136109497,0
1.1348335086312835,-0.12401528682530927,-0.03373013391452583,0.9717474421710005,-1.0211105372368392,0.7331680363502349,0.5589443558631368,0.8343587595987343,-0.1929775987814657,0.3107485931212288,0.809651210083801,-0.5616055620597554,0.5990499889427936,-0.18013900084918302,0.671591162238086,-0.2808030274184635,0.37103462462624154,0.22587723678343893,0.4380073357929663,1.0543841910960805,0.2520398651685607,-0.2681566067610183,-0.8429988678234194,-0.4183337735240658,-1.8060320956029061,0.8103731071137454,0.9958220045356327,-0.3233740897506391,-0.24314482738871265,-0.7616248475140217,0
-0.9336365832693378,0.9985344626783337,-0.6229245228991304,0.5659685988175452,-1.81109263190316,-0.10788499408435935,-0.2917952437658146,0.3605961079848377,-0.17024819652314743,2.171525826100572,0.07390771533635752,-0.5187040590726009,1.0235926353293796,-1.2731281437694615,0.9435436704075311,1.7970677780556799,-0.23767788036289958,0.6947018207317477,-0.08578754838704754,0.4940848344376309,-0.33546029190662946,-0.15830321468370828,-0.2452913944520845,-0.002890969377478021,0.773066753968302,0.7937178241996474,-1.9943411560045539,-0.1355558740692604,-0.046728459415102175,-0.35619889961915857,0
-0.13743885389347915,-0.9144016096038196,0.5846056792081853,-0.7705551434632166,0.7391796581177686,-0.8480714695797282,-0.7659038213369422,-0.6969894487003556,0.47996740165494206,-0.8401972076295916,-0.9148944981584223,0.7927102852468515,-1.056479536902985,0.38358998284967166,-1.1020795398291705,1.4605374098326,-1.1755910983909994,-1.2064009170922736,-1.084620833487623,1.0937193416870041,0.2055870773744817,0.35233476096653454,0.04274609752256779,-0.3304757772083165,0.2563268554891686,0.43264598298280477,-0.3636691473678135,-0.022984459605386486,1.2899323598190087,0.9063646696710193,1
-0.2974889074349229,0.9816219455134282,-0.6418207198875399,1.1867676477136189,-0.23169445746494893,-0.24887430900883542,0.2666183406239093,0.2034296754708971,-0.1443917642116947,0.3891456254408003,0.8649786372531103,-1.2783289164189113,0.8027801335936531,-0.11589862998251049,0.4295564658416161,-0.9998664325166565,-0.40002505382717374,0.6491464489328275,0.9581965229228274,-0.8544812215206943,-0.6801323679225758,-0.2885136914702246,-0.5239119097871126,-0.021642732845095002,1.436149936891758,0.7693269227230387,-0.679515114970625,-0.12845859963367703,-0.014554586519863756,0.1452048747117809,1
0.3869179052814411,-0.9679204411912733,1.0942286700633757,-1.2043597665432135,1.6646917502557212,-0.9083705872641284,-0.4450848192314709,-0.9053356995858944,0.8540925690622464,-1.1695499695355536,-1.0124526972337902,1.596573400968854,-1.3672929227582378,2.662622246204844,-1.2691962926194957,-0.30898888741586716,-1.0166376231875343,-0.9883946470534837,-0.6286720717442896,0.9464146921253858,-0.16939322793160616,0.3513362466861836,0.14780054610457155,0.2358684106508353,-0.9422152119463092,-0.23661774130727486,0.8829086763347352,-0.5018332911838633,-1.8244722505495448,0.9857935460510167,1
-0.8775468504149795,-0.1759775195502161,-0.1741133868083973,0.1010494639351539,-0.21634949812126536,-0.47579016232282745,0.40388920955763385,-0.01043969850351205,-0.035287983828593744,-0.033991181518376226,-0.26395726427791677,0.5257153752032748,-0.24626219002480262,0.9289691522859576,-0.4556102276008813,-0.550024212167204,-0.5681755435319816,-0.7682358972596971,-0.5349391054853381,0.6313057480711904,0.05976689851212414,0.16499205549507728,0.7621224324965457,0.1313511535483067,0.14183250264696382,-0.4605469226126636,1.433414234161103,0.2555757427819751,0.07575922178178186,1.2133587593919284,1
-0.3006948459464621,-1.6997576431292618,2.608711749927169,-1.2170480292600407,0.5217630880894818,-0.9801417217608046,2.9760285647712172,-2.2601461749757523,-6.215392021852899,0.22649223316928968,-0.6931587506188649,0.9793324810352069,-0.6839744437041031,-1.7305926559481453,-1.1746637253077366,-0.2754481431296449,-1.2125124373980456,-0.7177583744374532,-0.9809268262188141,-0.16410769230167868,-3.7261601994763565,7.884507360664353,-6.146835016191962,6.064533292642416,-1.107322080241572,0.3328147167259418,-0.2067004382439792,1.4041596881701863,1.9022392461195137,-1.184484273352308,1
-1.8018514752850125,-0.7352275563266115,1.417412377348023,-1.3572394969080266,1.7017301370638274,-0.4123088943757164,-1.4562045384045605,-1.0741710606848067,0.6332667155633338,-1.8862036398483628,-1.923939031184444,2.4707655657115377,-1.9591242400229356,-0.2559946966368945,-2.07134683100641,-1.1750336989922558,-1.7218296230781116,-1.6387664955803798,-1.5207769896800225,-0.6455807287063126,1.2168772439348534,0.5828156309933114,-0.2390591741100003,-0.4817907392495298,-1.934350162034538,1.9451800330406241,1.2393333642146636,2.364281273754376,1.759300844561516,-1.184484273352308,1
0.0511993140843898,-1.1076337125766935,0.6727902270386232,-1.2015543425612563,0.9748383495301912,-1.0424592325795214,-0.8399124077336841,-0.7667627143564334,0.8048266933992488,-1.4236074839409532,-1.2786776738173045,1.4433152404958893,-1.218401709509863,0.31102630332408887,-1.4478770840366562,-0.3907941635734117,-1.075322081183995,-1.3407687802856432,-1.1002789344724404,0.4950064833436797,0.0273970679853781,0.285478839039346,-0.46722104170319145,0.08468502518408258,-0.6161584506915538,0.5465352820990589,2.110218253189749,1.9889767911969607,-0.8376537541511082,1.301603869160579,1
0.967844086895443,1.5218967881788643,-0.4833188617779419,-0.11442481267208672,-0.43526991642110563,0.44349476879770844,0.07831852469194125,0.5098432244508261,-0.20992398438582305,1.0049154543207377,0.2531646344910718,-0.8750084663018072,1.33708155976647,1.3404637416644505,-0.002207804866126983,-0.24627976884948422,0.4794645934054088,0.8334940995371876,0.3224392876318746,-0.05139297833424789,0.04205290330302084,-0.1813162017244398,-0.5187080589846945,0.038559819448514825,0.7605405353158933,-0.0674197608796396,-0.2329716832769707,-0.233249635776466,-0.07248211468268105,0.9427540039381762,1
1.392452055821936,0.5140047925156976,0.5187515170396134,-0.8633550754040584,1.2523339088926988,0.20221840897007126,-1.043338211339517,-0.2469099705607339,-0.02130921558300076,-1.0580056377007132,-0.745513005117177,0.7691133511539361,-1.0361117881195203,-0.3377798348018437,-1.3942427177832462,-0.7934106364761591,-0.679950616278867,-0.6661493000391093,-0.5722707986004184,-1.128539848744058,0.43340889652263626,0.15428944701144195,-0.39308581755671534,-0.19646031686285995,-0.9211033362928599,0.9706356236468512,0.5360009321071042,0.8799701233284527,0.886399275035739,-0.5541751779330456,1
0.8718232156815429,1.651274582671152,-0.25398076713641016,-0.19725208204776953,-0.031898600790050566,0.823180961647399,-0.0339455281766091,0.6951518625909987,-0.2375200133739126,0.4096362594234435,0.44766977783974415,-0.8337598273601623,1.111137541661565,1.0327864297660916,0.17248799624104239,-0.48404206421390694,0.28780200136031875,0.7908279873315448,0.23182926930346687,-0.5561860609160318,-0.20132576000298988,-0.10232083977212346,0.09148892457439411,-0.06927879123888915,1.0321954230271864,0.7785808840979656,-1.1352317878041835,-0.20983974557162233,-0.11799058544421762,0.3259006291602841,0
0.8648050896022218,1.45845145973599,-0.34243802584201205,0.15071431979295147,0.5494371459356554,0.852157401173487,1.3645452538941447,0.35036707731126066,-0.03540743956925272,-0.08828606759717417,1.4352599285236987,-0.3595940309965008,0.8230209306246089,-0.18810677424079417,0.9141821468198129,-0.7055951842362798,0.5721997853200478,0.31426139428298827,-0.15655471272136406,-2.2993531766871995,-0.46925547900255177,0.06050084218039576,1.2007416403514066,-0.044786743398453004,-2.539027663429794,-0.008629679372032482,0.7558265538320952,-0.20374026640168807,-0.23983227803286114,-0.156078221576523,0
-1.5841922301853135,-0.9206571062936406,1.3881144022374192,-1.53210302298947,1.7037235758398357,-1.9320492924161072,0.8178338486580986,-1.2447673555768013,1.317425566913596,-1.4880998042222031,-1.740773759806754,2.062794538926467,-1.783236522634342,1.2393574505576932,-1.4722721799422085,0.21979629371559362,-1.7966756258678451,-1.898437954259925,-1.8462114853852496,1.5284849353276075,-0.7280548519890686,0.7007330417606823,0.6777200667528086,0.6619445926790881,-1.1188849614153613,-2.211540743088142,0.38540806388446547,0.5138998109949244,-0.41412711150487486,1.7345906979448298,1
