Time,V1,V2,V3,V4,V5,V6,V7,V8,V9,V10,V11,V12,V13,V14,V15,V16,V17,V18,V19,V20,V21,V22,V23,V24,V25,V26,V27,V28,Amount,Class
-0.6827813894926271,-1.4244953545848353,1.4766355521536225,-1.4825613474599775,0.7660512831712325,-1.4392332641983763,-1.7737612868758512,-1.1021512779048537,1.783325320954074,-0.649515985147025,-0.8763824395916455,0.503996281279035,-0.9109595422101885,-0.43561866211399936,-0.9204732546424199,0.9332169956799625,-0.8442170480025255,-0.8130729075506032,-0.7975424351948316,0.23623665296512913,0.6978750540603176,0.27698116120282,-0.8204920979924115,-0.20733711035351537,-0.07807691752561059,0.788651681903679,-0.5479020633154877,1.2058420778058188,0.36984306932170835,0.9067622997526911,1
-0.340250185699685,0.11274619620097512,-0.08522313986291893,1.064344292503619,-0.37581406177795745,0.4088364253790117,-0.18220478846198687,0.8471685188358069,-0.1994543334389631,0.052974437041497874,0.4635444892713226,-0.9736689649246083,0.3726186128640122,-0.6418277275655044,0.9970616937193145,0.5128047619890216,0.276532853147673,0.3524798087378001,0.20975637421049617,-0.3001645413399413,-0.23534497828264261,-0.06441320969403254,0.09538611505585742,-0.28176813052375144,0.7433872336295708,0.5427602340808446,-0.7068002514091042,-0.20151239616202274,-0.05319443453308533,-0.32730713374414294,0
1.221667792731292,-0.42395583285902166,0.22310873620672195,-0.4002894852082504,-0.5520417820979163,0.15487337055182018,0.6235730551912103,-0.2500144037190719,-0.7084408306266312,0.14024273112483562,-0.5845080162150745,0.24340248815050214,-0.3080362422969624,-0.8480743574474349,-0.5727070026702269,-0.6912541837743983,-0.5038184775876922,-0.32401506210872416,0.2436703245444672,0.92161356355374,0.41107967654251737,-0.12518861555282618,0.475381878935459,-0.10185479402414829,-0.7806751314227416,0.48023345073502877,-1.1347089499880816,-0.059695375058222824,-0.03207947340965711,0.5926715270760928,1
-0.9240700572594135,-1.0154457956659113,0.8321410083793404,-1.1701528722082355,1.2913029899640518,-1.2055835593783888,-1.9450060393208706,-1.419763236891647,0.8422369566294845,-1.7700125675732528,-1.8969054910791283,1.8476109554248332,-1.7127059705065153,0.5232578104219393,-1.8759866944107446,1.8263444542243352,-1.976542520199765,-2.104260570881919,-2.0013870633952213,2.4670143745178765,1.0370577490355093,0.6751616146448932,-0.2191669796067371,0.012643873676997743,0.752356173422091,-0.19648551800530475,1.1632730684775887,2.217577795182525,0.6702461493089844,-0.49584431709107313,1
-1.307453949918284,-2.2148508455142193,2.582109235425914,-2.1980900121522384,1.204719340591606,-2.4914341824712176,-2.5106140102853773,-2.0081261643086696,4.127571613424149,-1.1835013275139443,-1.3063708823410791,1.2471115546617169,-1.1128684938387665,0.4351483456183113,-1.0555355750678501,-0.07390937787809372,-1.2867946368076353,-1.4552689242450578,-1.4263995356332952,0.6768309434047668,1.4222507599856307,0.5833053744963098,-1.332471658625118,-0.8104628390348219,0.23719567647940729,2.4471258895589085,-0.4573508283691538,1.832934180061473,0.8607205438013641,0.9067622997526911,1
0.15054204383290512,1.3270221929006938,-0.538582898589562,0.09754268266855468,0.4451688867663462,1.485593452675796,2.6246816312731513,0.10012278985514558,0.13037212984294913,1.0519429702632999,1.0998497407192669,-0.40464554950775766,-0.3151202995900828,1.5703418552394064,1.604768244227051,-0.8594071978320299,1.2982249798034369,0.34949844728276214,0.4708163220383894,-2.2496104730640756,-0.130518619695412,-0.03548852025463758,0.33543614117183707,0.06550261241356604,1.288674822645986,-0.3920337549260095,0.14894411373059238,-0.22463544180989184,-0.1359895273836384,0.9624064606869734,0
-0.9302598755995896,-0.6120390354583443,0.5335398353635126,-0.28009586370959605,0.6624467075576433,-0.17193511992308919,0.049829787066692464,-0.4943250148334549,-0.28017147206436716,-0.8261075685783623,-0.7373959086569277,0.8253161701771041,-1.083553149294515,-1.3631880466823674,-1.1103509302415113,-0.4266322194139161,-1.2077464296783902,-1.1157884274878989,-1.4068213132906024,-0.9883680345425231,-0.02924793301329448,0.8298244052097474,-0.3302644046389908,-0.20439639128484893,-0.3158611217507383,-0.02139809801941119,-0.006131656707594177,0.7097278905153548,0.7259155678423838,-1.2656292596271719,1
0.003737561776839383,-0.10679439582018382,-0.5124503675270993,2.134656203596869,-1.557444222213468,-0.03873876416985965,0.19365547871608138,0.47418593337528464,-0.11692053123558566,-0.19808816463730838,0.5404737269401673,-0.0959438154759305,0.5088757578148605,-0.5921328669926778,0.4955437491472742,-1.4436582825334547,1.1885856627529412,0.5401995162705783,-0.30826104564895673,0.3338745273835809,0.10712686002342524,-0.06378882197961425,-0.10053171339651534,-0.09596988883125537,1.0273734393158005,0.568316408660625,-0.9518561720371513,-0.21066142234792648,0.028431146202528953,0.7723079538097006,0
0.6126074387654494,1.6482400046006773,-0.42477324458175497,-0.028300724772256727,-0.44503957585079423,0.37250068121844276,0.08074064694934661,0.4314690193298183,-0.16322948336051446,0.6357957998213313,0.525928679984092,-0.006871070294688938,1.097658528906535,-0.4101796270501122,0.41324598023855674,-0.48473030708937914,0.7577541191037108,0.5497328075906303,0.4141261055746485,0.014648813883874037,-0.2606808343110049,-0.22249414651978636,-0.7941636057395631,0.2934032246700132,1.3430275761170516,-0.5662727882438628,0.32498661020358,-0.28572739741000264,-0.15866275585039274,-0.038384461120748024,0
-1.8340123036898381,1.003968967216816,-0.36172863243677666,0.5858332206091688,-0.4341980972057813,0.4058833887763835,0.7383849216705503,0.33308606899204385,-0.12599475772427404,1.2946132288124088,0.48582188942742754,0.13134369809566068,-0.10090947736258801,1.8575744217360948,2.0505319976523957,-0.11333431406119095,0.7906437766764628,0.40816926592066627,0.4046597778172943,-0.1653942033263743,-0.23279019080312066,-0.27015796295262645,-0.8643121310393307,-0.012079809737623504,-1.9767853825548982,0.30080299555286943,0.32133581388848603,-0.2593788476263197,-0.11065842861815252,-1.1876488165680534,0
-0.17515334694279652,-0.28888897444162387,0.11827073344274153,0.15504913442701435,0.2081307615974782,-0.40002497755366917,-0.06789875213845117,-0.16270841977265602,0.1516377395890005,-0.3707050109623579,-0.39095481527844433,0.6220896694300143,-0.5785584614019151,-1.7572723026514068,-0.42034116817083783,0.8343314509987293,-0.4841115912011431,-0.5806445076941635,0.041464302863561224,0.52147854024456,0.2749931232102539,0.24761308340225127,0.6927256416682273,0.021052642381972145,0.6664362209812095,-0.7549943343587988,-0.5800908159345708,0.512972974363002,0.7217484079359129,0.7898839210943226,1
-1.227283676501968,-0.2518014259492311,0.1877122640346828,0.3051139476503386,0.42058459869406695,-0.11324582041113987,0.4847833850187222,0.7263573640304658,-0.04217903996755829,-0.3028906293788123,1.1715711962350477,-0.7738597287895439,0.5990148377489826,0.12714982733145258,1.3057112424649666,1.0233021885755977,0.1626725497166514,0.7183150046091442,-0.07487284551396342,0.03489149109590886,-0.5390253496576063,0.0076824483777736255,0.6734562328043753,0.1905747844203042,0.8425322950871492,-1.6233224588556419,0.1543616490481514,-0.4598347875795434,0.1417820852870907,1.1356370262179678,0
-1.9577640574133053,0.8229634934480857,0.17192719188896188,-0.6146385215759982,0.6521106134843145,-0.20403848659575796,-0.5952509506219333,-0.29646220597078876,0.07267918449682773,0.7211338044290522,-0.4782958117080324,0.7561549662840147,-1.0465719590270801,0.2142966544376915,-0.6629741081204039,1.8675422952139427,-0.5257871575733887,0.08261411524717285,0.053358305691029416,0.6565791958124387,0.0940977329420863,0.04680070739717365,-0.11694264359255174,0.6546874822230101,-0.6715132571833258,-2.6940071580036764,0.7763110972601595,0.22742061730969837,-0.044716182143420026,-1.184484273352308,1
0.6696566339122152,-0.32764278553829546,-0.17556451775578646,0.6204183591432565,-0.8022114593758914,0.17296112012480636,0.2826005691803443,0.36175635361303743,0.08693373776130214,0.283713809955782,0.015147430237230619,-1.1852611371714985,0.5269993389764202,-0.04575660228706485,0.30861591550558837,0.4515748226776261,1.3148168987787816,0.7496984983008691,0.5187989093071756,-0.49213622700492976,-0.27102326355470535,-0.20099196362495472,-1.0618469164546818,-0.025258888585573368,0.9408239201499132,0.4320593395529895,0.4822137321735541,-0.5984476572255177,-0.6345692904125755,0.6397267221841708,0
-0.5515176804685016,0.21605090404679467,0.28077362892877156,-0.5311775895725861,0.559433473924298,-0.006381740221186013,-0.3080529518692455,-0.2829948027416443,0.03778962724669244,-0.3409763759710614,-0.8604638633825921,0.66931345184767,-0.7606475973699639,0.3636557383317735,-1.2811646669874124,0.2185933148915395,-0.7360483436038957,-0.4617918114902635,-0.5516567655657678,-0.14036114963842497,0.46697026694764754,0.023610485741066597,-0.7361752127281629,-0.27144598642434753,-1.4687744640681073,1.490298679071701,-0.44820413867253694,0.8414391631966186,0.879744014475476,-1.184484273352308,1
-0.10349854745463764,-1.1552546887106354,0.3797632577857657,-0.8787298568062192,0.8084268171249681,-1.0966812741103247,-0.581170741925208,-0.8465152752167973,0.7564569631681518,-0.8908910800107857,-0.9102229390600193,0.4057826272871729,-0.914697849670302,0.6371339792779575,-0.7180554951374339,0.14919160117612976,-1.2604479558717652,-1.2893178957217435,-1.3778265419615043,1.5604744404364284,-0.7211963082427985,0.41660947035178536,-0.08208589329515523,-0.7882891391513793,0.7477493786573537,-1.524655642264177,-1.3530356321208783,-0.9025832682129856,0.7508616659350598,0.9361916728344182,1
-1.3549651201324167,-1.9379410558189918,2.1544640851990575,-1.9763200419067377,1.1704987915602676,-2.1532355616470067,-2.2904597882753372,-1.7855761102633352,3.1485154709925034,-1.2404363649739485,-1.3814414892473046,1.4389377548194129,-1.2473038732435289,-0.05249531972236427,-1.2599031590428873,-0.0026029493437716867,-1.4071037770794677,-1.5544381236022669,-1.4565527585569782,0.8807914565431115,1.3592765674907903,0.571515923773496,-1.043097635005551,-0.6260988633636593,0.19436038169051287,1.720955048531645,-0.48065118283115804,2.081017941262463,0.966906609713451,0.9067622997526911,1
-0.9244974267832489,-0.9372534633786427,0.7283445940647151,-1.0786552842195776,1.6506880626963192,-1.1397127674977163,-1.4977115079619583,-1.4310816533585462,0.7549570995885969,-1.856779638702866,-1.693633053038315,1.7275226110228032,-1.7235644722462728,0.5668803532878698,-1.8014699348405347,1.0220324361668898,-1.978167005514247,-2.209705904683179,-2.048831948734724,1.9248978950372801,0.9983970204738372,0.7874578362137721,0.7842252122285571,-0.5712155434065168,1.0488691442213383,-1.0833158356691075,0.6926961461897816,2.980758706267418,0.9368668810005661,0.8512456918871695,1
-1.784469625213579,-0.8538488464662503,0.35888296626682825,-0.5705711329542104,1.0479923267110725,-0.2823022318905973,-0.4732832308750988,-0.4791408335797748,-0.011636828470028225,-0.2954942292087034,-0.6058682931825841,1.1951034662621678,-1.480280303269418,0.4256233023375608,-1.0630077582930775,0.5151400923126074,-1.2797041605672665,-1.1727966935696357,-1.2564904400576535,0.5642580927823967,-0.2625710037232065,0.13847387104051945,-0.14057104782426444,0.2668694487977389,-0.4554401079492792,0.4546707574373193,0.09486118747666589,-1.448984284656082,1.1741995579792743,-1.6356966386487815,1
-0.9464702826451379,0.9247578783347414,0.39858458355480025,-0.5042286865980081,0.8879983966536475,2.099448992385436,-0.7796630768143007,1.1216146659924535,-0.2386077118827896,-0.6729712214480876,-0.042422352737778404,0.22270774493652873,-0.25733780630391934,-1.4202668540893415,-0.9443204680341111,0.4178745116460644,2.8066045269051876,4.709523226705509,3.022283888419221,-3.057849254547325,-0.16395071873508288,-0.16939991532024934,-0.452113887039992,-0.4993672344798509,-1.039866431153071,2.221197173754165,1.1279183837498827,-0.20286761092611474,0.23692792138458554,-1.184484273352308,1
-0.5469632614190544,-0.21923297423949126,0.297376960146922,-0.29411110219340153,0.24149524394300675,-0.2321435138803662,-0.08945655464480612,-0.29755955801535977,0.1437993717888029,-0.6045502741889553,-0.6608308727618981,0.36090743896557237,-0.696272017156316,0.6829290567288068,-0.8019014656032449,0.5659375956124387,-0.9860222819109349,-0.7541735760721632,-0.972373136728504,1.0782243114773415,0.43826863356737134,0.16942109252963297,0.008853715906967045,-0.23278607137738488,-0.9216077960059822,0.27024413425278315,1.5247582802047555,0.5217787904185268,0.4195486914312044,-1.6290214395317704,1
0.3407391562068437,-2.1255125659123957,2.9847455852538505,-2.15529608703439,2.334829590145445,-2.3678780483638646,0.900877828795654,-3.0912307415370157,-2.3467432919442652,-2.5865333197090026,-2.595353891834563,1.1212160109375013,-1.5956008618602613,-0.93262231673325,-0.967282196200926,-2.4199679774572362,-1.5453899346259454,-1.5140472135620053,-1.6660539171421105,0.8739980159689389,3.463295229117152,-4.430368205221549,3.597545257906098,2.7115667508153063,0.3651503452365417,-1.699951594081683,0.10779830649437833,-2.9538557931517,-1.2936744687376367,-0.8789809880098016,1
-0.9220847878271521,-1.5200314397262744,1.2285883351260147,-1.584850615190617,1.4181589463990456,-1.7683772911014926,-2.0914718761304587,-1.7232063700773579,1.8551472119361676,-1.8921035738559961,-1.976348783681314,1.6128042310757045,-1.5893402478343424,1.2009426439027076,-1.666723382601485,1.6593546603564693,-1.8449299944893451,-2.001207739374992,-1.9698470924412672,2.3435503713177783,-0.19266002317164466,0.7649269302464031,-0.5021931796160888,-0.248645951328873,0.9001022137560837,-0.231713361453498,0.9339296075971996,-0.14812391838315786,-0.9204246571905733,0.5486240045690567,1
0.0511993140843898,-1.1076337125766935,0.6727902270386232,-1.2015543425612563,0.9748383495301912,-1.0424592325795214,-0.8399124077336841,-0.7667627143564334,0.8048266933992488,-1.4236074839409532,-1.2786776738173045,1.4433152404958893,-1.218401709509863,0.31102630332408887,-1.4478770840366562,-0.3907941635734117,-1.075322081183995,-1.3407687802856432,-1.1002789344724404,0.4950064833436797,0.0273970679853781,0.285478839039346,-0.46722104170319145,0.08468502518408258,-0.6161584506915538,0.5465352820990589,2.110218253189749,1.9889767911969607,-0.8376537541511082,1.301603869160579,1
1.4949285644201347,1.7412250215582519,-0.7233276370655616,0.08580920993904093,-1.0257043346110208,-0.005113740421909656,0.28672623891857685,0.11270753925790765,-0.11756454947664352,0.365563596454207,0.719650766143315,0.039146451588638866,0.4325044162357113,-0.2638897628471177,0.013634227895577314,-0.27880329709741675,2.1207563848551247,0.9376453941789445,0.31022640183396577,0.13472367589289858,-0.0687975521980129,0.024590838950288966,0.7519257004344403,0.09858778993150473,1.199277746910832,-0.370181260997316,-0.2671379120341928,-0.1922871553464821,-0.11507074530606368,0.15409718305236442,1
0.6394652283761172,-0.014611913691953322,-0.5637308731642056,1.505749085442544,-2.153463808238335,0.2474078242270652,0.2763210155739803,0.360765420034127,-0.10848158870811277,-0.10473677558349805,0.5516749913781268,-0.31891614439643295,0.5934571881120522,0.34789555183509524,0.4577879908244577,-1.0739528370715032,1.8979863931399281,0.28728517888070987,-0.20292966357359643,0.06679629496601111,0.023400341266755498,-0.05468430318891068,-0.02865942448487531,-0.04273223306901308,-0.7997654738426222,-0.6129154357305958,-1.269356525468448,-0.09895430905461818,0.18967336056861417,0.20175677069957057,0
1.2066782699413718,-0.24489526557556363,-0.4482128754149203,-0.2793122794536102,0.3366212434319564,3.4744355587813844,-1.674102090967124,0.3712571618042745,-0.14846122320711014,-0.043668027796253915,-0.1887659200765618,0.5498651680842912,0.329750347226451,-0.6362533375841638,-0.8417937080749306,-0.2078063612823017,1.5325662536115183,3.954137828113487,4.05576674665667,-0.32391628976977915,0.5729973571980429,-0.11452423658361371,-0.5929847490561314,0.033273691920231586,-1.0451871926411973,0.5089788379777637,-0.7889380511986583,-0.20080644563666822,0.20680367744634726,-1.184484273352308,1
-0.48330739118436783,-0.6250132780823329,-0.5715768591850209,0.0665659517891675,0.6459068130740749,0.5680475889511445,-0.3222815056054813,-0.64980801993043,0.006085364127858285,-0.3307981545339554,-0.3289449415033859,1.138246166771827,-0.7938673791503394,-0.5398681538875526,-0.8103313960219704,1.0021181169187794,-1.3146062162634762,-1.0964912438799919,-1.2989972757220254,1.670235074631252,-0.08628554922353641,0.07008655940686513,0.07503389796354981,-0.8355216399525238,-0.47330148665183464,-0.7556341787451455,-0.5893972568323147,0.8299811978624462,-0.9088243477019826,-0.4433620830806078,1
-0.29146784141341026,-0.12295986838709588,-0.08704480041646598,1.2265676009500799,-0.705526571702788,0.22144864542725548,0.6586197608180416,0.47011376620101386,0.041797007891891794,-0.013978401727466155,0.42116368933174814,0.1495441742438453,1.5067001473352861,0.22970667381964688,1.0574183581619525,0.5670216946109805,0.3810124234837936,0.460378896604427,-0.12167613589670508,-0.5836690366984599,-0.10452462087553041,-0.12000085297503009,-0.2902572677901384,0.09422476700401441,-0.5571162659675599,-0.5628487673925007,0.265471857308556,-0.040444159020035134,0.0010573581805487092,0.32250890326116394,0
0.3223029499969592,-0.12352336825488078,-0.193772451153657,1.7268218528403452,-0.2963228528981941,0.9969511671471755,1.752590894242179,0.5058502256154878,-0.012569660180015972,1.5194795624167485,0.41814801281908687,0.01349589474252341,-0.19821237416776066,0.5696357226043286,1.4959213270929257,-1.1526572151730141,-0.18645697543694625,1.0090607715745636,-0.1675787604791477,0.2985254065633697,-0.055166865931160644,-0.3964799752319001,-1.1095990201759276,-0.08866723626905323,-1.8071410674089308,0.22584659372709862,-1.7341820837270274,-0.12317801488439227,-0.3205861336334888,0.17210018574535405,0
-0.325177341394067,-0.15362561801883404,-0.8407849221999977,2.484174919352755,-1.4447697322890372,-0.0639569142839417,0.4897218468449471,0.03878459028499646,-0.3027729818604603,-0.6076354243415893,1.5051441354381117,0.10941460803544589,0.2099690894709564,-0.3095594616695435,0.49966279082629866,0.9551147026855561,0.05988938794511859,0.7967206729283669,0.6535936923339226,0.3647572351002901,-0.5036127116492274,0.13534692862562278,-0.2659869703246441,-0.1338642781282971,0.36500831099972236,-0.4022437783969881,-0.24101579618695482,-0.07551588210173588,-0.45503191724065123,0.5244407576853763,0
1.261939917366663,1.9780513096998602,-0.6110847434934368,-0.18717766743257236,-1.2278435652258457,0.3496056965514334,-0.28872322505426007,0.4676792836675075,-0.2580964978825554,-0.02844483440895998,1.084406970835106,-1.20985425906394,0.14718037703433473,-0.22533063036681983,0.8907335309780837,-0.021453556719468574,0.8240817189059816,0.5225650565543926,-0.4530931181454302,0.4130430330643974,-0.17067398997465613,0.0333293572783558,0.8004135608620851,-0.08412712003297657,1.0510341097182565,0.7212817198467759,0.16404007368700985,-0.29917790259878985,-0.2409263670224234,-0.9331015262216634,0
0.1745429929885334,-0.9090072410848012,0.600903465627463,-0.47056638000481904,-0.522812545325596,-0.17900385371441088,1.2601310721339098,-0.28666948905659423,-1.7941610360183808,1.3948778986249386,-0.42882548895645384,0.7967982194101223,-0.7512503277196042,0.9290026714619498,-0.49208642470542213,-0.9888237817137647,-0.26652889979667693,-0.1322586397040353,0.6175394873068369,0.12274972854137754,-2.9947165440677614,2.701735055046779,-2.2706359635336084,1.0487698859954377,-0.3030028528338173,0.7776207705095776,-1.078506012497011,0.9364080913272093,1.0570235260636198,1.314804658449147,1
1.2906103458905742,0.17156444499479037,-2.1610098864464424,-0.24806128414880904,-0.5318678590262246,-0.24006699662932368,-0.003782457992900102,1.0071094842787476,-0.2521030341689208,1.5964391639219646,0.20880144452251811,-0.21542842407235016,1.4132786534565487,-1.1867865101443797,1.2854899616831772,-0.418752040021023,-0.010820521950829777,0.4172969030205397,0.6679999429483847,0.371606707397289,1.6789054756220654,0.18877861418363462,-0.23246026420977345,-0.824423868495846,0.2010801945149263,-0.1871562569350058,-2.5968585393386485,-0.38305318298075114,0.16707164007083852,1.8660078525428663,1
0.6262848182271927,-0.2892473940927099,-0.0898653013592956,-0.20236310042889824,-0.18930201977940797,-0.1509312072398201,-0.18740386314956242,-0.22378688552245796,-0.11033583945983799,-0.06507923925350846,-0.3857104144471442,0.760044175136425,-0.5892218956359616,0.8768536857009985,-0.7420472910440912,-0.5302315291099726,-0.9988783524214654,-1.1018871922797624,-0.871420130099002,1.0793284900023081,0.21381098731498313,0.2273143864464816,0.9672264021642647,0.055287517705767224,-0.5834067099481861,-0.2007229606043918,0.21770233740492817,-0.18734953745583552,-0.23692045951346494,0.07750040878681055,1
-0.9512836033862029,0.8673509583405107,-0.06284563231487493,0.043794418262159435,0.14259772029673903,0.6267456506778815,0.019465153590008843,0.48575290869614496,-0.12312846694429075,0.35022747466291265,-0.021183980646820148,0.5334168471239871,0.8228777960178556,-0.4827743165482048,-0.5679373347974114,-0.34331151829303747,1.2084123854960502,2.624436918234806,1.7795388562170888,-1.0039975667725978,-0.16483288990343076,-0.22823094950464007,-0.6268063905191561,-0.14265081453339534,-0.3402399210963866,0.9090982006378093,-0.7177081318575756,-0.11145291263862271,0.14441206994487035,-1.184484273352308,1
-0.3081841737454944,-0.33378006774558017,-0.9468668258701849,0.6705769692345876,-0.5829112301729006,0.20037388953877597,0.5069939604214256,0.6592279432286522,-0.21687891602841594,0.09341971392550204,0.8517636307320393,-1.5369088029692934,0.4783430272187852,0.1418994040784954,0.45594314113233086,-0.675543713021172,-0.25528665923272603,0.41679092754362906,0.6760309582118919,-1.6555152609512462,-1.587856151296405,-0.385730770206068,-0.6204304614215533,-0.4070069963582725,-0.7193927362196443,-0.08190567773637478,-1.0739570906928828,-0.18035755981185406,0.04683705624533674,1.396957627728766,1
-1.238109031013407,1.1691553907110823,-0.6366836151456459,0.45989733400778415,-1.2229722766695386,0.07990337125310695,0.4632497081414867,0.22390722255978476,-0.1443557078995062,-0.04993858661185117,1.0071052557423974,-0.42420106623980386,0.4068058705842011,0.29369386177375606,0.6421018704266527,0.06703019265150578,1.9318320268544513,0.29317006321323974,0.02075112663462564,0.7851008541644671,0.008634437488214757,-0.048093559062542555,0.13567601575278676,-0.22761313672950684,-1.5672163473225662,0.9592987165146001,-0.2845366414971378,-0.21494657343870954,-0.10008281995556274,-0.18576536327890644,0
1.5629238746030891,1.941028150376197,-0.5949920049984893,-0.20177453548657096,-1.0780175027293615,0.2810140748430998,-0.6902098798441655,0.5762328252791429,-0.3001290606175474,-0.08978853090297532,1.0821234060242135,-1.0146388949996321,0.25190606497808804,-0.18334114393688702,0.9239500087276161,-0.5043325229023036,0.42815894918028113,0.6731435370590184,-0.5675914484404345,0.33128249646925034,-0.20079311986555806,0.1016876870000767,1.4524260618667042,-0.23051695993170757,0.15173554989754365,1.1443459488994414,0.6514039165388895,-0.30695434947589084,-0.2687063408724371,-0.18576536327890644,0
-0.9129531673902773,-2.0420770540975464,1.7700505574739265,-1.8506357441952441,1.8238912551256246,-2.3279351640147805,-0.7131952599911444,-2.187963832396844,1.3753833946298237,-2.6653222138701365,-2.093790449159896,0.9756323962293709,-1.3906362193585509,1.565277721468841,-0.9054965610960084,0.10006748629254184,-1.756038739152381,-2.0419587640810413,-2.1453937290006646,2.0927866786877405,-0.6298310256167619,0.14826472460877055,0.5297173553020539,-0.4629445615341257,1.5264836315645725,-0.4289249961731082,-0.07142142674607575,-2.368970436364107,-1.9559456632462933,0.6278986034633239,1
-0.26408870112073607,0.8853239904810609,-0.8797667332293377,1.0029828220411217,-0.9227827819480501,-0.28044767349096333,0.3177167531370317,0.12880936585831204,-0.11482304432624335,0.3129797527661631,0.8626716763852007,-0.7418172496533748,0.06842500865141235,-0.9614879946168225,0.6053956552520734,1.6823395651815625,1.5054878218760288,0.5910467479358534,-0.3594290948171186,-0.26823266128362355,0.09031890645915122,0.026726094364874987,0.3904690415894971,-0.07474620314433567,0.11674708055757393,0.09842931320615468,-0.41921847688576336,-0.18934403213442583,-0.0004015391893427761,1.0079327914809382,0
-1.5568857585084166,-1.6341210004939548,0.8119316409903382,-1.7619781949928095,1.982370132127403,-1.8301357831344878,0.5389676329574631,-1.942990467156573,-0.4002268549136642,-1.609554185470882,-1.8914340807040033,1.954370235381164,-1.666083533467314,1.1558285719846357,-1.2582219272683453,0.32099612189859367,-1.6597168511024063,-1.8310693789742225,-1.825569365651442,1.3193860503237593,-0.18985347678603604,-1.0657224674972499,1.7416883607858358,1.353745022158132,-0.9712592704241544,-2.204069276957257,0.3472461064091624,1.3199243719509848,-3.3666493062547924,1.180383870728236,1
1.2657708722398295,1.0533543891045345,-0.7577530082876685,-0.1384975274047301,-0.28271778831176125,0.14593108445553246,-0.22646017048285544,0.5772033659414052,-0.22508294994189704,1.1963455125586702,0.10973007853752996,-0.5619117944687196,0.9563282688943369,0.6948512387736387,-0.11160274147081013,0.8223386669353272,0.7418989853853208,1.0772788418102475,1.009185210950242,-0.6059755103074431,0.46219492059225414,-0.038521071030050896,-0.17801257136214546,-0.2214761371994601,-0.4708793099720458,-0.22684543837739757,-1.3513109586139291,-0.2104337884085499,0.059027623163970304,1.441717882671482,1
-0.8727423506350163,0.9241362485342962,-0.41682258734256344,0.8205161036263096,-0.3797439239158142,0.05357176794523843,0.27359298366672835,0.3466791567993663,-0.11242694207233009,0.4244398870106682,0.649510379382927,0.16168328631460854,1.0016819434302269,-0.9503971431048386,1.0940934643594962,0.6927152349440998,0.5576801448027388,0.35547425569607477,0.04502459886232313,-0.426702763944767,-0.3045128736702668,-0.17051571609821667,-0.5798052959676608,0.14752319632463481,0.3438073198289195,-0.011623186452270394,0.23305051045191755,-0.23819814121233945,-0.07512598495305484,-0.9371757956967341,0
-0.37304791254743014,-0.13897108883496573,-0.33934377671257526,1.2543940423561029,-1.7719612485240765,0.09101454080479879,0.41757087770439577,0.3846264254059819,-0.016817039211100008,-0.49142216984483544,0.5335131718173777,-0.13537346501642214,1.2746802208168895,1.0783734223536403,0.815932137684753,-0.2767346018640353,-0.011878440173446306,0.3423199642991755,1.166333613701045,-1.3620947149907003,-0.5568592315559124,-0.20816516443469757,-0.5698741176145731,-0.014815606607002953,-0.5149075178124836,-0.46440667344296044,1.5730382678223953,-0.31769679275216384,-0.09090215376129361,0.4332807406852484,0
0.15743519084526295,-0.47582725083648836,0.6272000673334063,-0.18645390544769333,-0.06265330424179934,0.4041834748886813,1.4039096214169509,-0.30518328942766304,-2.154225587745951,3.4086240356983937,0.7776113692280177,-0.3685130804644223,-0.2178532964790727,1.1973118755130634,-0.0007845364989648478,-0.8936054365275349,0.5773510221318773,2.210282577619958,2.1218241499415877,-0.7181073607696277,-2.2930329683039643,3.2156116297368986,-2.025870160332865,1.6899270695948836,0.21397345662351383,-2.109580816604032,-1.54422046933381,-0.3652797825527364,-0.35493083705986295,-0.3617588163850335,1
0.7582843193581498,-0.1660857956549377,-0.2992002911017753,-0.17710547935331233,-0.005591767558615495,-0.050185683268421835,-0.5527437150389266,-0.16688139489136705,-0.12391094432912363,0.45204219029363524,-0.22139859663665654,0.07310823221107304,-0.6628583284493785,-0.5899711237832312,-0.5591441417160918,0.5960148828908316,-0.941193838257799,-0.8739815425142552,-0.8056624101898822,0.8006900925395452,0.11638469645164579,0.12337355739162412,0.7848453271085302,0.39592901535908864,-0.27615366811064745,-0.3838881073319171,-1.1759999348802053,0.3589530632895361,-0.5436891938562053,-0.1387230871185924,1
0.22007607364890053,-1.5518747777766047,1.4381240811515754,-1.505432944863353,1.7956485643754179,-1.787397215156069,-1.073463927139819,-1.7926598330377415,1.0579943435797936,-1.8776271794971935,-1.8500761923344555,1.3776511509228577,-1.828305091351866,0.18687941932576072,-1.1254301049435125,-2.0810177000345504,-1.8564020106497354,-2.1405695011304466,-2.2401697764511486,0.6947996290755495,-0.28436154471381014,0.3339370997535708,-0.3805159385983087,0.42777298401976216,1.3509262912975986,-0.6547814735587527,-0.8855316787424307,-1.0819563123416824,-0.5384422496980077,0.4631779435837971,1
-0.0001198739848516542,0.8738236525863738,-0.4309293100543978,0.5445713649156372,-0.22028935927501664,0.21642649513639603,0.46964274840464826,0.4112990298261528,-0.11434180618052726,0.4016278697412115,0.6759541763297735,-0.08357229535603236,0.7472698381672198,-1.1114628946348841,1.1807008753030954,0.6107121848503296,0.4952093702439121,0.29790061462270917,0.39547393373257617,-0.4848434689906701,-0.24291679872918323,-0.05296737906853507,0.09124008998085163,-0.16758499793398662,-0.5946816545373342,0.8427758166752103,-0.621011881444555,-0.20347898122629793,-0.06730627036410787,0.5926715270760928,0
1.568430312723112,-1.4669778335498769,-5.630727847992163,-0.09856310404644557,0.8796637673391702,5.619447183507098,-2.3019020251669646,-0.7682471907556055,-0.5653813069429404,1.9254956294661387,1.1891043331061277,-0.08119343888193423,2.2683369031813903,0.5153225985632265,0.2591576152740614,0.6941289038421857,0.20578988703035792,1.3544182269387461,0.7633921812281029,2.2823285530100934,-5.142506880164616,0.03407516260301649,-0.3248751956058898,-5.924922653461581,3.7400362730519987,-2.5744397661763165,0.8068568928235973,5.954394552310446,-7.412153555201977,-0.6663366907062817,0
1.3414800988790003,0.1172201791732051,-0.11922811153434093,0.11636449690947523,-0.7684443530553839,0.5115428713791742,0.1331831198193032,0.5248580979711943,-0.049585417359612596,0.43713441034911416,0.18701201734593062,-0.411189753703727,0.8007293999376955,-0.5285360098892046,0.16680297746998124,-1.360923780825836,0.8234841138734696,0.801578093575176,1.070256899155632,-0.18612986418157873,-0.4037758944312067,-0.03210842127309689,0.3663442280020194,-0.1661943808271285,-1.107402847214539,-0.7399839832679044,1.0588951349642277,-0.41277779886684635,-0.11423034904116679,-0.15934255918569587,0
-1.2988222243990708,-2.359470943509202,2.8019288477130733,-2.3173101291297495,1.2300234089008781,-2.6763565782517804,-2.624271416463788,-2.1259150052794324,4.695523637201383,-1.1499912671198083,-1.2640897900720272,1.1331986527994637,-1.0292884534735132,0.7202754161248324,-0.9268783286470956,-0.1047646021558002,-1.21199739126446,-1.397044797184019,-1.409283440040731,0.5548378631791312,1.4572785576666798,0.5887103753903933,-1.5044815926199335,-0.9632140790830546,0.27176510375082474,2.85093047362913,-0.45249954443695034,1.6889770483375444,0.7948765347962702,0.9067622997526911,1
1.2936378288152204,-1.1816319249509475,-4.016217076379874,-0.6037922990612081,0.6288225781246108,5.185323167544564,-4.0543669832306435,-0.7509907742776895,0.21960865640168037,0.09500584395004079,-0.4932952793633856,0.44847688453267853,-0.449354384182258,-1.809456172925276,-0.7407616867940632,-0.8465353858254447,-0.22218186908752427,-0.0431652007181676,0.6591572928636477,-0.09402178164412398,2.6468848183708675,0.36937783760926035,-0.9049215471129782,-0.282973106014422,-1.1016818807822,0.11099036424564186,0.8511286831919366,0.6150904661573552,-2.3110127196006287,0.4250766412641365,1
-0.6283205241522717,0.4058051849052017,-0.05157701675562212,-0.10623520154203331,0.16981424432940423,-0.1674995308646911,0.13696568224057673,-0.2069842611411565,0.010561252404168624,-0.16190160902100179,-0.2939784435865447,0.5385072750578841,-0.40698126970667725,0.21332510535407537,-0.5422271948280414,0.5438335496593163,-0.3911271676535622,-0.6927527685007359,-0.10621738279310027,0.25064554015899376,0.26510508324931276,0.14661016761207896,0.2872171357045239,-0.3110832998752551,-1.0829483582305175,1.312307163244547,-0.31689812387069,0.47927832346573485,0.49942882986677783,-0.2956491535292271,1
0.8144796129976362,-0.20475274141798347,0.19347655048350745,-0.24568859004563318,-1.0340535788370673,0.7825485562925533,0.032889285993686,0.6980321468200947,-0.02200472683033665,0.12924320917600857,0.5284776780350408,-0.27885613623090566,1.5926756370170203,0.9632700450558555,0.4533486608067249,-1.3142491055469563,0.5088240631893425,0.6193334262509789,0.5377727517401182,-0.1751922743829539,-0.14753022076406336,-0.012670951230098943,0.617140240476899,-0.17352275337404888,0.4147907838745249,-0.48171068383316107,0.936835240037058,-0.8425239942075881,-0.8644539129317218,-0.156078221576523,0
-1.966997209193072,0.2121935518802498,0.7263507949428784,-0.8148206410682576,1.3122154631482936,0.5992108265496676,-1.720141414557485,-0.012566188528878674,-0.10868070880488526,-0.7995278445358461,-0.8976305087678838,1.2871541925542762,-1.3395578140577187,-0.20991722198285662,-1.3534950868895288,-0.6444034685659392,-0.36858753269843986,0.12429855787056508,0.3643164269873599,-2.042864381734359,0.3690235253151502,0.05533321193689495,-0.6002972336653825,-0.5080183606913435,0.23479908754616152,2.5115349494313794,1.0524249915510009,0.6556281320783391,0.971492290469138,-1.184484273352308,1
0.5243362594950218,1.590177434675785,-0.2240523545023782,0.38433044004609745,0.6949121953822021,0.3664416966487092,0.41319591358639346,0.40168281018704066,-0.1849209422551386,0.7871396492758049,1.159510959535211,-0.8321911282998843,-0.3378988702544367,1.588456805205721,1.7828864615447657,-1.3019067304557068,1.1213219504363923,0.39479855549024623,0.2191374978585804,-1.786264144091512,-0.4472763201960603,-0.1681340633980419,-0.2401852454887396,0.17241257081812958,-0.40434419051489084,-0.28344228063218413,-0.25249221302160335,-0.2641899022485919,-0.18483536921631188,-1.184484273352308,1
-1.5658458399750796,-1.7935245952333767,1.283532670001616,-1.8393833027497564,2.1894758407434365,-0.8593600044744966,-1.7339230304583768,-2.0395002068646866,-0.4599872842833157,-2.034838148134093,-1.9841757237686724,2.2806417791317175,-1.7779860919268824,0.23701198580484867,-1.7690810956219376,-0.30653593263001244,-1.5564067384098326,-1.4224612481545045,-1.474988839995716,0.25555972165950924,0.9524263876260967,-1.2596004205552576,0.25809602346338023,-2.7869512489688493,-1.3852400623826204,0.15786316565191597,1.5224103728483056,3.8085224961455446,-1.90546619604706,-1.184484273352308,1
-0.6998469030380375,0.8969787432889222,-0.6788629839698768,1.020063054938265,-0.5545004976411303,-0.17343902200288466,0.3618483079029823,0.20896816212954594,-0.11553402739126006,1.4107341487991567,0.45725895501336955,-1.4890254476813163,0.4192827004117307,-0.9215853807995403,0.5452624992291465,0.4339602901156646,0.6751858581143763,0.37562221634645443,0.24382733477429308,0.12182561213702246,-0.09746787051609486,-0.14716988914246126,-0.40003540410181365,-0.07472880514045945,-0.13979950684426326,0.09377802230841553,2.0073797126752493,-0.26937445610537725,-0.04475224584606085,0.7780680925438808,0
0.03942388843751611,-0.877583187891316,-0.03779951636176157,-0.6718789973942629,0.4876970848229056,-0.6362750381278186,-0.8377257788038059,-0.840805689306956,0.4798889162562164,-0.9466787506694494,-1.310256152263061,1.2286674118626182,-1.1613707802982276,-0.07746293197179129,-1.300280442983741,-1.6425919656254826,-1.3818669304460973,-1.5904162747951132,-1.420434563838227,0.8478489814904424,0.5405431019178278,0.4039545391686128,-0.01381716837202707,0.5735507110152329,-0.31932746430859854,0.6289884850445683,0.5965336581393395,1.6631833074472686,-0.3339062049240182,-0.0831781982909248,1
0.6132766200187975,1.4364689762224763,-0.7315694575145494,0.3569190340504834,-0.4687020310575777,-0.10531919425676904,0.1867196030050904,0.24141427207380908,-0.13940808592972895,1.042888652680293,0.6940690625835566,-0.12544194659964206,1.213675417247067,-0.16603315564531648,0.76381694931218,0.16171549948047756,0.9615680483159194,0.1954042005181304,0.7308105016234029,-0.33752294138693306,-0.10220693696110843,0.025935897769919575,0.6222236111005826,0.06705426226599505,0.22913314024459003,-0.7182100557503226,1.2618375636718517,-0.27451730228764765,-0.1652444018423454,0.9349571007151435,0
1.2310920567721224,0.1307709717504004,-0.31026982351833654,0.6620751646334732,-0.683123033084453,0.421392006795727,0.3851962682007925,0.7796158877342613,-0.17911337885035508,0.49973781651837795,0.33453602934277227,-1.4509838685059742,0.7344735135878653,0.3412127571903284,0.6312824899521553,-0.27325780406408295,-0.057875825510501695,0.5006480707194826,0.238616349260886,0.799758460779999,0.12100055088549214,0.004858029752585085,0.7313429516606726,-0.07273157757826057,1.5252871608945484,-0.39578801178580164,0.5597467432952699,-0.05300204400288744,0.30882085266872256,0.8526077791577151,0
-0.24499614463428063,0.30379169892184477,-0.059809605606281104,0.9117384664844858,0.4046780168512184,0.2438880000438326,1.094855845014526,0.08519373421927148,-0.657678717303245,-0.18007475503110365,0.7553686666440934,-1.467877030528232,0.20230088350268782,-1.0375015841672848,1.318853638172706,1.8800709883205977,0.5916809328926419,0.47652148108841735,0.25159765421926195,0.06129956887614872,0.5207619329369834,-0.6945101355823499,0.11032294465827348,-0.03850688639818918,-1.3799924532815129,0.557831961344296,0.616074363674028,-0.06979529802084856,0.43421518757196176,-1.2656292596271719,1
0.8955598276124264,1.3256058509512703,-0.7215951369889516,-0.2776332492061774,-0.4564088155533596,0.357852209569739,-0.6688358226223685,0.9194688997579205,-0.30326775763896263,0.628615477592237,0.5843246890129546,-1.2548571262169144,0.38768325407362075,-1.2489055410829917,1.4402097253947348,0.013407752958596643,-0.0019319138016833605,0.4352229452549753,0.05830420622636401,-0.08567556685069246,0.090222565857667,0.07802620911888565,0.6985833618207894,-0.41452584695255373,0.09097775037032597,0.9342888107528953,0.9169059762104056,-0.3730724228545837,-0.17842351993701952,1.325254775265128,0
-1.0434509599605077,0.8238852925673,-0.5583285799763663,1.174648033315316,-0.0011087716995664759,0.010949889568129346,1.0267934162537533,0.21571922496801188,-0.027383776841661753,1.2605445917058256,0.5132374391880364,-0.474547086100227,1.6148152247643421,-0.8928285872580926,0.4627894365946117,-1.9350031290646725,0.03463058450704176,0.6006774845841968,-0.08242235226144155,0.26161945866316366,-0.3016904783861564,-0.25951099713584297,-0.7079975846354439,-0.010655865278499743,-0.583144488560326,0.5696410219217077,-1.0996173954629274,-0.13051622604857152,-0.051538503945549825,0.3252242945494021,0
-0.018986329808896,-0.028344923813634005,-0.3724883204102033,2.4916868401480405,-0.19452716301449421,0.28237040999111457,0.7234594881223916,0.5729272941801172,-0.17914721039288056,1.3376649582424536,0.5010333801457717,-2.0966127637672667,0.36773289211824023,-1.4179247752788606,0.22708408160842636,-1.6595363123950857,-0.01771024248620788,0.5060973315939673,0.018918101916386647,0.5312890681932256,-0.14397388987574383,-0.3036104028233744,-0.7217840271935292,-0.22220991896413853,-0.29798676808256996,-0.1883408142812381,-1.3670351274886445,-0.5031642923101296,-0.652628008763921,0.22335373991522653,0
0.07286855918739431,-0.04567869639029308,-0.13308241124281256,0.8494341086359769,0.33362331587470223,-0.5623395404663858,1.4185187259579866,-0.01101195524771076,-1.1896370148609214,0.5821220713618562,-0.04951594362114614,-0.9015025829113118,1.433787437371921,-0.0035724627459782442,0.09902234343354713,-0.47987232080903025,0.2494290552807233,1.5298813177578445,0.8403521955725741,0.5066625888814584,1.303244649221247,-1.2740282305982367,1.398413084607381,0.2989671754113117,1.3227291608845864,0.8584409169765524,0.18590469445590835,0.1699813057825417,0.4855622954822965,1.4016554581270517,1
1.0258811802557164,1.303009487854772,-0.6645851353296199,0.9612294192078096,0.7203146984348593,0.00860414900359348,1.5293672752825775,0.054947068312392794,0.0013986072706432616,1.181252299746069,1.0977313286355377,-2.978424852352514,0.7004183568049882,0.4795557506107235,0.11490250129677519,-1.9864036562710534,1.1868062564854556,0.2358992957904121,0.4534448190496842,-1.1074758524612955,-0.1143584208053179,-0.05365042643491857,0.4001634639062302,-0.005854824949250279,-0.027804563658170012,-0.40978611372507123,0.20834113651340394,-0.14793896781520138,-0.08467850588874194,0.9658968970255595,0
0.8588437515194712,-0.4490630524804692,0.42221056263975865,-0.629494756268139,0.26945257441663834,-0.27057389727020237,0.19412452754417378,-0.11660219359305145,0.3331288535611103,-0.20879473044653962,-0.7733894657252002,0.5829102710552955,-0.3975782007230847,-0.2196668217897859,-1.0286478894828366,-1.867405429559612,-0.3375987134303332,-0.11588643439009652,0.5178907364398116,-0.3631337573218765,-0.13617080869398338,0.1949234632492849,0.8164185802054458,-0.06239259940523246,0.6244870878487264,-0.16741886099196707,-0.8817196108161897,0.44678942866988625,0.26798810233464954,1.1506515319928845,1
-0.08102728458713182,-0.7987858476876798,0.1400108313232425,-0.19085600433110655,-0.8602027061732911,-0.17942036080737925,-0.8485273946080287,-0.11592182738937408,-0.08042359087639896,0.6353456923287099,-0.45309611429499586,0.44245377367251393,-0.5082364763834573,-0.8879127599759313,-0.6696526335631887,1.831137751412576,-0.6710516200459463,-0.45528612806571334,-0.5766504585348304,-0.2150880767645513,-0.8241762066305532,0.12928499562868845,-0.129399713768983,-0.980471426749161,0.514220330741004,-0.11056055293431691,-2.193716209456136,-1.0218879139908885,-0.08175569570319545,0.676833155535087,1
0.2966725003647414,1.6637079248905813,-0.4252120767302374,0.1850713920500496,-0.3765863892784452,0.21690804865677346,-0.04958030692805432,0.4165094921632986,-0.2140705810760069,1.571608633287072,0.5490220596341092,0.29839152542129016,0.11646034558369972,1.9727684259044562,2.020365377171452,-1.3088306096181686,0.43450749291128254,0.5058240301943464,0.16921736389517197,-0.04783142459415439,-0.329235375672323,-0.2560865444132349,-0.6933205949012213,0.29136002421079105,0.04253265253380176,-0.588960804800163,0.3032522967685045,-0.3126038383431157,-0.2299410638467951,-0.6336570100516481,0
1.0138600538142932,1.7662466977364313,-0.40078880834137953,-0.1521068564570302,-0.4689936723573043,0.5018864914481656,-0.08885047876143058,0.47835225047225904,-0.21117602497982516,0.9862118914139322,0.4325584832567691,-1.5817914479963529,0.2736998475963481,-0.4738544294863421,0.37715617712580457,1.1014960814245909,0.8056142478164071,0.4561639425402453,1.049905762002762,-0.23877963182517284,-0.31193105130821797,-0.04324964307285197,0.39767004857009897,-0.16525306268253176,-1.7879121262523956,0.49641089796590565,-0.05226879766451,-0.22340197878365492,-0.16742140576843254,-0.18823844504603507,0
-0.8189026288056416,-0.2714450220699729,-1.1325381885899484,0.7192042679175277,-1.3085254115343095,-0.4869516509461878,0.4294588895298682,1.6454631594615636,-0.23145551013289822,-0.33210274360912445,0.39319250416583285,-1.1246210171376276,0.20846708949469767,-0.1641640226963091,0.7478734090165802,0.20039850244102786,-0.005958907430470049,0.3326592421543857,1.2546019745914436,-1.5145048637884515,0.8457542433150566,-0.11951283618075151,-0.9722571161344423,1.7639580439157903,0.5337461322709277,-0.6928461057450536,1.177740774833624,-0.4031598064924745,0.29801575988598716,1.7026096351833988,0
-0.8785383317446773,-0.8149635995346733,0.07294740206759417,-0.8998985069507263,0.9156326909736542,-1.029542901093703,0.4741362592305542,-0.3595166600098036,0.20701489058638292,-0.9627174795888916,-1.1612297168755632,1.4286530374414868,-1.3198396218015966,-1.4534933232697032,-1.3578052709283859,0.23428057335022393,-1.4556995133366077,-1.4927763326665588,-1.3533311205207623,1.6647454642743005,-0.666002214435137,0.18710317867288045,0.401260261641027,1.1949525071319875,-0.9404719235610619,0.5369228704676249,0.0066406376685162905,3.076946810658255,0.0767109633739892,1.6716976917966304,1
0.36868118281222134,1.4528867127554805,-0.565330045863324,0.27620220790631456,-0.36235587905934313,0.3135775313054422,1.1372984274381952,0.10650042782674285,-0.03563951251049826,2.5268813986196386,0.23043294190025618,-0.05864647033362823,-0.17635611673773433,1.8662404603527465,0.5962644804054468,1.032080861990401,0.5098317982622237,1.3186370666064993,-0.031775292881076465,-1.9444264227668633,-0.2887850441178881,-0.14219316855466968,0.027251653335406835,0.3524715697093837,-0.876314293822,-1.2078590514430787,0.7802903549537294,-0.18564489439219464,-0.11256455432503619,0.47145207332528255,0
-0.43658960212335857,0.8476708226484756,-0.318652853403117,0.641261327076284,0.2370609395451444,0.3488441335454218,0.7304065848372241,0.4133017987488693,-0.06873038850115898,-0.017700715666729476,1.0294839397549003,0.00936080383467356,0.4346540093104484,-1.990888349483031,1.3620830111060007,0.27401137305013745,0.5293533861578139,0.40318961860084507,-0.055148257711827096,-1.4424114113536932,-0.42343045800818946,-0.07603699158764063,-0.06121038384905697,-0.024401846492917992,-0.6413862294752233,0.485290406923922,0.14111520285405033,-0.22739868154991186,-0.09172025549817689,0.03543932566530922,0
-0.34733041311858087,0.3510447078394754,0.0015825540295763697,-0.04204861696581217,0.663637724858125,-0.17940007546881273,0.27535528599493664,-0.1985860241262129,0.041943637624701574,-0.31635908743599567,-0.1940218783254481,0.47738565138607314,-0.47963916820895414,-0.9163619703776997,-0.6161807879258903,-1.2668747218440772,-0.44912316336791763,-0.5787071018928839,-0.38243586141896807,0.028726565042380765,0.15844763243528953,0.05048989086201352,-0.28691651425397635,-0.20861549385075187,-0.3260233825343959,1.1395439889756742,0.29386649586808955,0.44165890206704517,0.504167175697434,-0.3253511234064268,1
1.1167282287549198,-0.23646482385140066,-0.16854695038565684,0.6971419944285697,-1.6464037049282296,0.9349240987999939,0.3314660821685629,0.8583774361545129,-0.13362537773306257,0.4658082986548632,0.025068427732254622,-0.34833864764137784,0.6045843514986373,-0.9258865913397242,0.12531754684948646,-1.4159866495802143,0.9959816109008259,0.5104484971753126,0.9083029938015164,-0.6791469618182422,-0.36776548201609954,-0.19614950875811776,-0.697362598122344,-0.31800341593490533,0.24026838612946924,1.4949700405377933,-0.38062634762512204,-0.49289400156678564,0.11212227003826411,0.42043791983668255,0
1.152862205666952,1.7229484613019777,-0.42875546376950224,0.11127681255404358,-0.4403928107967309,0.23816635487779675,-0.18554968238032224,0.4965651816796777,-0.23454169856606183,0.6927852067924531,0.6246765945325108,-1.00269829366564,1.4463569728317915,1.242154030627343,0.666101769019511,-0.13472207117288093,0.3592706760082573,0.3086931741203467,-0.2247492499669551,-0.047634905967165006,-0.2480510525175892,-0.21660755129949236,-0.6191737727678811,0.2566042947864689,-0.1570170831981337,-0.4322985687451894,0.44416300073652054,-0.2774963148491941,-0.20006936576039186,-0.9371757956967341,0
-0.9440157633044288,-1.048676410322046,-0.014169399211574956,-0.2898886061962625,-0.9243640447522317,-0.4840001869352353,-0.32794241965518484,0.11603139860169072,0.6128094978790406,0.13402752807338467,0.5022420377704312,-0.5517720920365589,1.6944434232308916,-0.4113457850818156,2.6794818342871873,-0.32362163166797886,1.8073043244277431,0.5573954912904563,0.26464569789502745,-0.20448532733923463,-0.4170366982708422,-0.2888235809064273,-1.3736114635502994,-0.03585907981480656,0.07146002730202944,0.20257956157895565,1.0975071288858897,0.1302622262200857,-1.0931189974448257,0.335100071364865,0
0.8612498136839655,1.7155107085005996,-0.48435321328430236,-0.2314456398830772,-0.746150185984052,0.6945202430102063,0.04357896039881568,0.6383025548511916,-0.2145778798730532,0.5091038193116146,0.6920853008564231,-0.3860513191996523,0.7784098712817449,-0.7557846158993621,1.4049979308162028,-0.19609881523621978,0.31878486306716713,0.22742832197566473,0.49893440738385847,0.3007342174560755,-0.2575045607982124,-0.024808907941232756,0.3411759614424578,-0.14510045610528485,0.23352786262827976,0.671606441866999,0.491939019752106,-0.32261607952240023,-0.24717464348716842,0.5362232221106185,0
1.534379584610813,1.0987583080732732,-0.030476342323664894,-0.6486578363990978,-0.047538155887060986,0.4282250624715161,-0.32874578302516416,0.03589931358209831,-0.0862122627214118,-0.13323608227476613,-0.3244329649162802,0.5497716093881299,-0.40622787733330745,-0.6684396941140327,-0.6568116719957285,-0.6230702351525691,-0.39982370301943476,-0.28868650992398975,-0.0976446803299827,0.3758649717275245,0.11549740429464964,0.05778005817335991,-0.04115994399500945,-0.16542603588697077,-0.16196099265862052,0.760219618990258,1.4931726568708785,0.2202365371997341,0.28949204991442723,-1.2656292596271719,1
-0.4963266908981415,0.9060829516470141,-0.483305417049539,0.892878424449658,-0.27526194889839484,0.015594322017871727,0.49584056291721096,0.2986371680161124,-0.09467672876214706,0.7502548256639421,0.5812008243705729,-0.01943925697892785,1.3405002083102604,-0.8375753385812954,0.7541170408778753,-0.7661296206600157,0.17466881471573273,0.5184929645255387,0.0003207589572621573,-0.1670492642458646,-0.3150065118724345,-0.09758451360164272,0.12021178597782355,-0.06308595947612114,0.5046221424806935,0.6091278795031665,0.9226037415426218,-0.2201748697353624,-0.09115493247605533,-1.184484273352308,0
0.2875063594345314,1.570711974388315,-0.6061488515154713,0.6834598220893436,-0.3939115563894231,-0.12569415847456647,0.3617995774737625,0.12048606571223013,-0.12985623290553297,2.379771396907823,0.5145484375680058,0.24234865330560992,0.0550267323631468,1.932930107160093,1.5064096401169973,-0.7045915152067284,1.0130077089193399,0.3911220656987827,0.8571915790714668,-0.4340841594646157,-0.28503574712676566,-0.11602978936536296,0.13900903085669902,0.2701160867267085,0.08562239986330811,-1.009985606153128,0.873106484084217,-0.25599771878376065,-0.18584693760474985,0.04446035100703795,0
1.536264243614472,0.019493599067859694,-0.4859647314170675,0.8601832043557871,-1.7287962224239408,0.08319879995474339,1.1207514796395206,0.6258629079713113,-0.12607025368376107,0.04475271554738308,0.5524395871846788,-0.8969896025742075,0.8862838510421233,1.153130422896796,0.4668737694626572,-0.49675206163252217,-0.02177711899187351,0.12238515375023601,3.1758331808597045,-0.6193630939333208,-0.540750657788717,-0.09415471581494705,0.5250061715853988,-0.25861266741354755,-0.6257741285011863,-0.12060505561095139,-1.0871206822038026,-0.019149681014799694,0.14209060396909617,1.1798724204894742,0
-0.6928796071560515,0.9774206894884847,-0.3240424901888435,0.6619844090175641,-0.3053972640425063,0.09032409982280815,-0.15733466245603914,0.4542310336793027,-0.19902405894619438,0.42503833072717373,0.4867324744869233,-0.5604172290146956,0.9566010320287707,0.7216848387013671,0.47823338338331417,1.0849678944540209,0.7399183840969562,0.42424580857849725,0.074263445411005,-0.38333403178174624,-0.1252156973678533,-0.21120712387247131,-0.7594127495146143,0.06890886209962854,0.6990515771080994,0.27347227000255425,0.21813678350064336,-0.23663972063237204,-0.016449269378780416,0.07548291664048648,0
-0.19475905654939854,1.027738462269144,-0.4093458120066366,0.055504867801935046,-0.6363040571838194,1.5615585771429008,1.9952982246257749,0.30176231840882856,0.040627408865582894,0.3580975673083392,0.6392299900010239,-0.662992669848917,0.629094937118998,0.056199918776088195,0.9555385435207527,1.1567528257647184,0.6764288881565734,0.17242406540994062,0.49174384781426284,-0.20715914861766693,-0.11444302902138574,-0.10377447368975326,-0.22883257112440206,-0.15968019212008125,2.1416130088841348,1.3227832555242185,-0.6586463944725345,-0.19724488647936259,-0.05624694467934554,-0.2377120948114281,0
0.029640858428967277,-0.1274505565012659,0.55782733761311,-0.8404320520760244,0.9244729641256617,-0.45297932202772384,-0.9710728764315393,-0.730692510250125,0.1885432709113729,-1.311090135078151,-1.2111089359949754,1.6246607769131662,-1.2985391189192008,-0.21785929815522945,-1.582373778155864,-0.19105621587624064,-1.2365321562705225,-1.4159693607518349,-1.168943676555248,0.5761036350331863,0.9790940057920443,0.32802171715343004,-0.5273828454276941,-0.3193376923967767,-0.7278824059250515,1.4310817274466088,2.2725732199974953,1.5614487012627605,1.4388379978203,-1.6356966386487815,1
0.7040822155119872,0.2836273318214582,-0.09552017802693562,0.3098787294311554,-0.930066213057981,0.7674580565907059,0.06423606804353216,0.7945084129218285,-0.17625737200857275,0.3717105582601233,0.2955938774303221,-1.0752441066154357,0.706536651621674,0.7075733600953695,0.20270014288849172,-0.3374398005901981,0.6692214757937988,0.5246801529904732,0.1477926219302214,-0.3374042961985861,-0.03419062789620926,-0.24345839712679537,-0.7778922310302827,0.02959518200471627,0.757507370551394,-0.6175259795396832,0.2843971325445336,0.030018808077981296,0.08181715557586118,-0.43685545030926515,0
0.6414643079156578,1.5308350370834554,-0.4877803757767216,0.38916854658263933,0.015164802150215425,0.09701261525566127,0.3280589783090003,0.3709524484964204,-0.16679019670434286,1.139816067494458,0.5789725763144078,-1.271970687705446,1.9410986675122497,1.1010245403514485,0.42234038816497244,-1.1965356270861316,0.1492432146092861,0.4129206219005485,-0.29564283410723935,-0.1060955874253718,-0.2629345678085261,-0.3052683849564969,-0.9954700950273134,0.35049244583200784,-0.12445241527183104,-0.5189521140579412,-2.5559839212878424,-0.14924604658554033,-0.12983511191922462,0.4369968662553371,0
0.839495452281672,1.7217898992459861,-0.7546357288568185,-0.1869688996322837,-0.8408207786135414,0.2544000535581023,-0.10084226426044593,0.5049443977957587,-0.24246328259599623,0.06485780643566383,1.0844338554803084,-1.6886861058426312,0.23712628151493412,-0.7405747263590855,1.031078177037376,-0.3268972124073456,-0.34763161007044624,0.4742486292382417,0.9501928922004106,-0.6400341987135352,-0.5753766763118766,-0.19928025754774004,-0.37791340769626264,-0.052609718982131515,0.985166501500863,0.2757616673592185,1.615624480249381,-0.34090350069095554,-0.20800840140851584,0.9195436097435997,0
-1.9099668237311433,-0.5254124346414668,1.1355391047212269,-0.9830487303084823,1.2491494265390335,0.1995528604569278,-1.5606432883935604,-0.30456802246123504,0.30494292790750044,-1.1536916080005932,-1.0664296050661286,1.6076554683631472,-1.346882741474014,0.013843547137865477,-1.3779141507135435,-1.495046107219011,-0.45942156539901097,-0.20490725014488842,0.47888241814287114,-1.483423908242388,0.283014771817702,0.20122969299318033,-0.45420103860413796,-0.3756216047329433,-0.5248836485886046,1.6135186948907532,0.8677575079008281,0.09271652007311662,0.5305343202755259,-1.184484273352308,1
-0.6817730686793995,-1.5422920941904217,1.5973309212753377,-1.5697252671134827,0.7808045850639403,-1.5665474518013833,-1.8315780895219071,-1.1779225125724841,2.0439535958868,-0.6302959432087328,-0.8520924131875786,0.43002694726739543,-0.8627527258055688,-0.29055145557820716,-0.8519307267392865,0.9142898182309949,-0.7951303538259931,-0.7745929958971408,-0.785563360922707,0.17094146729336335,0.7249665082514641,0.2810330512823533,-0.912296184411184,-0.2839517732193234,-0.06300350298662968,0.969410646868444,-0.5459926682137457,1.1339299772854405,0.34110760351074787,0.9067622997526911,1
-0.3160720355785819,0.7411885272938843,-0.5523982938449533,1.1837421242935766,-0.062196254403799583,-0.13678975107740138,0.24841894432418152,0.3119428302240356,-0.1487305387017056,0.7275441177607656,0.5801982522854869,-0.8198445278664775,0.8174007991941553,0.45985835374868667,0.6257037182719845,1.5151713329365581,0.9214762571172398,0.22542162337622967,0.5229455736436276,-0.8731707965335624,0.06643938383159669,-0.015687797551550628,0.19917721840225835,-0.15126746622300666,0.755028295809278,0.3847652943104109,-0.8011706223462289,-0.17406465529643012,0.044229291690371236,1.065518109512668,0
1.0351266352844413,-0.30659325076655775,-0.0855750117646468,0.2803009908015737,-1.1199390500004645,0.3717047622593598,-0.34228284736368164,0.6522875596350806,-0.056053560049480824,0.5259975394600463,0.4076436512552545,-1.5233447540377583,0.5709328156522312,-0.6211276749045404,1.1261309437528766,-0.2599015217638224,0.23979151765288675,0.41833764937963197,0.004735586557032547,-0.1426052417690497,-0.26073769372867583,-0.14326633839210268,-0.2264247096411412,-0.16616260665697266,-0.3223888442375755,-0.18334680399094855,-0.2668948715071337,-0.25425197056166515,-0.30059468156914354,0.33526562961862916,0
-1.942837396853003,-0.3438192365042804,0.5425646574524385,-0.46706528528203284,0.3294071502414237,-0.39029395064436717,-1.276844536808219,-0.3633186096616082,0.20804277630706164,0.030647179417524407,-0.8997082030059655,0.9689977747310325,-1.1702483708786129,0.3989024159858175,-0.8607095092515477,0.21051939739692116,-0.6180894234845763,-0.43760840998299394,-0.33032925744075486,-0.4347793463819687,0.24920712895573302,0.09109527689468573,-0.5746215643657596,0.008938697121484592,0.9157337981889716,-0.012032784635473625,0.6549364889433752,0.3931363284254045,0.4063077876421519,-1.184484273352308,1
-0.5676014472044827,-0.20830921843531075,0.1593642650167917,0.18644362057581568,0.37821481873053187,-0.37471107063614895,0.44346767367695467,0.05234427239708271,-0.2707730647368114,-0.15887958308843622,-0.3272882839121151,0.3878611468986727,-0.34721873230799255,0.7854224705642799,-0.6894870237117273,-0.01832893971742568,-0.8613887127774185,-0.4481498933127795,-0.7992491875877391,0.5192506514647658,0.1585437867415941,0.3811524624693321,0.19513441468034365,-0.01572002843249565,1.016202372620573,-0.37748258830282466,-0.515953320007258,0.43223528477967593,0.06486730736434404,1.1385182177975344,1
-0.1456451898588012,-0.5633359531784679,0.2662574450136083,-0.504650480212129,0.6937855402950021,-0.7236822463167261,-0.29949895896173584,-0.5402330961323436,0.15669604321262243,-0.620163045725609,-0.7784844879980297,0.6063256260908518,-1.0394155846643858,0.08250825537460918,-0.9817897403417105,-0.2986805860077505,-1.4107399110626038,-1.3679276017741164,-1.4245926754842437,1.6220674992490807,0.1581109427275014,0.32167137676800056,0.38967162634719044,0.3505515835620253,0.5406188490346373,-0.8070198608107139,-0.7907335699681216,0.49935170051066696,1.599752127206042,1.0028423805505415,1
-0.7474158717073569,-0.5494840891225348,-1.0144094658635068,1.143738732461456,0.11843600978108951,0.18770528853862062,0.19220792070272658,0.6936178653387655,-0.22485534279662062,0.8599564858683318,0.7087023511200127,-1.298166738341756,0.23347935719259966,-1.4128282954349054,0.5874929744756258,0.3178163366163487,0.10939874783458135,0.5532405969385576,0.31448761841569806,0.8605470583810033,-1.4976674907063567,-0.2637045145035481,0.3541146960132207,0.7239194474515704,0.8241292190630186,0.30282717416012345,-0.31669870233504543,-0.14997831399881012,0.6408722303164219,1.2220534405264656,1
-0.735405812358178,-0.4214840930706909,0.00013850756140744414,0.26461156226000787,-0.17453039035962717,-0.17268296758803686,0.02141860505472818,-0.09015526937813058,-0.006415962229534541,-0.06610448049484191,-0.15495424258961854,0.45682734383186213,-0.4928046311469694,-0.8802656544316662,-0.35054197393929104,-0.11430002041018085,-0.48216716471652404,-0.8282707467214573,-0.353803229506541,-0.2085379123413045,-0.08058864666577385,0.186557569128667,0.6569477733492999,-0.17390048433554953,-0.10612733169261603,0.34114456094377693,-1.0144711266202973,-0.5993559357940064,-0.38048903420675506,0.1486829582511868,1
-1.8207563506735374,-0.2588970838306023,0.7273713922422916,-1.2071336113778874,1.3102155468218546,-0.9708049208645936,-0.8221067723770767,-1.3225709898953693,0.5821411490038296,-0.958885514476598,-1.691582790020317,2.335910370149514,-1.8461316907018044,0.5851663012846635,-1.736466419434824,0.9288563868395356,-1.9613829545057369,-1.9140246637941551,-1.8504518942175536,2.036076033496955,1.2431491872326996,0.6219574707810043,0.3222893078566919,0.5499602849329079,-1.3103238454849615,-2.363824702902884,1.040959708353601,2.523427396126208,1.3988868175375149,-1.184484273352308,1
-1.6042858710827783,0.021768940703215132,-0.08306871941476035,2.022092620307109,0.058118997680639196,0.2829778498769469,0.4164438511679779,0.4983293862325392,-0.1256535211276345,0.8388236117609016,0.5403959750003711,-0.3121770698058583,-0.39051784087135766,0.9338073799988063,1.7189883008993603,-0.4347910018114604,0.9410271878469503,0.47456742086639375,0.25513349607863445,-2.6889149047587666,-0.46153517472733696,-0.027986394548733213,0.5068080929968871,-0.08240079213253707,0.6200229916949439,-0.6165169694254905,-0.2669818743710542,-0.3148203069600096,-0.006773505962664266,-0.6371912337488489,1
-1.0601656491358131,-0.4014525593587465,0.5337854255370642,-0.48585451521905576,1.0830554342073961,-0.6434659052487045,-0.2819211315144237,-0.7431554153749359,0.285950240909709,-1.3563551536286536,-0.8767345564511718,0.8296618735340836,-1.1741092376409032,1.45727507933812,-1.0969686982121678,0.7897932306073997,-1.4509245136758253,-1.5818473401984474,-1.4904185945053479,1.5493398718055478,0.9625911384310901,0.4831922809430914,0.7543882010454905,-0.16797219032629407,-0.008939389837754356,-0.13831424625618524,0.8212122447132679,1.449806307858023,1.0492233859020854,-0.3201714886863612,1
-0.3465311656895725,-0.07784434419734175,-0.24000766491957368,0.05401245450453076,-3.5784435616041774,1.0715017716496247,2.127294256230759,0.024554427598485615,-0.8165848841073207,1.9310057285710236,0.04477593218313306,-0.6466286323970256,1.500947217428703,-0.28752546602517454,0.934118154089745,0.9416396238916648,0.0950704442761165,0.3613376089894886,0.4173367541438991,0.5645142979413915,-0.9957436133966665,1.2094354391497437,-1.6703848538699397,-0.05915340403107545,2.0512486729145443,2.207365480539934,-2.061155960247504,0.21654393519525947,0.3545390943242359,0.6619771804852831,0
-0.22644424120792894,-0.23814327066206048,-0.1807487476980075,2.2633681288340335,-0.47853368701211546,-0.018685426037227747,0.2059562351570322,0.3954897781965546,-0.0019103639442053094,0.2811928813856505,0.2511151787154634,-1.1877657238900343,0.4268334851128056,-0.43645554024818506,0.8042420035002757,0.9223510033004227,1.1699698621777797,0.23167624679892782,0.7196244761365617,-1.2479828614052304,-0.2092501118772995,0.0009041030222592613,0.21143596265013465,-0.1847800821848811,0.6890030028955872,0.48191118390182613,-0.9340384507220993,-0.27238364155976974,-0.11105304715757547,0.5435601230529635,0
1.442153819724079,1.6505766304674727,-0.44159968956694023,-0.04405983961408768,-0.40000332160355406,0.2103724489904878,-0.31557768985683043,0.41777546137589977,-0.1753082850567992,0.8977185100868855,0.5109616471674309,-0.07192464737733713,0.40096553255696565,-2.1238177111491083,0.6074930977206954,0.3900593342287705,0.7535016197085527,0.5453497912495133,1.3566389103611876,-0.3469883484689321,-0.4350656640515754,0.0010782661593192382,0.6030807991861343,-0.03188061336414089,-0.09899656867543027,0.12774564180932485,-0.2301996405800304,-0.2350156319884297,-0.17178744948661784,-0.32730713374414294,0
0.2289074343183136,-2.486043149235003,3.3265679333346494,-2.5417065814092754,1.7585776678874427,-2.6874168331169415,-0.2656005658822297,-3.3514784538520876,-2.2669254485422763,-2.7084791826806716,-2.939986877518096,0.9827249915346502,-1.410753854090305,-0.5845637791562197,-0.43934048730548436,-2.008678992241075,-1.3028289995268123,-1.390489024153532,-1.55998048969222,-0.7058334188697043,2.5370398072482176,-4.740047314618272,3.7735334928190727,0.8461209282838639,0.48533369238731994,-1.1169602917852677,-2.201284353895629,-4.347591445067027,-2.4710059491062193,-1.184484273352308,1
-0.3569109618597943,-0.07450779324658048,-0.37562712191213055,3.625206631220301,0.4477138683552235,0.01055184634723066,1.7016573658854133,0.1738262865970791,0.027614384858302473,0.7862268644237081,0.9097912812952207,-0.9109372531911516,0.3579805903484415,-1.7169088642432568,0.26255658385982567,-1.1538048407884092,0.15582630604953832,0.6307533249861315,0.8834341829577265,0.9436096384594617,-0.040864809212956675,-0.05301634931740427,0.7537171588339548,-0.42695107480186356,-1.089354684213148,0.014047553001682074,1.144715652463221,-0.3063818098078897,-0.3759958456991842,0.50183417393308,0
-1.7733451631512682,-0.7617318109265373,0.46520161633427876,0.08685976497806612,0.5068354873322757,-0.37209641090576934,0.6390246743429955,0.14363048009024715,-0.8244844557564414,2.8433586503512407,1.1254776586575141,0.6468758778040292,-1.0240471757527578,0.8863364329698619,-0.808550447641369,-0.8690426490723784,-0.6288001760174591,-0.5575063709576279,-0.5247854382131827,-0.7927352959423912,-0.6353997671873794,0.5580365420733657,-0.13937439660550718,0.1474618132698144,0.9537864302064603,-0.8066127453187916,-0.8776351431001067,-2.3827104969812245,-1.26724628914319,1.1595686223203756,1
-1.6965477219397114,0.9161917146941908,-0.4588264291115057,1.0932006931452245,-0.5133854486817355,-0.014162896828699726,0.3834576220404477,0.23904970853097116,-0.13514955042258445,1.4830681867066748,0.4477397944190678,0.5392672566673647,0.0592721257990476,2.0239509232046946,1.8277776146630267,0.0050463473402217445,0.6291237795326716,0.5699815580237296,0.33739186053880343,-0.6913811056423653,-0.18526105366678353,-0.08122423559520754,0.2877662462777987,-0.01323356375132021,0.48308838605743754,0.06283474375282475,2.0273578563335786,-0.2874104682920849,-0.09427055889666168,0.01261165788391021,0
-0.1193178955639264,0.9100890432440449,-0.06968623817629788,0.01088352408288292,0.16650151566834745,0.6027903029064682,-0.12332136670878693,0.4979035047256055,-0.1420558798925577,0.607633671983863,-0.057349323475598235,-0.193889948540519,0.17399486599285785,-1.2628982356917549,-0.5714513516973188,0.482870084306886,1.1211413461350317,2.795888189423864,1.4298853360427826,-1.2018482293185626,-0.22901105217462184,-0.26159721525768775,-0.8142547627446465,-0.14384940196309884,-0.6443587310821112,0.9525685109546248,-0.6428294431881332,-0.11425751664907102,0.15667933658607133,-1.184484273352308,1
-0.5753027854420276,-1.024069755612095,-2.1584403962973284,0.5047751813068871,0.05265708596987348,2.4862030363198193,-0.9971977262743295,-0.07021906088314105,-0.7215107049727145,1.0712835957149558,0.5872199781989955,-0.6576584605966385,0.2230333970496143,-1.7165564746094661,0.30815887186803276,1.5011187560616588,1.3929167100821187,0.637477320865642,0.2521975111175107,-1.334836810215055,-4.4082817410135435,0.3412578845361146,-0.9160353607591557,-0.6412606149554413,0.2562424503011171,-0.38322552874621796,-1.021347758560587,2.1905456917411072,-0.28823183895522364,1.3866706226476906,1
0.6218071547557092,1.7113725775629987,-0.7841957990070377,0.17710492409517428,-0.9024593568993773,0.11490729324807111,0.8245498236878062,0.1618506493111798,-0.11589934514635614,0.20989309569365183,1.0949767786483713,-0.6499657383601649,1.370919305811797,1.487531619726612,0.5274215738612621,-0.3846530159915926,0.11790280690768802,0.15498074806482126,1.8451447884598229,-0.3811804180077117,-0.48581591950955594,-0.3562629993307258,-1.1393712428859113,0.29800399869377553,-0.7080624993765173,-0.8576903703134479,-0.09285893908330298,-0.2160792654122693,-0.16002053462718435,0.6152970990517965,0
-0.6369997248105395,1.0320668615873818,-0.29860503803653476,0.6049768060801648,-0.2288665417652051,0.28092671405179365,0.25799583589756037,0.4608744920341864,-0.19184227429003686,0.40143122057553876,0.5889451732696523,-1.1526256490043512,1.1323426398486833,1.5313022147904378,0.6449656416821764,0.9709979285605143,0.6784417032343628,0.18688879283975607,0.24222932719531265,-0.261447232222081,-0.13466766951507086,-0.14176390594678717,-0.26597321204092816,-0.1433454582044169,-0.7853685484340827,1.0164211474501608,-0.8859961962049284,-0.1790982304875133,-0.04393524235904054,-1.130297265965729,1
-0.1908106067579059,-0.5639603310570649,-0.01694234994607359,0.13831899025796202,0.04593101185499917,-0.04467253371887892,0.003964875126408794,-0.2130187528807364,0.1179112040340529,-0.13689224448262252,-0.47573347931444676,0.46221487658839616,-0.22418448750971728,0.5994150023250944,-0.6769513845347302,-1.6114438659245445,-0.5202834913849425,-0.5833308802000299,-0.33901837474822394,0.11451695913753364,-0.09421363649773455,0.12056418249152127,0.14736199026549637,-0.6836031482696306,-0.1365886791628491,0.25676821308475734,-0.9780975802406452,0.17289209155376276,0.31441156936599146,0.0605210648116735,1
-0.8321300837675518,-0.41199064245460953,-0.3382930465243875,1.6261315030599737,-1.1509655420533667,-0.08128639299651942,0.8215550536669035,0.33310787369622785,0.08219183914517934,0.5825094640041671,0.19448452670490646,-0.3209162155453228,1.6998329814345872,0.2076722231236876,0.5629084013679005,-1.196576405942427,0.5693484499856152,0.4453879070038934,0.05769666758639772,-0.18962728815784285,-0.37660347226565205,-0.12965729186433117,-0.2784041425094694,-0.32018600541786146,-0.382766227983166,0.02017449546456367,1.6741046765403147,-0.7634005694420726,-0.8522236562770358,0.9064530652678676,0
-0.6380425478660087,0.3086241611684211,-0.0018958423587842773,0.1278017133548191,0.7550344099495632,-0.3063460055514711,0.3674410882360277,-0.2751596609017473,0.06489551637780333,-0.15766140184611463,-0.2942940820504109,0.6508516293147867,-0.2632428988009424,0.3718414497740642,-0.8336513087512034,-1.8145389587566552,-0.4718210239481779,-0.47229149604663384,-0.32976013254322,-0.17816459228037573,0.23702265419019664,0.09712165591625492,0.2605769289330027,-0.21724337069390362,0.736055972256308,1.0928004284144226,0.49462794965045676,0.5163283202826063,0.5637034509800939,-1.2656292596271719,1
-0.7437657389955572,0.990466518556287,-0.26407132588481,0.2900467054380636,-0.11748347428655583,0.446776920967447,0.3580796265257212,0.4244889516169976,-0.13628713953820598,0.5289872576452384,0.3964807822277229,-0.9989201326070846,0.2213022205405209,-0.7548292609587386,0.25379371488365976,1.650283725048704,0.8719726602309121,0.7095885548530191,0.6789174104162774,-0.8570530371404628,-0.27503892958344556,-0.1160482749025374,-0.14413424373548123,-0.20752094198438137,-1.5355492094355985,1.0344728864120798,-0.39371503572844496,-0.16539220475977973,-0.005206973996074996,-1.184484273352308,1
-0.06852558099914757,1.0046280610715632,-0.36470247607425876,0.7814372890947487,-0.33586424963336625,0.028257454943028854,-0.12334111397945771,0.4174725845800348,-0.1860775857124311,0.5234408343955319,0.5864939858013076,-0.7507991397010213,0.6795491087908468,-0.08496410424770001,0.8354324359194748,1.1337696718467882,0.6416881550512743,0.31208487213683583,0.005994410536380026,-0.3034162813210509,-0.22997843667762533,-0.20719895026207294,-0.7471068783696913,0.09907652315556956,0.7040720871137014,0.2344376659923375,0.2292800486237345,-0.24600703966304482,-0.04950115587148389,-1.1876488165680534,0
-1.3542888170153702,-1.9814367423032393,2.2116897024360678,-2.010235888956002,1.176921277142799,-2.2047553205117514,-2.31874216263217,-1.8169227263827683,3.2857853205383747,-1.232211018332107,-1.371168204393066,1.4123787300469828,-1.2288286104087114,0.019578565374758317,-1.2319644317814435,-0.010513307460771526,-1.3899862985292506,-1.540523292629086,-1.452321851775907,0.851176398382068,1.3686565908938195,0.5729465303648779,-1.0877587523363035,-0.6649998467893194,0.20283764599137838,1.8169712162374572,-0.4794714897133845,2.0434374020187986,0.9505332980330385,0.9067622997526911,1
-0.68991775933996,-1.3617554197726736,1.4159144684681397,-1.4372813170455796,0.7585884164435988,-1.3734009704704995,-1.7444412088395473,-1.063479268807847,1.6542999944737464,-0.6590560425228881,-0.8884311269848291,0.5401784781335083,-0.9344028675987095,-0.508275603646167,-0.953743652210606,0.9427668720428548,-0.8681303431867207,-0.8320426183736184,-0.8035633485259139,0.26870069802210694,0.6829039384387486,0.27476947694978276,-0.7741244617852733,-0.16971548559981306,-0.08540170539649032,0.6991373362298628,-0.5487749445696729,1.2428934586781442,0.38375232148193944,0.9067622997526911,1
1.4774331910104905,-0.04444791869296211,-0.21880188249001692,0.816079108143196,-1.5028003874354159,1.6368306269589343,2.33047023492948,0.34785461621626146,0.14894155863553565,0.47862057353171594,0.3239818785834403,-0.568146259724741,0.6147089965765806,-0.04213719842432152,0.747533992381654,1.9388425995952103,0.2930674691334363,0.30529010606520074,0.3838455588728048,0.25890194540840666,0.12264127066885264,-0.16395784581968337,-0.43956468617105365,-0.2532815584118784,1.3386799510932441,0.5762255497596315,-1.3710160679291863,0.2040138689866041,0.18973017384820118,-1.184484273352308,0
-1.1088611453485764,0.3558609042507413,-0.6869371335437067,0.4339514388689464,0.42931022436470045,0.05290926023675309,-0.09746551648393277,0.88855524367007,-0.25313249396672677,-0.18778392394123558,0.8427219329186763,-0.5314570075069414,0.9189204832460053,0.6670170044754965,0.9519310222569304,0.09207645638602999,0.5554184833335266,0.33756903210679157,-0.08544075495853459,-1.3435832423058498,0.6734492632989718,0.03302568763260236,-0.20778545143952637,-0.4367677226747795,2.064903171225781,0.7431166499749989,-0.008570937090811307,-0.33597083223569085,0.11007354371044367,1.546640832800939,0
1.4086852929347364,-0.02748269743830293,-0.23499078287131164,0.18064804681062935,-2.5254057894840685,0.7481217727607169,-0.27680483053898425,0.8508811848849586,-0.3939417456262645,0.6582523882818612,0.20685609183257378,-0.1559386290434961,0.8500992310546266,-1.2529253313080622,1.4039614707638846,-0.12351142022524818,0.006565045174481536,0.32628455266837336,0.5624107034609681,0.5566857134790797,-0.5705520266644855,0.3036069507709617,0.42816965530674667,-0.07071502041287604,1.628945948403975,-0.037585883534835045,-0.4566851563104039,-0.14396841710598263,0.19028690189328917,0.010962569278704473,0
0.766189059981788,-1.012028698832816,0.8001943434890435,-1.0890816773686403,1.5409370184209845,-1.0138672647366886,-0.24792243529849206,-1.0120007463935499,0.9626296144789458,-1.612831202295659,-0.6627316189499501,0.9309779620242609,-0.9474954101181944,1.3051160199546143,-0.7550913061166741,-0.8887998695768008,-1.342894216583189,-1.4056475627182552,-1.3898295085749857,1.7997119139672662,-0.6089331439678048,0.5892992411709392,1.2129868073946601,-0.2133487552197814,0.016044536400960988,-0.07944542828631086,1.122372262610428,-1.2082965138613277,-2.270959664261823,0.548829457885869,1
1.318505034021924,-0.08770681652051632,0.04989198727339543,0.14122933013993064,-0.8953099418611798,0.3856011763381366,0.04584642191185433,0.57523100483642,-0.06295179674919066,0.43895235351101064,0.5244725618594055,-1.398501438604335,0.7012485359054261,0.2553120799977485,1.0847070482445509,0.4881606079719531,0.2546169067862688,0.34696729907222046,0.4011418969246475,-0.18349588916644535,-0.28280040153693303,0.08943340101931349,1.238587283394489,-0.054619979577490055,1.3025978673810632,-1.1759546306453454,-0.6428783168887064,-0.5197798140912316,-0.13500260066096614,-0.5246796700576581,0
1.3078712526197538,-0.16438815066540777,0.9969198861977362,-1.0687215315529541,1.4454321213534893,0.22807248418070958,-0.85794232453233,-0.3413358757341628,0.3294520855291686,-1.3735815589192295,-0.7156076158635061,1.270006775736462,-0.8416370812775046,0.8049762226173106,-1.4912147271466654,0.30373270991482126,-0.33422931968325204,-0.03734810985371152,0.8135806371475369,0.42084224317914626,0.6874235770677094,0.12820144171649883,-0.5021341071262475,0.018155663635911524,-1.8711055793888403,0.026154059115984445,1.104739935707873,0.4034617244360096,0.1631077957646127,-1.2620133203160437,1
-0.6321138181045068,0.9362414317628074,-0.3770807874586841,0.7884114267002532,-0.40650019177068825,0.14530875922101893,0.3640231176387504,0.3800116775016823,-0.13187048774632923,0.2864369681172967,0.6279999499820544,0.19794793484827222,1.8327094848286796,0.658569840858676,0.8632136551617056,0.5034063267333628,0.5450653423886552,0.3054967454912436,-0.02736738802800408,-0.3689833454887023,-0.19124099175614506,-0.1680267859576615,-0.49535240409238557,0.10439366495270722,0.03317961251493065,0.1191335554505859,0.24785727900323268,-0.2272548950488543,-0.07212635304563418,-0.9371757956967341,0
-0.9275912594371288,-0.2252772292031649,-0.7904408225972444,1.6464295333396666,-1.4629925390574159,0.11273322170934616,-0.2972954196787243,0.3683219776135908,-0.1627342498180591,-0.014549085056785383,0.672639166276492,-1.042021705404288,-0.0167902308682209,-0.8077686120481397,0.5297192789048013,0.41002298944433535,1.680906012617237,0.42030100211738664,-0.1445146581521316,-0.25665195933740914,-0.278947713806364,0.06096609104017221,1.1140167865548969,0.5208261639974388,0.7320623734714079,0.20424715936681231,-0.355831249778483,-0.10509921034409242,-0.04909758389886495,0.376538859353727,0
0.3459906826721578,-1.1382480887409339,0.9706587307729294,-0.589336131256167,0.8297599149116409,0.6441060844236768,0.3505461139592252,-0.5321644366228055,-1.1721981791652318,0.4918478189001151,0.2904972644822101,1.177122668891589,-1.1200142263711814,0.10861469101859245,-0.9901602230451902,-0.9596409180979719,-0.20963810071784564,-0.3121620914075474,0.35809912080905265,-1.4768123733955958,-1.363955101983044,1.8268115957202486,-1.7344836479457482,-0.28472989797496867,0.21886007315700803,0.840830786393511,0.3313153146675055,0.11568904135175301,3.8494629776406977,-1.2656292596271719,1
-0.4890192397608282,0.953418424530805,-0.3760510624375829,0.5322289469198043,-0.1202402643901701,0.36005081076844453,0.6390164649822266,0.44492081773027675,-0.14509063903328878,0.6111327897607487,0.5469221819451597,-1.3932458594883137,1.0363530234609868,0.6625929511868618,0.5985991817260704,-0.15430809341654836,0.16644611611642943,0.4095217025675321,-0.1392755939664626,-0.25758921781196925,-0.19869494101629728,-0.1542340293901087,-0.22017907476890855,-0.20127851742302597,-1.247372087477794,1.224691215315463,-0.5487710911800217,-0.17154919961496184,-0.062222432897113225,0.2195394286814751,0
1.0900882403994983,-0.19217278254796516,0.13357797560788104,-0.22751535152753682,1.04708460761279,0.10766142451210897,1.1506423585006642,0.68493861618963,-0.17266541806606295,-0.614123268198925,0.4422943182954683,0.3999276143614826,-0.43651775055340025,-0.4456534065817622,-0.6476927628426319,-0.008901845438998857,-0.043524287226926396,0.010416347647920871,0.3713355292139338,1.1493691466734126,-0.4022472208618655,-0.2638912501342558,-0.6842608647760084,0.41618886560632257,-0.15751787975328485,-0.8584248928480691,0.057981252512338294,-0.4493774634666259,-1.5352352913501037,1.4026694071064107,1
0.28182026565442597,-2.02537334895117,2.624399131933501,-1.9609474277372043,2.202508852517781,-2.2663618399216503,0.2677196144419771,-2.727456620616528,-1.124075732424355,-2.4734031600419017,-2.3361652516530547,1.264871696257442,-1.6955715265228983,-0.11481843868927724,-0.9928442420589946,-0.9587926021680667,-1.599859332086939,-1.7121048894295314,-1.676382980396052,1.0405812997441461,2.1780735021872015,-2.2147770657070733,3.0473612108606027,1.475580723618037,0.755728317888078,-0.422522690913892,0.8689963285472826,-2.5028437832709405,-1.1017186828567134,-0.25781207583773563,1
0.2519239049017197,-1.918947663917639,2.3738388478195245,-1.9713167790954544,2.0467703330155094,-2.1024223959652857,-0.2493533124555571,-2.6915335024888316,-1.2897353000349516,-2.29745451226209,-2.3016984138075127,1.265897820299678,-1.672331632229881,-0.37649373637439226,-0.963293541395561,-2.0033090755660075,-1.5639397101585462,-1.8356367715551853,-1.9519005321330898,-0.0671214221554031,1.8892127976760744,-2.5323426322256966,1.0778263345384431,1.3711584216672523,0.6784625836553333,-2.8476965726550034,-1.7922410802188795,-2.330707352496524,-0.9625014811153655,-1.0137218197425872,1
0.8763995088251004,0.26381897544670724,-0.4724484164379458,0.3679927260289921,-1.8754324931082516,0.39712406057147565,-0.12220938128882562,0.6111671019396491,-0.1795182697817922,-0.1090048414725699,0.7146258064073302,-1.4750445929272544,-0.19473973141782222,-2.029043023480446,0.9678349850629193,-0.014218544982553727,1.1406972744853994,0.49986111497209884,-0.3719147758313239,0.19961198550383327,-0.1504511723245938,-0.013213322925794349,0.17158863668172228,0.14280731825214776,1.0687287188032641,-1.4640557705106,-1.102052809815087,-0.02848000198779481,0.39542328372846924,0.4250766412641365,0
0.16521624598903098,-0.3600186379064876,0.046414579853642335,0.027998846173424113,-0.3179685977406956,0.11423836945297146,1.0632145411972203,-0.3685179778988373,-0.7349947636597602,1.3585470335033445,-0.5190897850731944,0.34595914306846426,-0.7648273028233203,0.6911765641491351,-0.2803548524113836,-2.016217084422101,-0.47121420434718275,-0.3991041358996039,0.2062815125859054,0.2717844030844475,0.415660083210289,-0.13459394131328234,0.8717277224896159,-0.2996775353968186,-0.6649956529643256,0.22958644427118435,-0.14123708408864225,0.19357151557224211,0.061786370757131164,0.47340544879821683,1
-0.4709733372530032,0.019265155013300665,-0.24311619907199553,0.3002160032466254,-1.2961809036087564,2.019782618329781,1.9726603337337156,0.6568968437035027,-0.04266558544626578,0.1729165190399508,0.6338934646641886,-0.6794436215076243,0.3949322183979328,-0.059775946999361056,0.7578114360232683,0.7598946189173073,0.49982077319091023,0.17601507269625197,0.35827540594774937,0.1454557646322563,-0.07782787959141588,-0.10618560077590752,-0.13710667510690586,-0.24836376322815806,2.2340896298220367,-0.4119692545608975,0.479307966738477,-0.49183168062995747,-0.2731485729715662,0.5926715270760928,0
-0.520058904266232,0.38068145284788163,0.17572456946140164,-0.2797840443214437,0.6502772116811788,0.04887757051530632,-0.21737725011147277,-0.0911318936864404,-0.012937449059951912,-0.6331145322609345,-0.2898560256782794,0.7513322669874568,-0.5743213974700777,-0.8006164090605984,-0.7584231618388312,-0.12434104213415065,-0.20560530724339363,-0.4688099782404022,-0.06394260188019024,-0.4048516490269397,0.2131163702978206,0.029250191943197116,-0.579470495269814,-0.2029435058005057,-0.5988425378353296,1.1222081008117617,0.14901958840349294,0.4208219719780841,0.5614480068579437,-0.9862892257639535,1
-0.3561749267722602,-0.957523196135666,0.7331596173953369,-0.2519821763851282,-0.8510984293981317,-0.425915674693638,0.17561916434979835,-0.09396065752632687,0.6332101086192247,0.8368762281973962,1.2850886099395413,-1.9985869656720945,1.0674135365804376,0.042181143267821165,1.9030532684029626,1.1345099073244098,1.0268815952706307,0.6858035653898062,0.0758765259587856,-0.4362338326411299,-0.047443730124063416,-0.14070149573940788,-0.7494459023545844,0.4428805412770015,-1.408962734782418,-0.20574885691168265,0.15706720487400228,-0.6586415210843616,0.55545297575564,-0.6289807400555644,0
1.3905343985182035,1.6774156727691105,-0.6369107713432286,-0.2522992880283816,-0.9169360100706893,1.6236431441627945,2.079761691650307,0.24566371664970518,0.05096330760168318,0.9130045121180089,0.6297614616613928,-0.776629994971408,0.8783337839223705,-0.22375059752729587,0.7926374201139293,-0.2899205510287387,0.1262120612486758,0.3956559892273352,-0.08860173693802396,-0.2051740373006183,-0.25049326108507874,-0.04078793298506216,0.4636606783075046,-0.0016862872107966944,1.647105306304345,0.29151277398950265,1.5050398375109157,-0.26486266913757534,-0.23550488354028432,-0.0831781982909248,0
0.7052415351932252,-0.5487621610505944,-4.187772787009671,-0.6852094726770537,0.47536371653749177,-0.2614927689701055,0.38277445004796684,2.510912864667756,-0.3731796667823357,0.11626332503914297,0.3895586089221308,-0.41107846608499954,0.6526208684990756,-1.082434282069493,2.1328705957429657,-0.5232962199434316,0.30816239540903767,0.3112022052459979,0.8788975715370249,-0.8426353619919715,4.280231783465717,0.6140885243278952,-0.33464498306632545,-2.0187844584535166,-0.5902978275600034,-0.2040017063337051,-0.9666270582886353,-0.7154574816448999,0.609281782518568,2.15535486214104,0
1.328191095955074,1.8595984325293027,-0.8268396823417603,-0.0037950014142333426,-2.3611673200026293,-0.07037331796427254,-0.5254862590958738,0.34156361328703144,-0.27414124292840186,1.0843320785789938,0.42314902238115387,-0.9670954265029483,1.996536584253291,1.9209419943951314,0.5699857480124568,0.6751114778584484,-0.5838633506116844,0.4689616023453347,1.442942498861015,-0.037020576552338307,-0.5869251070534874,-0.09635882305801392,0.8104854664773031,-0.11981475235374832,0.10452828977926777,0.6973614108700269,-1.0884166544609266,-0.13965349235758598,-0.17851289428230427,0.21826101482864418,0
-0.5827677446018532,-0.06873099865439236,-0.09468361256226429,1.664303937490149,-0.7612376654591749,0.25051930573046105,-0.29279722187905194,0.7132269357927563,-0.1798630825969709,0.20414070289714142,0.2991238771817993,-0.6248073465070005,0.4794383277217646,-0.367915108465576,0.49609636845457045,0.49176481294354474,0.7891206505412576,0.406551191852411,0.13483874049470743,-0.9069703936013245,-0.24087533266069913,-0.16478607076684876,-0.6371873695546075,-0.06328913953235699,1.3181879925250402,-0.4290598414223173,-0.14533608780892157,-0.3147672322714058,0.17887360454124185,-0.9371757956967341,0
-1.3064165171866238,-2.25208324309333,2.63739142044551,-2.2285321364759243,1.2110667349107844,-2.5384796742988414,-2.53902742883017,-2.037870112591347,4.268812216698717,-1.1751524835381388,-1.295854145958397,1.2190045889382166,-1.0924599697097952,0.5065453651721816,-1.0242509609171953,-0.0816531858954596,-1.2684103550040946,-1.4408328963588766,-1.4221276776055833,0.6465041607719806,1.4311592202126502,0.5846757862614894,-1.3757543882585248,-0.848801174682493,0.24579855269470058,2.547316351776529,-0.4561465483957419,1.7966290757986623,0.8442876663715142,0.9067622997526911,1
1.2901001669411143,-0.3012221292050042,-1.9414180665703873,-0.8421937024207968,0.5020440876832652,-0.2976686022761478,-0.286331443040833,0.5061429725028065,-0.15652408107116633,0.0510958138018554,-0.575868182211158,0.5755096169989372,-0.5445118553550761,-1.9148584143352099,-0.7920749897416909,-0.6471944927872725,-0.22482757432306763,-0.07758519169159755,0.5724703140693322,-0.1378048621985719,2.880138059244036,0.3748419685056124,-0.8956086645771865,-1.2549704052650792,-1.0832115541209324,-0.3415913708359506,0.8425151748102675,-0.050401912770054715,0.895320420753162,1.9784808904513422,1
-1.3559358134103594,-1.8920581371751068,2.123902201349355,-1.932814313728804,1.2073022125688646,-2.0950821924301755,-2.21466352090831,-1.761569915193612,2.9861525734738215,-0.8171129124356377,-1.446660907687972,1.6692511953926505,-1.5057675017564798,1.3925191800870014,-1.1238470356872758,-0.675539984166988,-1.4282497835435786,-1.50302818598622,-1.3973350186857427,0.764493868244671,1.3281327011405184,0.5175922931815473,-1.1443896454012077,-0.5601567642483187,0.0641840660598322,1.590962135579398,-0.5698132793783577,2.049952005538651,1.0019239529421144,0.9067622997526911,1
1.398267269992734,-0.1009903142807043,0.3657508375902541,-0.8095464471844431,0.44703147145028094,-0.6904074014511125,-0.7673574591010656,-0.41645886847974367,0.23620264433406168,-0.7095556291092863,-0.5939041001498098,0.3715985021142384,-0.7867904047448238,0.4444128227578239,-0.5039445435602865,1.412227589661847,-1.2520030251902101,-1.0095860245702677,-1.1324503822163179,2.2652135721653965,0.20614968346605092,0.35011775157804514,0.7242626715519196,0.1525761790420479,0.05431702752253636,-0.06093247609928591,1.2324924517470424,-0.06733891293328838,-0.4173238587457072,1.0118364964894726,1
-0.8632033897631682,-0.3148395895882358,-0.04347015766372056,1.1018652131278954,-1.2511463629433883,-0.1267027658684486,-0.43680036436969516,0.3321025779650126,0.0631135499711347,0.43380357013643817,0.30434208454287165,-0.9688889786162047,0.554498325804515,-0.7516050695460015,1.0932958603860021,0.5014776067354044,1.0032594159928945,0.37953802199044134,0.11486372214250187,-0.9596383134778632,-0.23709419904748713,-0.10219717212507717,-0.3071655436370469,-0.0019577214828199966,1.4847052053235534,-0.5687164353985881,1.4378578960331272,-0.07013437750415341,0.04547372392467705,-1.2620133203160437,0
0.3547454601045627,1.6082159376801792,-0.4999544608740703,-0.022247211823708982,-0.3269546782005743,0.2840549836249824,-0.17604476382823012,0.5082592945526052,-0.20981893750461977,1.955824046254176,0.5208739303980885,0.09039656508319475,-0.28668842073378065,-0.8252717495443976,2.859901786427662,-1.3384104619707073,0.09706631491009275,0.6786854659606949,0.5050354962169706,-0.02801690528128142,-0.48836977653482794,-0.11957487223072989,0.030482282280633727,-0.023675145430509442,-0.13956491128919243,0.3148237994323856,-0.47024027890725967,-0.3031450384943865,-0.24792539223245974,0.5111056103274437,0
0.08921609531065766,0.039339856571051726,-0.8848564039619147,-0.13752606052048896,0.3753292738181939,0.5816806069058983,0.37512665157621033,1.053082110895517,-0.17233562199666907,0.020963295614153152,0.5526107574070585,-0.08073290639610675,0.4549647006797622,-1.0625134926264264,0.4569364799556839,0.19314049195181046,-0.008655928192559724,1.1907357432739685,1.4397014262307422,1.4244745746958813,1.1162843780403795,0.10166100404344454,0.44728042514503025,1.2547080195220932,1.0326145805433233,-0.9371583130291469,-0.6399355958979326,-0.2350711177882771,0.1728696143800455,1.5328940564643139,1
0.7000854785114073,1.4980210648339072,-0.4535775613120506,-0.15151514366804825,-0.11418113830057647,0.5915644782502724,-0.10066694271979355,0.7616174681191646,-0.2525150819586489,0.3420945486958271,0.7464425898724689,-1.1464216992546596,0.6908173782490971,0.0912539815149574,1.1499184274991825,0.1863523307601005,0.24522587771431265,0.28138026513019937,0.08731875850433338,-0.526582406689446,-0.08702525865292003,-0.016342580990546786,0.24131724224729667,-0.13234548258750817,1.3699170850621754,0.6605309906692409,-1.1487035345981256,-0.2756395228727448,-0.1525552731588789,1.0396749829797725,0
-0.6652798213038922,-0.2415367618857851,-0.3117302700892414,0.46142314562227055,-1.2010070051032729,0.9893270588809152,2.218909044102303,0.2554487702824275,0.20113597459185953,0.4479765763270186,0.49179670936918835,-0.8516979308313711,0.5359856199335644,0.2937112470989263,0.7159134336091251,1.4554045968103408,1.2632745750732777,0.1563678473656644,0.92634618044595,-0.13924683844928779,-0.24494524741245485,-0.061633661047614696,0.2345306433761509,0.3063281969057097,2.2009654754200025,-0.6282128942889674,0.587686554365122,-0.029432671788019796,0.027418983448209738,0.8882912744400914,0
-0.9603474133809964,-0.13518559242720193,-1.0914061288631798,0.4248356633799121,-0.1354730228210672,-0.505657686705742,0.906463447061773,1.6576802195741767,-0.21470349527339608,1.112441561059867,-0.022610495039739265,-0.48099741210258146,0.3572897688464024,-1.0375322938230562,-0.020717618249001892,1.2143068957276104,-0.15534759197003814,1.6695054703895738,0.9023900268410022,0.8622923256268825,1.5915601998142999,0.08836983639043167,0.44997476600412417,1.633879561863406,0.3827624671591709,0.26148826013822146,-0.45440745081884865,-0.5119019169935625,-0.40412345607481626,1.7396377995743941,1
-0.6229376806560766,-0.03240243132133728,-0.6049668729210654,0.9624715306911975,-1.8470764259352712,0.6146307677998832,0.2510996065239073,0.4786589679992708,-0.165531257075493,-0.16439884914439065,0.9541059094877876,-0.7407198066830804,0.30944834452690995,-0.2549144286603287,0.6791484133118703,-0.34537295276236796,0.0901975700766592,0.13901227348074008,2.214457033984844,-0.6513103374065715,-0.20083276006833797,-0.24576793272713865,-0.5536949124197642,-0.1160836801622132,-1.6605822966479427,-0.5171318529384697,1.7590577797148823,-0.11114522121299938,-0.16069809212632552,0.3809013800310251,0
0.5780960190880049,1.768834533076633,-0.4654156336173091,-0.05624341673813681,-0.5989851183648661,0.47514058271915605,0.207736552721213,0.4471728296815725,-0.19344736013292907,1.0329934624625452,0.5669256792106745,-1.5276022975395063,0.5771885500002247,-0.019498532503097063,0.9348495952226827,1.0644682655042563,0.3615214381050537,0.22311948411722707,0.4823380936627187,-0.20565420426182882,-0.3317577976316691,-0.002099388671784458,0.7047080670182503,-0.08839815636100391,0.06546387593382502,0.5870405016288746,-0.8690273211963855,-0.20895202175788888,-0.19233723888756582,-1.184484273352308,0
0.16287723025424963,0.09469128606974288,-0.13494298311768793,0.3367926560314491,-1.2820171933566642,1.522133901344349,1.0436799061965523,0.733799635652816,-0.11298961690681956,1.3553477350846175,0.25002618523364073,0.3732028070953959,-0.10801572107630183,1.461720736921112,0.9186975937294083,-1.162911731295917,0.26469946488051926,0.9739483583688519,-0.17123126939968086,-1.7949916829679873,-0.24427563955575668,-0.22749462785715555,-0.3197980922786801,0.14612204276283527,-1.4970071883701435,-2.0297268727510698,-0.1644419149346082,-0.037855944061594086,0.07993086102830795,-0.9774336341408756,0
1.2834648465963268,-0.027280324372042017,0.6173122839572575,-0.72251889820597,1.0824642191816503,1.1373264702290362,-1.0010244062252596,0.1554119265289194,0.026353742837895072,-1.1263166474189301,-0.5340859729807542,0.9869175193151155,-0.6663664408512382,-0.8216259020283976,-1.263921258578961,-0.5283078130881402,0.6007921528468766,0.6603320153970149,1.9876697651177655,-1.1926570960210396,0.2402021605262182,0.037122560543107495,-0.4845782369949052,-0.10263019934332654,-1.1522727304602796,-0.9906404493526856,0.17518704805517485,0.34045563008145263,0.5065244491309293,-1.6356966386487815,1
1.585626932915938,1.6776003012099325,-0.574696869408212,0.24621742190841509,-0.4987105880127509,0.18237260829682206,0.6342927766557702,0.22924696720959511,-0.13411829780823578,1.4551761436670354,0.5229449390357486,-1.5910302813760122,1.1877933399288088,1.212703746514336,0.4514937480497482,0.4732106835750285,0.5544799730385912,0.2096932111379037,0.4640112991819849,-0.2360439836346073,-0.21625068833242142,-0.028201644449082557,0.651876703414797,0.02458112992358662,0.13113276077142927,-0.027952842884742774,-0.41434676366435547,-0.1659606396011763,-0.1530451135607993,-0.18625899938286047,0
-0.7685064807610669,-0.21325745114924569,-1.046961572687833,1.9868359186703906,-2.497988208059129,-0.1923924318742818,1.3371915186627967,0.5263371217476707,-0.1462875197382001,0.023552677390981314,0.6267647854313512,-2.706008919323268,0.22179961980375135,0.7289038219641064,-0.06370027806185186,-2.3852328422337945,0.0970857947708523,0.5842270300129478,-0.04720722590588459,-0.8910229362393128,-0.5065188650532068,-0.3362537985988919,-0.6109528584041821,-0.2899072734541766,-2.093808110471785,0.9623105460437177,-0.7881959557091617,-0.2429989674408166,-0.5861272825192573,1.370987109706305,0
-1.8227075403288124,-0.4186368205268784,1.1625639824745333,-1.322243953293479,1.778154074283392,-0.31730924367787977,-1.363365506709552,-1.030388525089748,0.3729125805945939,-1.7823149686681425,-1.8788454314116518,2.539465927079662,-1.9681241474166153,-0.3273407429813045,-2.1007394874974024,-0.9169081470317662,-1.7489938046355011,-1.6624028677495226,-1.5586503466610948,-0.5633437419402765,1.3208549179023663,0.5427257658079652,-0.3175647038177399,-0.6134089160174281,-1.898776062572759,2.925279027947746,1.4016656159090624,2.7645508866560418,2.2842674741347277,-1.184484273352308,1
1.4239475581373044,1.749084251427974,-0.4933750091665408,-0.021918628673230522,-0.5453103228995262,0.30763671592070935,0.0008669621606786286,0.42456705948735846,-0.1877245788501354,1.1733722556297368,0.5864347121605109,-1.4646716975858967,0.28374791387081555,-1.3534068044136272,1.1316295848447468,1.1493196245900221,0.36475150511188964,0.26667831004389947,0.579246211871024,-0.263606641467465,-0.4242672805858245,-0.00015335491918276717,0.6422682584345272,-0.034963575074893574,0.8966391282879048,0.4494809433502919,-0.9268513052551989,-0.22073512156811306,-0.1890209790715341,-1.184484273352308,0
0.509832135575997,0.6279011064859227,0.3892781830969688,-0.7612707851078141,1.1304405049285347,0.4634201013488411,0.11377715973764276,-0.27012796680403484,0.04404373559857764,-0.45219395298819537,-0.596522731449388,1.0535484403939,-1.1995092225779052,0.7437989674474146,-0.9989553244047537,-1.9010800170431403,-0.5051782282595437,-0.5933526169845905,-0.22121908736390006,-0.7217397499086745,0.2866236310002872,0.02320916802606459,-0.8204237815612944,-0.10996482012541323,-1.126308713330116,0.6471055915862426,0.13288466064925175,0.6835294624563001,0.6971889207587116,-1.6356966386487815,1
1.4667797995641036,-1.1947479107037982,-0.5702291361243037,-0.4684238578699956,0.2891032255200496,1.7446872510983353,1.1354931378732758,-0.8890182027043314,-2.916142591717391,0.7563732498313562,0.4529876518369517,-0.07219845977571966,1.4075595608532245,-1.2958636519875975,0.1225350655306474,0.547353261236155,1.0558189395841715,1.8903657116688843,1.7724851020245664,1.6373646615321917,-0.5782790098904262,-3.3704170607992494,2.31888132460449,1.6739958293538053,0.2573251859839905,0.17163809285310966,2.347322686003772,1.4032577252884666,0.10938158049320135,-0.0831781982909248,1
0.87634732453199,1.2187980462857846,-0.6304732504566699,-0.24102046069957594,-0.27694984890013485,0.3152925864972413,-0.39619119638637523,0.6840503993093967,-0.24620385641396036,1.158504253456954,0.12258745396637549,-0.7977397573848561,0.7273158039028933,-0.06194319852321674,-0.06442185671790107,-0.10319146256240226,0.3939657201789212,1.2451232977913624,0.8065405836621342,-0.20878864062729943,0.24638486943164684,-0.08599751992642704,-0.2585911293304944,-0.2558299781034409,-0.513617548253308,0.2949358682234831,-1.1046466814190818,-0.22913330317706035,-0.0017414670786595604,1.3374728439392416,1
0.240263852481794,0.6934721661922295,-0.5720626194898795,-0.21703566689433554,0.8982334122488612,0.6031740419121414,0.11427979749736339,0.9458940944350765,-0.26432184717871826,0.3769083219777778,0.46650397940642796,-0.24923704994890056,-0.3469647796706654,2.248943344773883,0.2174155788191051,-1.3054585575903055,1.8060150566304305,1.4893768559555591,0.9233105421102789,-2.2182385681306673,0.8046459310484643,-0.1411268430969985,-1.1268688138510061,-0.3232606444945148,-0.7514709424735065,-0.40395499017692027,-0.5589300964138678,-0.35761040388245935,0.12328548035426742,1.6239834987860846,1
0.015813710974966626,-0.20281865750255837,-0.13099193265762485,1.1537877980725468,-0.6885872498891377,0.49601805215442624,0.2264567441210439,0.632519436079991,-0.048717868502625564,-0.01067613726919488,0.21356706594711156,-1.021840773562656,1.033018156578263,0.9682857965273709,0.8361474591818462,0.2505621683446176,0.5897843699750548,0.27973450842123365,-0.011385120771288148,-1.5867669804553435,-0.21024310019736292,-0.0285185694779573,0.09839274406442507,-0.2946634853725893,-0.4918358856032697,1.3339239686200473,-0.882489703708272,-0.3670361609765773,-0.3629596329497181,0.422080592417724,0
-0.17654812776071038,-0.4308170307094553,-0.24111984094372782,0.7567114940563856,-0.634596385343335,-0.1400356220093219,0.32335520134863893,0.12816763264159906,0.16292306329160366,-0.5302183593392062,0.5994144127020555,-0.5506994244461175,1.3729644584949126,0.6170675792106443,1.159243058242598,-0.9107829007192695,-0.23919350834427214,0.7260279312063811,1.726212666405987,0.3910750036290559,-0.8350270840089633,-0.22142802140254825,-0.7034660214250181,-0.41667983462714664,0.09449878884502916,0.39226809429369586,0.9991236613044674,-0.6540928464264748,-0.6903550631335501,0.31840534013044747,0
-1.092714840907258,0.3768595520353641,0.08763210310874694,-0.24401656238587155,0.6069766826784966,0.006661737208704513,0.09030144103321411,-0.1467658014102636,0.018555813902045554,-0.5170440154735808,-0.23485210664750467,0.5327105563330031,-0.6478036728996854,-1.2159299504549048,-0.6751719450458592,0.10448501524497604,-0.16137525996153518,-0.564522775563923,0.08266003114786474,-0.31228744535326436,0.21560272043455694,0.09712662602676726,-0.19851652448155993,-0.31764927453614783,-1.3107807350565261,1.2549768886360282,0.49900518948779415,0.41813908091508684,0.5337207211874826,0.12922831150758507,1
1.1837890527882622,-0.4632886671307683,0.24653319948758934,1.2521085706098078,-2.095975654226718,2.2300774855676364,0.273502051034742,2.976654553902957,-1.0797899904491364,7.063172735923038,10.016735028022161,0.5712227996283362,0.17453357955715595,-0.04764307700742191,-0.6574397810542906,0.6987330706667688,-0.45466233254822536,-0.27276301457804353,0.12033676094645412,-0.2471655690940227,3.281296048582301,-0.6503359748028935,1.6268386233696976,-0.59271753124308,-0.7354308464235612,-0.6342292477707512,-1.6584338348002634,-1.2516216079896187,-5.6040465257935415,-1.2202802254009488,0
-0.4924367176437292,-0.2909990503373689,-0.07851162003130827,0.4353439769745803,-0.8815069713516805,0.6403710021799847,2.2752083369206026,-0.03378439212159267,0.38781017547388863,0.30048437556299384,0.4719071403327808,-0.9545869315967102,0.635115098932306,0.49589131333919273,0.9564062225068714,2.319517241287066,1.145811996717896,0.29725785209513705,1.3409085060066421,0.4803554959108054,-0.20591307051753935,0.07001686385578608,0.6438709991099842,-0.14079744548837336,2.284790826887881,-0.736634970621793,1.0308279636103275,-0.8837039803136426,-0.6640664308865892,0.000610546066223739,0
0.7715067725621491,1.3446249299679236,-1.036369965370243,0.007659468415454645,-0.8516150810916808,0.04958659726465447,0.576807005305989,0.31391953502826325,-0.15658246281819857,0.3302627488360243,0.9182134035192473,-0.5268688076644471,1.166057717434366,0.5238019255791716,0.7725859135619662,-0.3134531739467284,-0.1564558454342634,0.2406250087452901,2.201352413804845,-0.4614753680886097,-0.19066783179801397,-0.18125466065372844,-0.5414969685680239,-0.057658085451817845,0.07631506692139634,-0.23487460160128187,-1.6301377550089435,-0.21032757084822248,-0.09104659011061474,1.3025576459198605,0
-0.21343837588448145,-0.7819727841987707,-0.37253123368171,-0.4826672994095026,0.6779581406001102,-0.3650250366629042,-0.8531831324595084,-0.39559467564549455,0.2807385562149778,-0.574328749456787,-0.6231491085865768,0.971628717505058,-0.7471317199078268,-1.1541846746150557,-0.804515510147618,1.0347419807818765,-0.6830412438394583,-0.7101811537914027,-0.25758432201243053,0.7392406695362528,0.8599590838614667,0.22692779428586074,-0.23308071959280288,-0.4235065410175326,0.5620926013254123,-0.2955848821215525,-0.5207262255960308,1.37431524350863,-0.3408033060715878,1.2782015344309974,1
0.78151261830452,1.6834050824074986,-0.4534219639106792,-0.1685824004410209,-0.5897397313899536,0.5582096042287327,-0.2212095414219164,0.6867425750984781,-0.2518838887782329,0.262043120747341,0.7732852557805024,-0.2204489222187238,1.317535402368884,0.3822305721383215,1.1948549690335826,-0.5051536923608372,0.37197017598057414,0.22775609483865258,0.22790993958207514,0.15532549950157928,-0.1816439225205641,-0.02001031486610096,0.42590118064113003,-0.14719567046949966,-0.716768866430722,0.44434145567822236,1.6092150969615375,-0.35381488724819105,-0.2633517542993502,0.6086323567973572,0
1.0440206199622177,-1.0405055279175237,-2.24288162338122,-0.6761921917777798,-0.24695807579390305,-1.5207529618836368,2.0940569620064045,4.514637118123447,-0.638393007819374,0.5399851349772667,1.1276252297408107,-0.9970418206381725,0.5617070888282689,1.6197620822932026,0.35319319570486235,0.8845270967172072,0.3965767295692893,0.2661927918640509,0.6146078622474712,-0.6075247593650303,-6.659736228585279,-1.0822334603491435,-0.2686677991216454,-3.266410845513461,1.1263061082658907,-3.149395966306877,-0.06912594122250128,0.9849411968927656,-3.55736177003614,2.0638456254890385,0
1.169143615574911,0.3275682730267066,-0.175834467897962,0.45423244339235463,-0.2925013766875043,0.931081910595266,-0.17479885253223604,0.9956956013157819,-0.2749963673972693,0.21762759963904268,0.600618950503168,-1.2446118116520926,0.708265514101172,0.1879264653699392,0.7383785123368336,-0.740827221716123,-0.04307003634600925,0.36770988283172823,-0.02389232059082463,-0.16694340966074617,-0.18719406581050638,-0.041365367845668924,0.6371279963461971,-0.21591059131182147,-0.0014208849565956368,-0.357888948072052,-1.2578552211563097,-0.24570991869331124,-0.32075791366513,-1.184484273352308,0
-0.8362404875192343,-0.380065391393932,0.21859408890410245,0.9551002297063778,-0.3046119063211733,0.07826276059135148,0.32186759866830594,0.46002350865279923,0.02401736080569871,0.02380695705667729,0.5867393432203134,-0.7690321221969149,1.0466714669508541,0.8789424527637377,0.9791377212102242,1.386713345613906,0.15982927665753513,0.5749401231162086,0.039843284190574826,-0.10067961355982191,-0.1499094597697486,-0.02434228196593397,0.3478993534574517,-0.2805365493407428,0.19361703738567934,0.714347395599988,-0.5233441842445442,-1.014097052013506,-1.0553824264542497,-0.1333665519214275,0
0.7894609754701191,0.04129887777922055,-0.2759560802874423,-0.1444850009046969,-1.309024615155864,2.3906937160098782,1.9081662561991348,0.5364963179243859,0.012038887487666626,0.4367320507673609,0.36596175847284834,-0.41688085960921384,0.4335984863575951,-0.16949841923331854,0.3112666058751141,1.2484025249874924,0.4265070094430873,0.5810224056769037,0.7490886154710134,-0.4251350369793561,-0.3903235272697631,0.019233082308523296,0.8361546849157528,0.0077603562381460735,1.2885678777326726,-0.557430279330078,-0.31254069675103496,-0.3602496998952177,0.12142982758287968,0.3642818673681023,0
-0.11263472975649462,-0.2549510506412343,0.24496717813481522,-0.1821402430784662,0.10269431124555913,0.3347998859375594,-0.2534294620444893,0.048259375023196896,0.12725711106698356,-0.21758799276543897,-0.6120700304422317,0.6958277788760411,-0.38567699764885577,-1.7757886261979885,-0.8849689619400924,-0.8403594166707182,0.01455505331688459,0.31963931326346845,0.5925295603714873,-1.0104501889152948,-0.04856799064603572,-0.02963455136828794,-0.6060221874217916,-0.21043341562662687,-0.8248420674873996,0.10307116890700845,-1.0493639856151786,0.20173319340586454,0.29157067395925673,-1.184484273352308,1
0.11946441274931568,1.5740255981656985,-0.1310310744736438,-0.1300945045768497,0.6558920816670872,1.1499837628328182,0.8660988300584626,0.48650509203869324,-0.11975715111728091,-0.14056480890439316,0.8642083407703974,-0.4080218575655438,0.7827125916608175,0.7353917551785246,-0.132020732003885,-1.7182054911067102,1.7307963157659438,0.7512874572108399,1.2787694369682,-1.256055729234753,-0.2199306672237507,-0.08784014722254652,0.1588576876467955,-0.1351555286019257,-0.6855641085984084,0.5084259865450571,0.41966032275686027,-0.21915994281118573,-0.10845563365039441,-0.2263476127909776,1
1.0565017770862228,-0.47099780256047613,0.390001201276935,-0.12177712013195073,-1.115503587469261,0.8602275770922123,0.054690653395178056,-0.034100035749794255,-1.1090444917840798,-0.3760633046223549,0.11035937001504759,-1.5388804021824591,1.517457059492454,0.453303689815115,2.084844892757407,-0.875519002102592,0.270723746853806,0.5718182771853468,-0.04126043082794317,-0.534634406437001,1.0624210459162475,-1.1112610307906785,1.5863520357442815,-0.9649274363462906,1.7009740272842668,0.8828038005309153,1.892781387005818,-0.16638205285560698,0.29798563824978097,-0.9331015262216634,0
0.86614656385449,0.9389634846599642,0.30391686820914193,-0.6945685457641251,1.0153977512827597,0.8197752274677006,-0.30006864203869826,0.09146773365853714,-0.046130919799078636,-0.7502867387461879,-0.2661604077956522,0.7693515551189275,-0.6620872283382624,-1.8497790705526551,-1.0172147726582417,-1.110289460028801,0.16426968628605315,0.08433217616513282,0.6553559574105454,-1.4612899918351256,0.047252834633996287,0.014077845676556181,-0.45067159054021544,-0.11727875884115344,0.2666752495381733,0.6524465221422168,0.37597757443181257,0.2950076806613953,0.45710017323593344,-0.5362806325620637,1
1.329615972562784,0.1516624107074228,-0.39035465764947413,0.17295716322805102,-0.8502181233152308,0.6226104442632239,0.1798793911160002,0.9484170159806131,-0.19339200148519392,0.5810014748676732,0.07118694251807449,-1.0951566101117751,0.9714711064283016,1.1122041282550177,0.015835542655435273,-0.6811623967830682,0.4915690551141765,0.7143202859930029,0.42790294273186663,-0.2502940303109523,0.28335270654349415,-0.10800387537217725,-0.2894312153277358,0.42882394829130677,0.7005827893599648,-0.7095367072888311,-0.5134599829871975,-0.1908893832642366,0.13278634078667323,1.1766548631948395,1
0.21922691978782116,-1.5123481321069447,1.3341966121681885,-1.774120627577633,1.6665457156357466,-1.8082130838490564,-2.3378270556346012,-1.7810494764128115,1.8773533829904123,-1.1050740077666663,-2.1762827074977156,1.8003647050775249,-1.8525366947816515,0.329015774787442,-1.7592874774458644,-0.2894139904354796,-1.9240245718890927,-1.661005599396104,-1.613159978693082,2.634709371187253,-0.7513877344814247,0.8609819754846642,0.059271034819291996,-0.9077191494076369,0.7982150480438699,0.08453724768719913,-0.029028091205095686,-1.4188937569061708,-0.8686630742340428,0.796044461722987,1
1.5295701991761375,1.4060479674261535,-0.6166819416016216,0.18807734831450415,-0.05065503110291078,0.3054155750502717,0.7883368443823933,0.39175097311576584,-0.14096793301940225,1.1502892538674379,0.5562027075489332,-1.8064778721400192,1.6710476435533894,1.3150613535128965,0.40392927959236946,-1.1165361824202764,0.26350996589237874,0.3261512672829311,-0.1737736060922568,0.0907899176099488,-0.002008740766430805,-0.3007614798793738,-1.180725724783382,0.21316484085073442,-0.043358066218199674,-0.40721241076548226,-2.559716659110069,-0.17517783254134847,-0.09498904486404823,1.0456064142624657,0
-0.5155171884423384,1.0208753960785137,-0.782773136913456,1.0757549704446963,-1.4328364574520935,-0.31339262759023995,0.048651513741692555,0.15860986301813257,-0.16972286984217222,0.8808710574803643,0.48117492721231286,-0.8861268267740614,1.3901460121169749,1.2146137843682097,0.42894216849092714,1.0723345496435643,-0.3491670048737169,0.4515030220534164,1.587476694003886,-0.41258328943895345,-0.49308043896513754,-0.2331264094176394,-0.29234092586982113,-0.03893017894527276,0.7780403985824111,0.5743172182206379,-1.5040867738520716,-0.08615321578542146,0.012801123925546654,0.4882599568828714,0
-0.19083148944407963,0.963107317049892,-0.38852580651551,0.5064751784724455,-0.18377252387303952,0.29079250923081845,0.4959447734497838,0.40791391696264406,-0.13555020945470844,0.5652827366659978,0.6258106156963072,-1.3356300846253253,0.3374330511056359,-0.6726908445434562,0.9404257004380875,1.4650683175800405,0.5194442821233302,0.29898699278216817,0.20762786347550957,-0.6599691109880238,-0.26996243482276205,-0.07567932856801513,0.04823730129534821,-0.20529158916809764,-1.3393786279348607,1.0175770606715207,-0.4009589660097133,-0.18887468352817866,-0.061711276615058666,0.26375171903898903,0
-0.6912338450901139,0.0388808061398008,-0.1053979477819024,1.9442047490867849,-0.4165483987335628,0.1631606168512052,-0.0848979587900221,0.6543557576253789,-0.18264657945177756,0.02190396014681834,0.45123708428079684,-0.5422909520602313,0.833086114152189,0.6858782013884069,0.7166009507818597,1.1987225506047217,0.31834982345546387,0.41910590156671357,0.028935605513811167,0.28191758977904324,-0.012143481498234108,-0.15506699584554717,-0.44192822454204517,-0.06638896740078193,1.4924184036337815,-0.502338812681354,0.3429706960514696,-0.13798420486218704,0.14065855765150484,-1.2202802254009488,0
-0.40731849306808066,0.8131334018498788,-0.4205682010294278,1.4868711218527466,0.3684172577596595,-0.08720058604863888,0.5560982266480183,0.263724874007747,-0.10756892452701464,0.5327170966535842,0.8283567733720572,-1.2403723378106009,0.6503709181155917,-0.06164506851844416,0.48445941629132355,-0.3201528041315212,0.8841917142616567,0.3102144988067955,0.1831588616670457,-0.976009021340533,-0.15971871663774825,-0.11650715892993461,-0.19632406733667485,-0.03855295932433152,0.7147440208549505,0.34275689102766005,-0.0764663866409958,-0.18163039380688162,0.005590938403293855,0.6761445702963436,0
-1.2255257026090671,0.3420683925339063,0.5798104808655563,-0.7592896884978008,1.1246302716401415,1.0643371363892582,-0.955748064337844,0.176171088769708,-0.06141883313500245,-1.1300692538807147,-0.6053705719950584,1.243684952165651,-0.8441421289584032,-2.4379724142575587,-1.320916757758576,-0.27532889490425067,0.08144324292764751,0.5857304700747586,1.0552655268780877,-2.0631506049146857,0.19738411004546738,0.05798433668437321,-0.3559037813948967,-0.5167630787714972,-0.9168119494189655,2.3011582463299773,1.1617789411663937,0.4209615451410603,0.7360908523104563,-1.295387584477566,1
-0.9236427443143422,-1.1765379181890148,0.9255080049620756,-1.0700832083546112,1.617488607922935,-1.3827242952417393,-1.033796770782606,-1.4923019062364002,1.1118314075621973,-1.9648084642627899,-1.70499498556362,1.4670661750549805,-1.652092992766417,0.5838602693253891,-1.5857017448570054,-0.482476457501752,-2.0639013082316566,-2.234115168669097,-2.272976847517001,2.578652792117657,0.5940098061977777,0.7247494479797065,-0.03588668882469459,-0.04636080584041751,1.2712356146703965,-0.15991094722125637,0.3697711364958905,1.616978841347846,0.5548270326022356,-0.12195616214070763,1
-0.6319055525635298,1.0244935225622227,-0.37564747208687,-0.049673361016129715,-0.5768305792197489,1.7858742567538708,1.9150087842629155,0.4078550181330415,0.011694967806171285,0.18672698627524179,0.6756377421080455,-0.661991592452489,0.6013777814202923,-0.02854129768215808,1.088063131122725,0.8454787526159295,0.5247977731603216,0.19826998571577334,0.338636288851862,-0.1580587737889095,-0.09905674172030708,-0.11067985329170398,-0.30407665070732753,-0.2108110870159015,2.1546883016734304,1.5902998034084836,-0.554770811420532,-0.22502148901154598,-0.06918233512666691,0.2250390052181191,0
-0.6546035736227123,0.006082505327187356,-0.17013135846232094,0.15354796401740456,-1.6302783559609662,1.6040241710702723,1.8837457172197047,0.4256967626316139,0.14122049450350385,-0.014903342229085573,0.35024301612288794,-0.8045236786457447,0.5165814787259217,0.03084465509685383,1.1187635289995181,0.7008827698047071,0.6689715267000516,0.2718611548878055,0.3167386415141547,0.2833452048905501,-0.09999721842273442,-0.07744807503883808,-0.23441273923341271,-0.08787462800588819,2.2933830419987506,-0.4915652475234303,1.8148570376437934,-0.2965770925560561,0.05343938216930906,0.11349374417985511,0
-1.0521894970251404,-0.9847198545015233,1.1170572472064155,-0.9153568416494159,1.14529220527067,-0.9646434100231467,-0.6091593265999,-0.9135849043502662,0.890796676573962,-1.6787136755705752,-1.116715933967923,0.7851192515020662,-1.1014056739123381,1.6367101470111391,-1.0827511516804251,0.6247653046314269,-1.3003151363862393,-1.3538660641089786,-1.4216007241690296,1.6885373809751376,0.18669228654225745,0.35139967949285117,-0.8922344302402976,-0.1334712810599324,-0.33583756170343754,-0.2132749545693628,-0.07862614533675023,0.11945533082561396,0.3563418225792087,0.9554516663195004,1
1.2025851822040252,1.6587972683385421,-0.41217759756199635,-0.025889315909432446,-0.4534082597577098,0.4029861396795171,0.13542187632676875,0.4265889301683151,-0.15905282593868503,0.6163978276350089,0.5222065671524625,0.02222095553789552,1.2062218152805806,-0.23264608337261777,0.3997834852829398,-0.46186521850089507,0.7069723837361119,0.565986889614218,0.3354178380765017,-0.03893071351098338,-0.27433976895129825,-0.2218298652698371,-0.7589489152265054,0.3050793281269254,1.22174205763513,-0.5715152365472835,0.3375037658955819,-0.27943574860654924,-0.16249478242431417,-0.6789633199980444,0
-1.966607217986392,0.2206501182262918,0.7250289870220434,-0.8546975692382901,1.242445234675907,0.9302868747314618,-1.1243412956707992,-0.02501686640268208,-0.07301279278622343,-0.9208492017800224,-0.8728313471942657,1.532655537650039,-1.2468797074540041,0.729458576361624,-1.3579889141326236,-1.25069182279037,-0.25062217810783205,-0.01025754638307471,0.9013895427432906,-1.4291803958485112,0.4644070206623532,0.05773865758117211,-0.5739699425146371,-0.6173858142128389,-1.2957475662345963,2.7365584202606303,1.1155677692297865,0.6572332768753112,0.9355437266202249,-1.184484273352308,1
0.28765892932632975,1.5663956707343647,-0.6457810258489183,0.5409179474038603,-0.4414379100068134,-0.05249910589740705,0.5431293192435146,0.1216249949622475,-0.11995272579321971,2.4457357446710364,0.5130138294041185,0.04649214468193754,-0.03569009643187226,1.8432751417795452,1.515939520990948,-0.6474362862591443,1.176091363700246,0.3318560062939507,1.0590969767784917,-0.2543157091111288,-0.23304194072563142,-0.1269712656890761,0.012453023294347183,0.18531444341236836,-0.9203602988046979,-0.9287260933884277,0.9387009587862788,-0.2624837210886107,-0.19012853784610004,0.476319525231171,0
-0.06441272384989895,0.15815656911869044,-0.10561922572274726,1.9668272393104547,0.4699457971764764,-0.04430774492217609,1.23559968307896,-0.02764698513892108,-0.6143864747474352,-0.18458070510546704,0.7292108227285297,0.021993843045286506,1.3663416866279,-0.04964980226655244,0.9524385398965608,0.3390909384313634,0.4626277996603062,0.5452757059706475,0.4722817028350051,-0.023460064894655613,0.6031065168701008,-0.5551353572616886,1.1374160195514214,-0.13600220936889582,0.48509763554992846,1.0600321695968342,1.0028147146750541,-0.0755067227233444,0.36564578866123776,-1.5143146197261823,1
1.2534787805757206,-0.6852614271977086,0.5162085979263649,-0.9611794248996297,1.539926825217932,0.07116388012749693,-0.7514097288173894,-0.30582786728014966,-0.2202822228264492,-0.3274749785410018,-0.15542123242457095,1.029695636024524,-1.2525499884892652,-1.127167534224493,-1.6724252545827947,1.3407541028311585,-0.9205924030280422,-0.6819538673463935,-0.35517050385735494,0.6779199894631817,-0.28487818366378687,0.12541961523623069,0.6359259906597586,0.3259193063366162,-1.0716571245240534,-0.7189883149198701,0.7625863224402478,-2.1652570347745588,0.7777316775551296,-1.184484273352308,1
1.0039726306926455,0.5534793100960663,-0.061622626259757014,-0.6575098674814094,0.19810105532390349,-0.032377389414815445,0.4108713038864875,-0.37387101743971907,0.12514750684791875,0.0597080194515723,-0.7169304278693255,0.5523488580388453,-0.7857068815042104,-1.12795397902296,-0.9151472807072326,0.67322965245276,-1.0975668219498915,-0.6852456353329346,-1.2061718344471277,-0.3493214519452827,0.2427121500444539,0.15718575960006143,-0.02670683615758911,0.061730308269500093,-1.0470283199526145,0.11698613104214832,-0.32468995751638313,0.8132984087373437,0.6399213017864998,0.4817324706068155,1
-0.6348454549011993,-0.16462826606838962,-0.08593979441438801,1.6540250134344334,-0.3878084238581758,0.11763137618626864,0.12477356327093661,0.5368577453912659,-0.11103901395120049,0.2899599913981482,0.5185407042367832,-0.8695262532165391,0.9503460296945322,1.0809907065727282,0.5947120378825512,0.9305944186437317,0.5860906053218439,0.26241461897757373,0.4750906843919976,-0.571480930694843,0.005438113377245304,-0.007066232515114703,0.6771360281945425,-0.2457005703951421,0.8029465261502124,-0.11822560353380755,-0.8283647750347282,-0.21420539594287508,-0.2906126559037196,0.335100071364865,0
-1.0598241212047783,-0.1992846717057733,-0.19411735993739423,1.6647074934287482,-0.08333587304180204,0.20498313936413906,0.5589781281366492,0.45026501975730054,-0.021681752083971006,0.20582484700958664,0.5778747872796972,-0.15070309097080545,0.46968708637281625,-2.2821575121662336,1.1296818952372927,-0.18879185801882747,-0.011457195921918613,0.7055237592545848,0.3028022981911403,0.6143328663694685,-0.27725875854794374,-0.09481345756271392,-0.019948082371848367,-0.3676635173538861,0.3574032325476862,0.35380480817306187,-0.39392414019903554,-0.4876813062439576,-0.6697701447956776,-0.04501379339155591,0
-0.5196539920432595,0.030780036092257324,-0.03575126877241723,1.2790452228290847,-0.2709534974854885,0.4164739468197386,-0.027711046345612358,0.7498482348384783,-0.1993078771933249,0.28391038690499804,0.2914878303439281,-0.2595019615249847,0.2854075228285018,-0.8159894623511796,0.0640689181211122,1.3483981423745648,0.4680055593436545,1.0037357227615857,0.5582764994844984,-1.203279532322899,-0.17178642824769366,-0.044524875008154725,0.4272173179137074,-0.27060554152664845,0.8765794713340528,-0.034446099658476274,-0.7078021142004219,-0.4001508464174027,-0.32513220844734875,-0.5152038240419129,1
-0.6739034290582888,0.9206851006577437,-0.5674394965386603,1.755214079032721,-0.33440814306382616,-0.29486293883204834,0.2694305870142778,0.15886416783579113,-0.12537162497464832,1.4288961460530936,0.4159355887417348,-0.7673253906191622,1.7971388856144368,0.9446378936610229,0.2544856137674574,-0.6151302649445606,0.26617876639582566,0.5278613743428118,-0.05677816267980932,-0.1277860547700864,-0.1598981128050352,-0.09867227969593473,0.2981245381062164,0.007157199740672428,2.2207705023769293,0.24120934225227406,1.6948333851279707,-0.1974964705720586,-0.03043352717257146,-1.5600168041348343,0
0.8370993768066632,-0.04841320568789864,-0.20985768793143128,0.9641205546162941,-0.8874451332771983,0.12777550935794973,0.717290802101432,0.41765437805675776,-0.09652605497903557,1.0929049819509105,0.4248924877120098,-2.0514529641953816,0.6580947897137768,0.845046659303051,0.44823347794798823,0.7867318670954703,0.740857749965975,0.17175968981973913,0.8093182734691369,0.07654365071613087,-0.3031144570996684,-0.02228626794210907,0.578123642691336,-0.1539103818727478,-1.7266865428744262,-1.5003772156446964,-1.0075038624597885,-0.5400728087521838,-0.26412099568902686,0.6507520528585421,0
-0.9719627900746449,-0.8719155929556626,0.5439355396628879,0.24540637283834885,-0.8658943297541515,-0.21421873261797597,0.20195039402940854,0.3325581927877848,0.10942824839478862,2.546212988864923,2.8645097288274664,-1.0914607201526936,0.5651835635514031,-1.2202303525463978,0.5053068330743429,0.10467041008417186,0.09694002260548112,0.6600315950372924,-0.2352819516245838,-0.4766528029329404,0.93964247326305,-0.32767216603004,-0.5533086601382402,0.20989001066214394,0.04441643112055053,0.8933386889666717,0.665591666780581,1.0923531555913004,2.024742109517226,0.14719549154816616,0
-1.3536127113297867,1.0081412042680233,-0.6928032358055118,0.2927670283459902,-1.3754112676768755,0.8837516322508421,2.1477607364432916,0.06820027173485631,0.10016622326944134,1.0664331007236107,0.48492398930014347,-0.7460182224443273,0.7168695066757192,0.18479853681236252,0.5430387071846012,0.9719279571879355,0.9100399105195449,0.22956466310404636,0.4709895654782735,0.166837493317854,0.007633581711795426,-0.08732576098534853,-0.04867894978728695,-0.09374038117082893,2.409817090464629,0.39984980123436803,2.7298819053066055,-0.273200826873223,-0.07226002666681813,0.2385098991104263,0
-0.8404784034303865,0.108900346066512,-0.31886910234356,1.9549829597505666,-1.3482696525372933,-0.02522209907017606,0.08362305846212284,0.42774957521124984,-0.14586702119063172,1.259333385608714,0.10796566190457094,-0.8632925263333823,1.3553215205681437,0.9239477457343201,0.42923436690538713,0.9540858472160939,0.14177618657446314,0.36801782953269185,0.5615706778395436,0.2518304312631106,-0.108987451134953,-0.0028798571697404773,0.8355170472942778,-0.2899918032656653,0.8933733829208486,0.21304078591273037,-1.1591603965876869,-0.08287630031914707,-0.006309861608492674,-1.184484273352308,1
0.18499991400550964,-0.17565701969508227,0.5542917269336375,-0.8118171095714837,0.4406028723978945,0.025342014958447245,-1.1507011683648787,-0.09108727576178104,0.12455417947906652,0.002143686261981533,-0.506818537322905,0.41592104869434493,-0.9015635232547224,1.7670881925611286,-0.3595675749334105,-0.9509496248716538,-0.7230137090207871,-0.23387307135354507,-0.29386085240872273,0.09596882553463394,-0.1731616974851647,0.23640789833599307,1.0813164154578478,0.16154690867999252,-0.5411732653773439,-1.0537105169538805,-0.7748521836799673,0.034644997073539824,0.3347641992678747,0.10379606303139434,1
0.22038482524334846,-1.6373746447724018,1.662241494906046,-1.7881543769178623,1.4042337492893353,-1.744527080235229,-1.948699107876912,-1.9996826544370243,0.38588342685502136,-1.2884789140322264,-2.352841601634892,1.6758240240431987,-1.8173812330332413,-0.32291956651250636,-1.6778325548642923,-1.4829383447603428,-1.8458036384740677,-1.6903882136222188,-1.6131347799010773,1.4543994397901716,0.4165033395013264,-0.02456812903436188,1.4721270413674237,-0.6988587769710736,0.7262590015863668,-1.9703978762422405,-1.1246751134615962,-0.624736895814507,0.507302798055324,0.8933412924898063,1
-1.3168688739023995,-0.05268253635782625,-0.22508949517032786,1.4217810682214218,-1.553868307788589,0.4108350778641901,0.3034480946336638,0.6068685523129823,-0.12307541845819459,0.23351392844352187,0.38161896577319393,-0.24191695310255898,1.3737484327153,1.118199129153037,0.5959090741765422,-0.2923228748840491,1.1957101596048088,0.08857005875433273,0.4964137400331785,-0.2879357587456006,0.09291550017487515,-0.11708718259114331,-0.20125994634667044,-0.16129190886666317,-0.7788604154182608,-0.39811949101111405,1.5106811070964727,0.05883738820069424,0.2384029153991579,0.15016574575571914,0
-1.1449497592379396,0.3519367480284574,0.09578337036832742,-0.03461139654027215,0.6506659656701407,-0.15192117568649527,-0.11221617768080827,-0.1320277358368801,-0.011351060342205328,-0.5136994351317977,-0.21148038284616996,0.397541328968235,-0.5168500966970236,-0.0817030965118854,-0.5815573194608101,0.758728452772296,-0.4851702883111178,-0.5415971727565686,-0.8026525247709806,-1.0178468733457902,0.15348900993318168,0.014027649829703948,-0.621643522894187,0.052557420233905854,0.35043323259934406,0.5046629802947886,-0.2579807874847298,0.45026721789525015,0.5427834772532435,-1.6356966386487815,1
0.8552156608118879,-0.9372013396367327,0.35105753134762063,-0.535935899539719,-0.4301304482220926,0.07372154167245264,0.8234390967382565,-0.6449237024194161,-1.6665055121332204,0.5855851678771927,-0.10671573772320658,0.2630734813834203,-0.13615701259459975,-0.5739489034230079,-0.5140986526336322,-1.5169204946663237,-0.30514879437218057,-0.3658678481814908,-0.18706161173160432,0.012010904080243584,-2.821724423718323,2.817307004245307,-2.2132692874819604,0.4282818898073408,0.13842758157391363,0.4103335684615629,1.1441695529999771,-0.02417014263312209,0.6533021571383384,-1.184484273352308,1
0.8974678044500611,0.45487728747381384,-0.9187701907308186,-0.06256019078715555,0.9012147930240376,0.1185303832551211,0.17511927628153542,0.8446282157592709,-0.2231722035941544,-0.09634892643673444,0.6450287017689347,-0.5682004664195264,0.5790766699180921,0.7603695538227659,-0.10546439994515004,-0.4917320162778531,1.9195233077822895,0.9235932285946222,0.7103632187214689,-2.4253472606548114,1.1181220710493527,0.03092229404403753,-0.6329708575468875,-0.36545851895832593,0.49742689272270996,-0.7928907242749796,-0.5078800257718618,-0.3315528366003918,0.20453596754010547,1.7129683373545765,1
0.029640858428967277,-0.1274505565012659,0.55782733761311,-0.8404320520760244,0.9244729641256617,-0.45297932202772384,-0.9710728764315393,-0.730692510250125,0.1885432709113729,-1.311090135078151,-1.2111089359949754,1.6246607769131662,-1.2985391189192008,-0.21785929815522945,-1.582373778155864,-0.19105621587624064,-1.2365321562705225,-1.4159693607518349,-1.168943676555248,0.5761036350331863,0.9790940057920443,0.32802171715343004,-0.5273828454276941,-0.3193376923967767,-0.7278824059250515,1.4310817274466088,2.2725732199974953,1.5614487012627605,1.4388379978203,-1.6356966386487815,1
1.4940939900916175,-0.3977308658886065,-0.874895122324678,0.10188493110075364,-0.16094177225185088,0.22020599022698936,0.6924314206927864,2.235514769189599,-0.39978447494957703,0.4109532950978405,1.3186790356710956,-0.08114555155214398,0.25932813926775483,-1.3716394964102696,0.8342191675864448,0.24402731825876908,0.20112127815970246,0.19774308224388265,0.6500981462835157,0.4771920429306171,-0.07236373387354537,-0.2295904684780295,0.48950394517062784,0.43548006726010585,1.5655734811283073,-0.2922386969895513,-1.3251862032640858,0.3654972631805531,-0.2637558040170896,1.663620584753364,1
-0.15850957542273797,1.0826182875813921,-0.6564409801189945,0.5369983140972671,-1.064723592190761,-0.060521963405506946,0.0840078431632819,0.2648456273063628,-0.1660321327228734,-0.0931821317160023,1.021745456073712,-0.07885843544342098,0.40610744017635664,-0.39501144218571155,0.7788969193360963,-0.00687233549545229,1.525513114347855,0.4203902662148993,-0.1034666132138981,0.5196627959496468,-0.008104631498365456,0.008851748131979928,0.4493590871260609,-0.19719328389705246,0.04267997364732617,0.9191122091749149,-0.2181990428396543,-0.232738268865433,-0.08469566515210525,0.4364678746095356,0
0.7547091361793323,1.9177197908935704,-0.9855571564143794,0.19119264419440496,-1.5578978025410688,-0.24496798742477996,0.01618601563291283,0.08666430901786963,-0.16340670961470583,-0.2212736933033028,1.610880810336044,-0.25320030553274236,0.2858858593668806,-0.7376919057988526,0.672593602758016,-0.7468268915522017,0.1834209054984511,0.5933404668247961,0.5457371866935588,-0.15315197419888293,-0.6520676030693615,-0.14829114180950345,0.036430144458931356,0.2113532973203862,-0.07007194923952252,-0.4599387241001579,-0.3511701880320629,-0.20953607161843704,-0.2141580308035858,-1.2070071263929354,0
-0.3294786998001518,-0.6322393234084501,0.05100937405221645,0.5665798856821481,-0.7156431449651387,0.05249176356963701,0.5377680958217812,0.4554372771012042,0.07524767789808028,0.28691624522745984,0.6385506163185996,-1.1781294325707903,1.253326524019064,1.6691219169479663,0.7569671304377312,1.2261861676620933,0.7132830462716914,0.3828900024439773,-0.10011460060051917,-0.1299352017756212,-0.465465517084806,-0.28384683402445215,-0.7228992874502629,0.263579287065915,-1.273513801004096,0.5902769611624902,0.3018819152455153,-0.5895966328561704,-0.38545782224306513,0.8074268153461575,0
1.4056683552202356,-0.09207027943016187,-1.121509834772633,1.1315083643376092,-2.1302556722530324,-0.46985370281435795,0.47592207257033364,0.739356950254842,-0.18690949318768924,-0.4947814102229557,0.7735777132653116,-1.4311858565016378,-0.0037659320834798845,0.36557071770665595,0.3814399587665216,-0.010802151854375767,0.39143697275981154,0.4823237435375032,0.872210215204775,-0.8268911674215086,0.4564966462538027,0.05444145208337631,0.6270246951636274,0.766294936488848,-0.040760979986318766,-0.3317980545646541,-0.20273059968119972,-0.1860333804774835,0.29026152734082783,1.5154046572481792,0
-0.5541938256113131,0.8422977996770533,-0.5186284203952929,1.2819457707053898,-0.07763774731518053,-0.08815164629210137,0.6109879762529374,0.22390775464133325,-0.08423647488892648,1.1420895148338313,0.5100918544156571,-1.002367893914936,0.7711638461554425,-0.48264697254000294,0.5531038435824783,0.4634629751228867,0.3242715000041945,0.4574464148836864,0.0329943149615816,-0.7127204909675228,-0.24651937801388488,-0.10405807762676735,0.0019393458017001276,-0.02819581450626811,0.11935189700884326,0.408743650093055,-0.8112328793223184,-0.13022513253705797,-0.00757788637852222,0.4882599568828714,0
0.8606396586978181,-0.42591246131856436,-0.4569179112150219,0.2782046116441619,-0.6085229707920238,-0.18833930053013054,1.1684835253385237,0.2222901739678908,-0.6327959798916978,-0.23711275975766463,0.6582542030992073,-0.8211903724247896,0.5370750026582547,-0.9164290291990559,1.1981455324345407,-0.5282160791484831,0.07020116805458802,0.32150556207160147,2.6998242264609065,-0.7127831591717041,-0.7082739824656776,-0.8083896296534145,0.1560759025075159,-0.23850304307390754,0.5929817537999573,-1.283629721294844,-1.7139667478835874,-0.16545137858856518,-0.007349537183129398,1.3502447051807107,0
0.803783533078106,0.3181574212638056,0.43763232092054793,-0.4006296314729946,0.6945822087826893,2.7862274893069205,0.5576391480226645,0.8269481801080893,-0.2924644240269988,-0.6674505608996546,-0.10151992650191577,0.22339682521605483,-0.14061777667109876,-0.723909989688038,-0.9329267203067821,1.055109968275172,2.482312581318521,4.709648739690741,1.7483076087734506,-3.9380339046131034,-0.3041353681847823,0.1059008618979219,-0.9093768783288927,-0.40769796541602293,-1.7294431842133664,1.1118691259044806,0.5806334539196509,0.09663456981269161,0.7712360285105205,-1.6356966386487815,1
-0.161601274412002,-0.9082815656486367,-2.092729762582998,0.25370718029194145,-1.4551482116701913,0.2921318936993916,-0.7468181712982722,0.1029974544375137,-0.04120997146941607,-0.6773066493200143,1.3419471627222639,-0.2150053222154576,0.6696213816346124,0.8586058393726901,0.8624873836529913,-0.6130803306368945,0.721103226541795,0.5180555043322562,0.3106089508280604,-0.21455040342320358,-1.416933229793496,-0.4583253752218079,-1.2496642373094837,-0.8672179211101517,0.17235060926210494,-0.2949834790890034,-1.4729445036553035,0.5064207291705702,-0.641263857836876,1.2687701747845128,0
1.3028612349134907,0.006822663079991736,0.893551551010299,-1.0186083266851262,1.449025051381607,0.39133462582758977,-0.8099183126693383,-0.27370889052250763,0.21272258106800687,-1.3804363875717698,-0.7314006891355758,1.2992530981808177,-0.8658439678151941,0.7484571013274669,-1.5152070903800814,0.3303975501068231,-0.36264540663856937,-0.06895447610259527,0.7944520092583666,0.4469006953755762,0.670966320842784,0.12340428553571985,-0.47441986062738756,-0.0420267871778031,-1.8639781436849738,-0.08919135341707501,1.091079781730215,0.42801837884674304,0.16766719722839657,-1.2620133203160437,1
-1.844793054592837,0.9040538606660018,-0.5131313169704536,0.9340947390853507,-0.40674208412906193,-0.035427584077219715,0.2306957725784945,0.31093687820039906,-0.16803807700167037,2.078238007029148,0.3166158638425576,-0.20187623674391952,-0.1178230515738074,1.4002670212393393,1.5222397855020435,-0.7806352994194931,0.051685725747575566,1.0034542899386023,-0.23209940898480708,-0.4081223000882998,-0.21353012038343966,-0.17823524554364634,-0.17707741615612507,-0.039134439606179704,0.8961901407648509,0.3742108052317276,2.1167228462083028,-0.2979019326525874,-0.08609315196116354,0.49119555454118335,0
0.8164273611272186,0.26157492223482154,-0.1024075267597203,0.4597118402942478,-0.8263245637335517,0.5653468803712259,-0.18394386304020882,0.8469292444080486,-0.22463480825324617,0.33148657246637747,0.47861586039664217,-1.0471247892187192,1.0598273045887572,1.2289438914064241,0.7443434850057995,0.32314111053466077,0.15054961838783204,0.2794628447391188,0.2473762405583854,-0.21996076433940495,-0.059274895775895925,0.06294067104358923,1.4181360602701851,-0.17512244164453578,-0.02972005332608552,-1.1397690546827588,-0.44318355702202544,0.3825684455953842,0.5709398282808031,-1.2729287095207729,0
-1.2810509949539337,0.3519779293174644,-0.12687412036092946,0.014005020389288712,0.1185949574570792,-0.3743189970544209,-0.20361993952151333,-0.2510058287416078,0.011917218849974919,0.07062641939622337,-0.37530950917239214,0.3921406156524345,-0.5484098999498753,-0.644835476481979,-0.5994185142131063,1.8503384540653036,-0.5198192539691607,-0.5281020179801573,-0.5972112524726704,-0.541354880917684,0.21712714335106578,0.1499441231778921,0.29560527879168186,-0.09196444283204493,0.5189201384424379,0.4530040618790002,1.2791848256394607,0.4358630683882608,0.534657649891884,0.23088979860265904,1
-1.195047860677684,-0.5568759464567763,-0.15121965147530553,1.2740878923199077,0.3962701801436984,0.36912641474374197,0.6231897496461636,1.1330178106459794,-0.6635010276655251,0.4921073314427953,2.70958794122181,-0.2324806297211546,0.2775346909821379,-0.13159602988272456,0.2803563282394676,1.7720505004135438,-0.044429352342342535,0.44219219342461286,-0.2140322906136968,0.18274689086192478,-1.127889211323876,0.12772850280759812,0.25085329068385387,0.12697915068400029,1.2675641588291227,-0.8345827377300327,-0.1425819194726793,-2.095679849160664,0.5455516192477603,0.927512063533648,1
0.21853206261183777,-0.6943879177196747,1.0380265845087437,-1.1410139358030598,2.0185835512946544,-1.0893738039771317,-1.3707215049837673,-1.3886358270761212,0.6456908776303063,-1.4864794843828075,-1.666437457909591,1.9510739619093047,-2.018524974343023,-0.24127225264735047,-1.816545533416137,-0.24075982858963235,-1.9818915917142577,-2.034765716874731,-1.8442847107957527,1.662079396094863,1.1901234720739207,0.7798680606610529,0.9054393447889387,-0.12092794599666848,0.853377469139381,-0.7090602237150846,1.3261747186908814,2.0587107614972933,1.72029890216027,-0.2635406536232146,1
-1.151887550990156,-0.3470992726939399,-0.9040651395770923,1.9404158180194289,-0.42126271496551093,-0.04006042570845557,0.8357173552241277,1.08147128558654,-0.1523741558584212,0.3474540462474569,0.29974788707428646,-0.2696333791316447,1.1175512688613922,0.47974725106085686,0.44555079881374765,-0.7567230890817562,0.9865023655831777,0.09977291152974123,1.1216723068751981,-0.9563527286596321,0.9873530774240242,0.11308351062841553,0.629134182060085,0.7475864072733132,-0.06396285697037844,0.6132644499036434,-0.9613093382468869,-0.4361456159507267,-0.23636487599738984,1.554773913532836,0
1.4069985403761307,1.4030427379858634,-0.5491840757431246,-0.05046159267612959,-0.07112747892240354,0.39259799202246193,0.5131891063964941,0.38577480549098464,-0.12529097096491112,0.7922913648701593,0.5542066806049465,-0.2914275392053766,0.6567482109460694,-0.8368777876346563,0.35025042693922054,-0.25808551763531123,0.88830484959708,0.4804536933378569,1.5557147950878412,-0.5910749639290963,-0.09992915113647578,0.06378615666844129,0.9056384166577713,-0.2164131897194159,0.373607392146214,0.38438023298716795,-0.7002545458866766,-0.20528894324958175,-0.10099108155955917,1.0180245886528023,0
-1.7097662672376224,-0.8557692496084622,1.7535276190997056,-1.683758753934482,2.019688356550417,-0.8974300876719495,-1.698180311309716,-1.407140799021164,1.2374329877567267,-1.7213562189805025,-1.7308064356054689,2.3890553564888517,-1.8870905898289663,0.3588593129057966,-1.9675641325942712,-0.4456652974092037,-1.7439017420470815,-1.5133806170254178,-1.4505393083515088,0.6881958583151748,1.265197672421185,0.666693060697211,0.14329234832065466,0.49858189466373226,-1.955459460865947,-0.7298567641771061,1.3089889007230346,1.9193638644606312,1.4208096462031705,-1.184484273352308,1
-1.0203416295991894,1.1345442411468212,-0.9263418759212645,0.9688182725513844,-1.4984968624488493,-0.32319511307321164,0.4451658318018896,0.008981947013159488,-0.09206858984191081,-0.3598008724659558,1.485172862755316,-0.026096783009825646,0.20578051826688307,-0.7519104830600002,0.6472319356126011,0.5065867391172366,0.3242933132575303,0.6131982825416218,0.6759270276087671,-0.6426703769586114,-0.5408887552315399,-0.09437693841358864,0.2734192058677467,0.0012057299492916305,-0.040104955513321314,0.22186218406799388,-0.15762273751573938,-0.15412697245841256,-0.06507374210867925,-0.3610605206647753,0
-0.7591068861107538,-0.04301892802498186,-0.3920839147329133,1.8587998392905525,-1.6211458662001368,-0.004479018216401117,-0.08247371397408707,0.5267268313486149,-0.16943865523472187,-0.24448240364389429,0.5704605164150465,-1.148553334079545,0.21345584870078435,-0.2725154433370809,0.6483476797971482,0.39026523563343785,-0.060005049925192434,0.35844296587688435,1.4068173325721676,-1.440841270151754,-0.5304695015712497,-0.17431163748179287,-0.2568175828625767,-0.2575203161111561,0.8230735539831078,0.4060606728217648,2.1214687239135888,-0.2645551681804016,0.013687395738538178,0.36490264943246753,0
-0.14014521500944166,-1.0041659419825866,0.6203453418266855,0.04729733478671437,0.1406760416756308,-0.5371091871409597,1.4004909779224866,-0.8285941675072608,-1.8832934022371033,-0.537725396764906,-0.15619158192310623,-0.44327156359331316,3.9707984931096014,-0.24074540589880142,3.4235003122245273,-0.5294989255511905,0.7260464717084276,1.2450227770658506,0.6591020867834954,0.9497900321991474,1.0728599216845742,-2.2368806994575925,1.0316256842376714,1.0115082872049164,0.9707728144325338,-0.09592117450529072,-0.7878692932173355,-1.036323037982856,-0.6093902402634621,0.5925786177723458,0
0.5098505164286311,-0.14550579270712477,0.5283159021225595,-0.7224579860328183,1.3459073070900698,0.10698476577382142,0.5203223290994836,-0.17931829957171283,0.17482335914792846,-0.7889274786824378,-0.579116571703956,1.0529803787427172,-1.2270642855393104,0.9905625572387445,-0.9590413153151265,-0.9996491562426566,-0.6949100964305691,-0.44309383765279836,0.03284459705342182,1.1390924014257324,1.035867765592525,0.08541488176294187,-0.6721469232108809,0.2487747226930726,-1.1360296926762092,0.07683748600329741,0.9015941441659414,0.7739693021975302,0.5783272007960955,1.1744497660244495,1
-1.2246332205559352,0.750654315930743,-0.32260296894129903,-0.2995961749290935,0.05492114071717356,-0.6306806249937214,0.09928802240013661,-0.4278730127534494,0.17816166713616127,1.0528630222407422,-0.24873006421105712,0.6003615345066273,-0.2862540425445973,-1.3975460643276774,-0.25286337989139956,1.125670806876179,-0.9593758132665643,-0.5383567598962384,-0.4469718427810041,1.9307401617916435,0.06169811408598927,0.26475882388485905,1.447700906507357,0.6705361471628484,0.32928968649697615,-2.4446869803230626,-1.1700430094760124,0.3412248540394346,-0.18219250079650495,0.3562915828493416,1
-1.3589681779312708,0.9502408464506623,-0.01597769421854556,0.24203131747540363,0.4687009258641859,0.5316021640207351,-0.2378660908753047,0.5456471900639379,-0.20338528374192433,0.7181705543210031,0.29406173186616547,-0.04415966325120331,-0.536838732814044,0.4195230843315088,0.26122694526310464,-0.07291315383143289,1.6765498048693468,1.740458762518055,1.4146183070188254,-1.6648189531390276,-0.2888485742411612,-0.2570122275999096,-0.8328042020197483,-0.10110597500241587,0.05477095934458081,0.8088727731041809,-0.031029275563416118,-0.23869839550278002,0.06146405839372979,-0.7426156108405577,1
1.1740730787433342,-0.46423349310198203,-0.8399264854851571,0.9635718341592983,-1.2771966057892055,0.4916013149124519,1.2122786506881649,0.5538397768095591,-0.13431532762771112,1.0664444945137228,0.7583515351085836,-0.15102835053519012,0.37446066096498803,-1.1824078208932938,0.5465300658732015,1.4961876928413556,0.38004426666358676,0.3524548059051819,0.029183304968621628,-0.2967654856142494,-1.0461232959454658,-0.12093901343237463,0.9734056734951366,0.1564196261713278,-2.422576690832652,-0.8288422492003776,2.6581174509376737,-1.0302498932324502,-1.104434392908973,1.0280648032521644,0
1.2351204370778563,-0.4793826737697638,0.07608209738751034,-0.3356232890526012,0.3186650726451247,0.8110597778132715,-0.7003433717805797,-0.2080537926072407,-0.6189272021842177,-0.3673206887036106,-0.38459456986324764,0.0771804811652046,-0.14028107049174096,0.7892615435833092,-0.6197862745025998,1.1014158895450132,-0.03443335654519612,0.19959618282682168,0.5047926101946624,-0.18330220006919792,0.23935647323004153,-0.5091335240217514,0.8459205302209811,-0.19632366841795976,-0.5174887098510397,0.39118538034585565,-0.547607049736485,-0.05346320939717962,0.5060426470051473,-0.22208506253074062,1
-1.5002087325777762,-1.8863960229378112,1.7834878154981746,-2.1554941961362304,2.2922333245054136,-1.6518415332170922,-1.0366826918683376,-2.042005945688203,0.08759385065385164,-1.8967181740350694,-1.9106207140015403,2.146808382276808,-1.7051549199070584,0.7982218519390641,-1.653552438893666,-0.39266963762740725,-1.4636585755363603,-1.3430576019799796,-1.3980571012372849,0.31148774843226656,0.8494861806021707,-1.1963381534162063,0.9664387881947798,1.0966133333325825,-1.722625559454724,-0.2425303204556234,1.3385794430531703,2.793096097459558,-2.616706642336129,-1.184484273352308,1
0.8056640128619558,-0.0456150747153248,-0.6331419663641584,0.7765552878029863,-2.2467970125717853,0.5726215672483376,0.28673134129011796,0.42620447262850464,-0.10279741297425458,-0.056226448883025866,0.6775807407408633,-0.7040551100487704,0.3366706258786729,-0.21467340184166647,0.5780445102514433,-1.1760997122082024,1.9482251447093206,0.24731120094167172,-0.23542054293268883,0.38875661497818426,0.22996209494124525,-0.1660473229270906,-0.7351091863209381,0.1761326091872876,-2.0115449798615246,-0.9385911172863184,-1.723978173425674,0.17909817307238032,0.38700952589323045,0.6283266598387527,0
0.9287721117142276,1.7839255516582015,-0.4204490597552794,-0.045611636605916814,-0.5761639459480232,0.5437429540346979,0.21030128128475148,0.4839829983123538,-0.2189242706979876,0.7583944233181344,0.5933119001211524,-1.3713891617585754,1.1740925562035125,1.5490688008317923,0.7148554246004778,0.7120672919908523,0.4278225447147951,0.1801107458510249,0.3466095833222861,-0.1817692667844592,-0.20714176902328954,-0.0032553488333278845,0.7567415246336429,-0.09981353830064102,0.1906092491119692,0.5878368360748408,-0.17906124270364698,-0.22664994440623698,-0.192896780938541,-1.184484273352308,0
0.3844044992733257,-0.2664180199903841,0.6277183848420468,-0.954787885384344,1.470818607886318,-0.28046366167715137,-0.5470162428990392,-0.7399191432331768,0.261350559070211,-0.5762563298475812,-1.002947944308976,1.548103027383409,-1.3925132626084569,1.7707589051445092,-1.4743252169591683,-2.8530874516701927,-1.1863268219212122,-1.1212527460274795,-0.9715992551397296,-0.15272461770567,0.40859465944177226,0.28685805467050834,0.06854419200194056,-0.07430993902211183,-0.9562329001992116,-1.1428095214709257,0.015371084073235126,0.13654586523997142,-0.7049637035853351,-0.8789809880098016,1
-1.5564000184683267,-1.8579255371489194,1.5002375412650353,-1.9259540283454575,2.1711483997938537,-1.3297880810378597,-0.8545445156970923,-1.8707238346396546,-0.3069694950015779,-2.131183003005864,-2.0458883165376602,2.2320422065984453,-1.7752410965099756,0.39836214864110076,-1.7343360908506604,-0.3860582179038329,-1.513259957418371,-1.403657675886347,-1.4203341612931595,0.27501608872553146,0.962095684733864,-1.243880676556331,0.6441012959790817,-0.3412352362089325,-1.6315928589683955,1.5905440265955535,1.6373689230549648,3.0118574379301872,-2.222913504788855,-1.184484273352308,1
0.26296653081129356,-0.38165157038309183,0.5776962904190672,0.053344386119437454,1.1569614717071692,-0.12609746197035643,0.9698667600414927,-0.5584458562190122,-1.1277255519404499,-0.6977123808461322,-0.23841319623004278,0.2844947932891552,-0.9579636836218628,2.263393406789986,-0.09004027751803574,-0.5822843199036674,-0.8132235560345065,-0.7022737906348862,-0.7334209919011155,0.9718414128385934,1.758926178773001,-1.0203079279041258,1.0701158658248413,-0.07135600963112095,-0.40220892944474257,-1.2833081060005058,0.4673340018227395,0.39552251770949953,0.6428217931835503,0.12922831150758507,1
0.3868241403698796,-0.8944235283837745,0.9853689966150465,-1.1384626987285726,1.6677418496012846,-0.7180147326429354,-0.6570173955761345,-0.935285987647578,0.7626718032619846,-1.1681994359637202,-1.013175427290922,1.6177935043193605,-1.3794148744273862,2.5878014354517265,-1.2931103886961974,-0.30950088677420595,-1.0457744446467396,-1.00314771885873,-0.6326011128178927,0.9706900725883878,-0.009329549429579307,0.3741865699810783,0.16642385209879534,0.24375278688844934,-0.9619532160853518,-0.33890505945398747,0.8550062864755453,-0.5962790487322254,-1.7141727125361528,-1.6356966386487815,1
0.5502503204026522,1.4658318776941726,-1.2409681794217713,0.17750863316260848,-1.3575175018697587,-0.24115776268868713,0.23206714869903236,0.15628612827596647,-0.19894852280254713,0.329578988536789,1.2449202194491131,0.09451029676923754,-0.28590862534258776,1.9920234526547616,1.5128012408001046,-1.3879587046414867,0.332110684514837,0.7853861858307877,0.525894611437541,-0.0330189450775583,-0.08399241629669685,-0.3599590866104687,-1.4244091918874537,0.2555565186023348,-0.8590268601735379,-1.1259780323513195,-1.6438831186915224,-0.27302875781426184,-0.11793820732740892,1.3049556617733136,0
0.8676445308904461,0.23370737658127771,0.13164725217723863,-0.5081999406400931,0.7230807650059996,-0.06360137878863568,0.30377608960749974,-0.15506055002723762,0.1497127057070767,0.026143344648853133,-0.4682010674598098,0.5901066647980769,-0.5085956919178275,-1.556646541765437,-0.9648399420194304,-0.38328078441295554,-0.5099272153461943,0.278839881087058,1.223723993749078,1.5075425145382746,0.3893845354422237,0.15586561130982807,0.7197853514014914,0.08731593576072612,0.5547435452637121,-0.6130682273217077,0.09072776281276512,0.2706918327082907,0.1358150648415661,0.8124494532662548,1
-0.9211302823961726,0.10075596808550166,-0.4038845855056142,1.5645601004789849,-1.8072119472437158,0.1962560368625723,0.13338317275550615,0.49093370967764743,-0.18217169016091245,-0.2094585218796194,0.8809583145967912,-0.004295736487332627,0.7247514303894204,0.8885713609269945,0.4077841907423167,-0.5958375513762925,1.7840064717140478,0.26888902193238734,-0.25548718263831804,0.1505753947194738,0.23596315945318433,-0.12103161848298956,-0.16277913983682113,-0.0705659144425578,-0.0347767446700134,-0.353437547906269,-1.4741074090921367,-0.09272171768816426,-0.33469421030855584,-0.18576536327890644,0
1.2133955617256043,0.6340000928640198,0.2751204352677208,-0.6675664833149035,0.6519053861744227,0.24288236921349712,-0.30238031416018696,-0.041686861037395904,0.03900487970818306,-0.40649939298890253,-0.33122644284449315,0.7619202370993393,-0.336728017717467,0.007261676846068154,-0.8171930840961816,0.10737144877694119,-0.5350641718542334,0.06633025346504619,0.46028082527219877,1.5090662406595474,0.2545931260558717,0.06837347781741779,0.06459425529513749,0.12686460649339035,0.773000959264399,-0.7215170966160502,-0.5462406817754517,0.12091422696381239,-0.17170636528433433,-0.9331015262216634,1
1.4842654160655604,0.010141338571366279,0.006226106324976085,0.3442787869260989,-0.18083994370731765,0.41915976801231036,-0.0332148304465653,0.8363999005872872,-0.10410628108708588,0.062961028889142,0.5167513776877299,-1.556170968490196,0.39623015974290465,-0.920970697863217,1.2819847900284038,-0.3088316044042156,-0.0526467859323177,0.5859071809762739,0.15439133695325405,0.3834745017952338,-0.15260183821357792,-0.026451273755564487,0.4974590809402267,-0.1755995715374677,-0.056061644970691216,-0.028937018849001923,-0.7882368666228734,0.11433686062810736,0.2787281237822632,0.47993547027014977,0
-0.3710275602982961,-0.40335185689152964,0.025733335560810193,0.837864392962321,-1.4506284562409357,-0.09142975646923099,-0.2241594113430552,0.5460017981303564,-0.10225087049395054,1.3802629624983649,1.1157300584920387,-0.9097514832398488,0.39458873766809593,-0.7798727438983849,0.5639986356044558,0.7174420881765423,0.9014158095600309,0.24621936838958397,0.07983892897206896,-1.0122118937658036,0.29893280590751414,-0.22659386994562616,-0.4656278759077908,-0.07821125254345758,0.7751179271298801,-0.16815781311098052,1.439175334328586,0.1355517371694425,0.13299819978018426,0.5921137735360621,0
-1.0651354323871423,0.18241423871616852,-0.5910648046491677,0.3818517377069218,-3.3297540789842475,1.1962940566402027,1.9383698072302449,0.2814068480506733,-0.04900023614533757,-0.3361027238374779,1.786236930032576,-0.7420262968765148,0.035294406244614385,0.36855104778097414,0.3025338525011453,0.03336290690507207,0.43399018241185316,0.2569849822401399,0.43569327955118914,-0.6418511272133526,-0.03751390110496294,-0.3079318291183693,-0.7125118925649605,0.1673610221536836,1.9275971535935834,-1.667592895237838,-1.9617673184228144,-0.061686894809639986,-0.24930305845194028,-0.4557860418900709,0
0.21959361551635784,-1.6724677949019242,1.5082831519354305,-2.0181235200114367,1.475861394231947,-1.9773059593118012,-3.059315723886522,-1.7749174272492485,2.2407405394987308,-1.3159094850855382,-2.2148536986664036,1.7143463286392766,-1.8193522465217813,0.5463677315955389,-1.6063616190867318,-0.7789630109243845,-1.7576451618209434,-1.7081250139948367,-1.6413527495832796,0.979908223179443,-1.4999412440725914,1.0077951425359732,0.5297431370994716,-0.6978177779629376,0.8510134245164713,-0.23669186707148618,0.005311938800114329,-2.0177349607323416,-1.4280100144558476,0.9242248577253686,1
-0.9155094360598078,-1.9332352912695427,1.7425210691105424,-1.9015127483687988,1.8717599707361356,-2.2428402909480556,-1.3478091393989033,-2.056396857411646,1.9856538830160966,-2.4740967687790825,-2.0388952698433176,1.20079536936931,-1.4333267057499148,1.6195573347491894,-1.2092534482077675,0.3111883848372718,-1.7064492898600898,-1.9644326380863346,-2.121738120085481,1.9945897719467924,-1.640569709745368,0.37467882930088425,-1.0241046879820448,-1.9292262792239576,1.3784424384764709,-1.9680507621941095,-0.999086572140933,-1.7834226846977028,-1.9915339561786543,1.4485821905894127,1
0.7258439031454179,-0.4612146809429271,-0.4345723540576961,-0.3473928027086748,-0.8476057688068869,0.4023173095923372,0.045641832889461866,1.057551853444148,-0.7219916906474706,0.25369908147165504,0.700290049599117,-0.5096319332818091,0.7941147056571997,-0.8335753591041752,1.5166670222747953,-1.2893635037342266,0.4056058438538594,0.30345557875511897,0.3785716146983244,0.06977504394486193,-2.3900013530398447,0.7667150441469274,1.0112271424521349,1.4507515449362383,-0.4410946908157971,-1.1714498382774161,1.6027256517217032,1.2348845081745627,-0.38801414203255497,1.3401558332717742,0
0.6488250236335559,1.1961072429212178,-1.0476840713131275,0.32271677609119837,-0.8536655652187845,-0.03769900692223899,0.9832611165899489,0.18252972292332345,-0.05024102873565988,2.1247212783629297,0.3049217091532995,-0.844675679568325,1.4531150427963138,-0.06200500163638636,0.4730716283486014,0.45959470022176346,-0.1126295642727244,0.8015831166801887,-0.6125757582732533,-0.6385065089968909,-0.017238317301422845,-0.11926070989604884,-0.19841694608621827,0.2339162011968385,-1.6390645350705202,-1.2432827608198438,1.0027954607377392,-0.21185383068642494,-0.13395814573380285,1.2045465483703008,0
1.0920135298706364,-0.6508579124794633,-0.40482381489816777,-0.8031101647913209,0.5434940636610232,0.4360918171139864,-0.48782056331094875,0.04824582669658142,0.017850541489496632,-0.9376840018288233,-0.6714957803831119,0.7980922602781707,-0.6827349400276936,1.021270160549289,-0.8646656414772326,-0.6026195224466225,-0.9170250682041369,-0.8312456698545242,-0.47426485304515076,1.2253436024551005,0.15295376820910359,0.24997835572448504,1.194443357907992,1.8737197582087752,-0.22806183330053834,2.0033566019691094,0.027250723094939436,1.0656971301011235,-0.07601003804593161,1.3969701681192817,1
0.7751790497787875,1.724727595580101,-0.4634317083329342,0.05917951109451053,-0.44381343114487903,0.17756012695464088,-0.32259991359320517,0.46059077759844486,-0.2240874466944367,0.962650829475574,0.6218612653488507,-1.1515400524812327,0.554913886775383,-0.49904300451998096,1.0003669986625048,0.863589293769662,0.35280770647859105,0.28219382534506654,0.3415924274195918,-0.4011661134947361,-0.3912349557043869,0.007871316730774873,0.7718244347600309,-0.032350232435747035,-0.021854949691230013,0.2930797910763015,-0.18236230674778134,-0.2344402285109028,-0.20168630233786863,-1.184484273352308,0
1.1326671889896447,-0.47575317221841856,0.42445061646858095,-0.9788896736554095,0.5781417291444308,-1.088628568893707,0.40583251965165634,0.054943643253170756,0.286480834449191,-0.6250476291133727,-0.9581668358765162,0.9787593450648044,-0.7363345589118491,-0.6197046306126329,-0.9776210523136659,0.5001317320249058,-0.953726511705883,-0.47579718837680574,-0.23227099857256386,2.239629473260664,-0.44153238884173496,0.16932056821093616,0.32852551413335884,-0.011477283803695922,-0.48104435990168704,0.5651053438550844,0.0882015254044366,0.37924439210328714,-0.975071800749285,1.6829079538801974,1
-2.381005359788893,-0.45713256515405,0.1582253516264541,-0.02413857066282771,0.6974511469620307,0.02797931172260833,-0.39329126671133996,-0.19820016529151627,0.2023857014384263,-0.7902432207976084,-0.22035891276515493,0.6511760305425105,-0.36456513581255595,-0.4820624289379049,-0.5041642047047603,0.34213799128603556,-0.0864205985981325,-0.2145184318251626,0.2744226651719539,0.12991680835367395,0.018802155844503014,0.116145628036073,-0.09944737396370963,-0.44476652400341543,0.618890830166747,-0.011460264825372286,0.3966392804198211,0.07078211360859189,-0.36340798943887065,-1.6356966386487815,1
-1.967300639051034,0.982902696860858,0.4441847407945126,-0.5443408516052733,0.8773223969439923,2.6668328684955966,-0.3488331634720619,1.1069145522929127,-0.2577175558489523,-0.20247534140225174,-0.14333353107453986,0.31020634477836667,-0.6837900643412301,1.430202137917875,-0.7881850840353358,-0.3795903075395719,3.0936072274559985,4.978731788346191,3.6734342910197575,-2.8754865767136617,-0.09666714545319476,-0.25770242842369373,-0.6805181495750631,-0.6066954719968428,-2.550076343236025,2.5123413511727866,1.1657757291056017,-0.22346379294301766,0.20861909850757507,-1.184484273352308,1
1.2953813974345811,0.5772244692788692,0.4498266823909418,-0.7638598424136585,1.15958427628226,0.3185684714751111,-0.41689513359712443,-0.22726701761713278,0.019189920553759413,-1.0263462606569564,-0.6276457817605103,1.1050994048197738,-0.7779196462804066,0.572027888728887,-1.337909300894759,-1.194177686458367,-0.39390121928872857,-0.5697751588109642,-0.2669097747646606,-0.9391063097053506,0.4362989848127543,0.04135584672663661,-0.8748019392738293,-0.03901169877750865,-1.5976558861454395,0.29437726040912193,-0.11705573296960116,0.7690732742855635,0.7861447577661672,-0.3795322450430518,1
-0.4895774587163431,1.1411452234453732,-0.6257618384998238,0.7200889681666888,-0.9578905528277563,-0.1708890958530108,-0.18694446633878972,0.23525615216181897,-0.18209443336809836,0.11720315036480462,0.9340151643198985,-0.8582564383354523,0.06851534298595198,-0.9097778805227927,0.6964376566950057,0.8633258947360873,1.3658234542720453,0.5512823901880229,-0.3379969987601363,0.21821056911200268,-0.13076337658114046,-0.04172845756262841,0.1710023793350654,-0.05408065533521881,0.7392799505513608,0.65700073941268,-0.41199814085713227,-0.21536484144541823,-0.061717805020355246,-0.9331015262216634,0
-0.11286078151908059,0.8936264883976588,-0.029750483493705876,0.056520438241654626,0.18469582290904868,0.601355253564501,-0.21438148430542214,0.543077456694425,-0.16995277003546197,0.42592947528450076,-0.0704736442142163,0.044628322799492755,0.6696849582496905,0.331453813521269,-0.6252818917795991,0.2504315104158549,0.9628640201408857,2.809734169484006,1.0999155179890545,-1.3327505842601732,-0.12877480310879375,-0.2433083946778629,-0.646752530641034,-0.1265165354036874,0.0216060715137059,0.9796916065531284,-0.7015336724849133,-0.10150915355289206,0.17090775777707679,-1.184484273352308,1
1.4811956274886595,-0.13282646529283187,0.27020809347624525,-0.35395803016711447,0.13387406357860202,0.44436669211290125,-0.707184479384815,0.39102661256238774,-0.07915356290554422,-0.39839740917351585,-0.16000175448162135,-0.14649054218397112,-0.27787050400800634,0.09709569672141782,-0.3717800532805726,0.419315504611062,-0.36123635694687034,-0.007188440036336567,0.014003833320709267,0.2159001579619388,0.08118838417281164,0.09871402396909942,0.6357967429721492,0.08022175062575129,-0.4724369710761035,-0.959068200136254,-1.0487695259929322,0.5872388834976002,0.8222947902194301,0.4870802576934919,1
1.3965783619171184,1.7810494843502478,-0.2068359793526701,-0.417717004816049,-0.3800731400340985,1.056736844195008,-0.5830680973618916,0.8414274856683434,-0.27487640776292677,0.5294885719487413,0.2496332650053167,-0.6808140357104726,0.4354224607862591,-0.46058805084706067,0.12355455202952652,0.26218990561106525,0.22102672134626503,1.220786008816518,0.7530965014711934,-0.396197006045644,-0.3143921371695984,-0.02619716325391847,0.6199274546481217,-0.25373645916127757,0.9122118199715958,1.4552562563787834,-0.4426724859155878,-0.2400204084955368,-0.13378811293547332,-1.184484273352308,1
0.21851275980361695,-0.7244279189810925,1.0916980900460898,-1.1519469134456255,1.6314829738805623,-0.9006048249585057,-1.7909656372181828,-1.1121841957032665,0.44777121698036987,-1.619380460050215,-1.770580845460316,1.9182503238098685,-2.02672830089785,-0.8289329420007515,-1.7889212409000208,-2.018530773890947,-1.9488598168312858,-2.1224872632144325,-2.0593450675142884,-0.07828572211930569,0.9656267431697971,0.6666839014405379,0.010185270740996755,-0.09027478706056155,0.7644258632027124,0.4410141685400524,0.2322531648789574,2.344564028188242,2.039995444935687,0.7835126217339909,1
0.11818695836474143,-0.7303576883799686,0.3427413572133678,-0.6853651460845711,0.555182509643277,-0.02321110042792892,-0.7087672224667655,-0.3384710225189136,-0.3638266304700461,-0.1515589599984412,-0.4742856990940674,0.9404174317559781,-0.9726968280808767,0.0822005423882653,-1.2746288652238547,2.9183809770705227,-1.1311810351072742,-0.7355175497758898,-0.567857676067004,1.925294075891955,-0.2820703492908521,0.5491239575615974,0.7033909145880086,0.02975893672676245,1.6167106008291008,-1.2801622313563097,0.012278979093474595,-1.1331794939272268,3.8350157546033214,-1.130297265965729,1
-1.9512982819691613,-0.2977121290136478,0.5065222589315082,-0.5180790210618658,0.2511775474502086,-0.24119259723782657,-0.6916725958750873,-0.37797447276453733,0.23502102596564464,-0.16900485642979698,-0.905708264630017,1.236902830364788,-1.0645081387656523,1.3355726369546939,-0.8631389238647663,-0.5068694233023844,-0.5161219295516181,-0.5280387398227308,-0.030838993197028954,0.07880232796364438,0.20264545108539195,0.10994174258936024,-0.5487415700174589,-0.10325796278650953,-0.7606613150744386,0.11115418981970723,0.6874115837799064,0.07407693121262797,0.1803765164161618,-1.184484273352308,1
1.143878352306092,-0.15841332962522112,-0.15884693532329242,0.40807915845845016,-0.6463769190321194,0.8420515300306005,-0.012434374876347985,0.7549995290939684,-0.05132610000932905,0.02444852349789839,0.3343554613337287,-0.7506404019498389,0.46961610826313427,-1.988633409726242,1.5280690302772666,-1.5395930955289274,0.388790859719028,0.28336226780033813,0.5060077363334957,-0.5957556876638112,-0.4771956122522212,-0.007754055501777306,0.2411128797833,-0.39948697568200153,-0.7867959604452893,0.6823670963234835,-1.3013004107881039,-0.243720679386992,-0.11060667260072517,-0.3520681925168367,0
1.0273632769962597,1.7835294531626846,-0.4889001575677818,-0.0009489259068969017,-0.5240166353422971,0.3525210850140057,0.09955347326113843,0.44287784318414936,-0.19580595181931476,0.958815658165556,0.65129334218042,-1.940915857386167,0.4192973236929779,-0.4911830469725752,0.8637479391325001,0.15204718284985386,0.578989887321557,0.25126675644716495,0.03494562581015982,0.22824585892405566,-0.3483079001116343,-0.2525582276167136,-0.8900119539147073,0.17428547117541773,-1.6984434890543443,-0.3590263197764036,0.5698171561607818,-0.2918277005382976,-0.22620116747024435,-0.9774336341408756,0
1.3264219304966913,-0.17753492484176464,0.10003379252321257,0.2621603768240753,-0.9380570377353274,0.14857138660556957,-0.2955758604386852,0.5161461589924747,0.002815852433823905,0.3582591198565713,0.5001420347364862,-1.2404192593229864,1.4744510907602424,1.1656144169067202,0.8741255299013534,-0.5796636033242615,0.46135080506930026,0.3876183795160111,-0.16669931693925863,-0.3471999363916287,-0.03567368083158384,-0.18886764947528506,-0.5565952291506244,0.12993502244679053,0.10058352406688123,-0.5292171050849741,0.3339282483831633,0.014964851813797322,0.10546397580156422,-1.2202802254009488,0
-0.6219450997306812,-0.31283701629556726,-0.037930587459385816,0.12618353063435467,0.21563075190059927,-0.5216543534571715,-0.053346784917825005,-0.1625582449405676,0.06375492873442692,-0.20176572441642016,-0.20466396793616726,-0.024217668275066623,-0.6459810531634188,-1.0799794636846662,-0.24919396368052996,2.277326562297883,-0.6802493491465509,-0.6313276035708643,-0.4975396556382613,1.3525112539557391,-0.019824889212364152,0.1796437201744583,0.6486304151325364,0.2810307884506216,0.7692883293014707,-0.48239893779344034,1.6105854281117167,0.22221260803538423,0.13872574576369068,0.9583802202136772,1
1.1943258575938007,1.4471791921101667,-0.7364064056038461,-0.154747929704735,-0.3527396965946073,1.4419930363412012,2.3556120713107025,0.1903961206927855,0.09845918900957933,1.2170718589175566,0.6241851961499536,-1.0826052460714228,1.0082864002653,-0.29180955235526657,0.6008372220231877,-0.9246270048087657,0.04233250587989131,0.41350421405661025,0.12079473737115339,-0.44509172246516127,-0.1538168677746171,0.028785107502329262,0.9521003876295091,-0.16455244621698342,1.580639732653194,0.6852642974790406,-0.48226882348218997,-0.1625151171900021,-0.16670293414671164,0.8701599026638849,0
1.026835207777138,1.2952808303268477,-0.6776012001082415,-0.3568254880296769,-0.4010647429304801,0.6467766594187521,-0.08486560073881938,0.7799365285460081,-0.23840464445487533,0.5583026552448589,0.45046213220974024,-1.3263010205641326,0.11514268159862448,-1.2583817018578463,0.5309340456828286,0.7321232220826532,0.6561236034830206,0.647556039949917,0.49652113581437396,-0.29434514605418016,0.2272940643921387,-0.04562626419356202,-0.32923357969823724,-0.26818869495825254,-0.10610369228842613,0.20140127692679988,1.2347879781714388,-0.3785514421458444,-0.09714625399823983,1.3558898037804017,0
0.9152220710721165,1.65046487457259,-0.3794127961719102,-0.03147253576764119,-0.05517430282132269,0.4297878260663174,-0.1858059894015094,0.6492479291827699,-0.2412086786660437,0.5748211129818278,0.719329532257089,-1.270090011452777,0.8291282042747711,-0.12141417676000164,0.9558307119700877,-0.5369521396232392,0.07472616407598763,0.3847729442951943,-0.07324414003566214,-0.38048752623298204,-0.36292682368491763,-0.07045477954918494,0.2700025641221602,-0.058267366153232386,-0.15331066971546134,0.6594030680202608,-1.0554701443174868,-0.2316131170059455,-0.20120039444661839,0.2994702059507537,0
0.825737391794632,1.781046639804769,-0.6578866258315503,0.10041751050138525,-0.6587360171815034,0.03611520893544754,-0.05118439417970898,0.35011352507214355,-0.23282728041938427,0.32371218169976945,0.9067868407542391,-1.3002798965572813,1.3588637319945749,1.3935627804008857,0.518255662499757,-0.7688488166949627,-0.4629528437554022,0.5007669631212996,0.8736555609904388,-0.8096058141483565,-0.6882411985646463,-0.17030666547533596,0.2773962964687384,-0.011735120001698362,0.05830943578113813,0.39988517653367134,-0.09321849172178849,-0.1831516469001985,-0.18905131298715208,-0.11037976189490376,0
-0.950421735914778,-0.5040101681271608,-1.038642722792633,1.5881542075806814,-0.389158020878854,2.253999960301316,-0.9416760046124603,0.22379102510160484,-0.09082282750592617,-0.0023530821719103686,0.47383912581544035,-0.1938069763422926,0.8775644955105704,-0.6691033476587418,1.1658519433593073,-0.35602108952132455,0.6382618218113363,0.20206441298601838,0.4125851599567035,-0.2740974531056272,0.40132261471589065,-0.12275080753258324,-1.0412945591886404,0.19121221886249143,-0.19275193368608942,0.8458043401160055,-1.6993576247648035,-0.2968411931363263,0.11506653715515147,-1.6356966386487815,0
-1.1027755661464989,0.4966507203883517,0.046393449095711095,-0.13165503223252253,0.5006446327548668,0.30526584945487784,0.4836813177488247,0.012993909304225915,-0.015818748341393605,-0.5003033455082473,-0.06558945406422508,0.5187738687397224,-0.21288905510531145,0.6485602398597647,-0.5663024525603984,0.16528360971992923,0.05131077875705335,-0.2806464292603854,0.06458508372099876,-0.8147098845503951,0.18983752953435146,0.05824599836915834,0.03703343403410001,-0.30651517218563845,-1.7379170066782634,1.1903153372441975,0.5247186334584952,0.25531801521603464,0.3825455659209805,0.13077337842579717,1
-1.0288048039126187,0.07775977085788494,-1.6152569486612947,0.6725183051174419,-0.272290027116265,-0.2688429561982267,1.0533937713554486,0.41308227616618604,-0.06658330052048424,1.053514888872059,0.3705008946911053,0.007848353173305803,1.6006077250654407,-0.45459046708578443,0.6335670768622412,-0.4262494758184765,0.23602945343745357,0.6178723078140991,-0.16573778363429817,-0.43424079382114583,1.134789285401876,0.031236061018309797,-0.5036917415732706,-0.4737663326652557,-0.3660066792920302,-0.5482907280641135,1.7500983493082412,-0.35469179423537583,0.15916068965507482,1.7153957891690788,0
1.2798072781180838,-0.9212680236240086,0.48164927968802174,-0.6548616009236533,0.21821710824858068,-0.8327651660273947,0.09978625678022134,-0.2620949984834173,0.2510854540803348,-0.8231969223133675,-0.06237032285624223,0.22946707479282663,-0.509946581058874,-1.3216141611531753,0.07824043048523997,-1.1333421401311565,-0.10802879648055243,-0.707465650579606,-0.8347107598333265,-0.19572934887059126,-1.9893214176586536,0.3658827711561901,-0.927392895347735,0.7207553180346116,0.10803392232521355,-0.6466092594558654,3.514706650750104,-1.605894153653903,-0.24546004508934496,1.2933235953984328,1
-0.5785427208867934,-1.1866175905582064,0.4255929056426058,-1.0939665176062094,0.9833997031628874,-0.9728987166319912,-0.09499093733575854,-1.0254030560814233,0.029100243882240976,-1.1047819863884152,-1.258095649363177,1.296667269965375,-1.2139837787470737,-1.438041789976728,-1.219724792821281,0.07811980543045469,-1.3738191905395154,-1.3891451553420882,-1.2913716577219734,1.5081240438130705,-0.2270191907417055,-0.22291449321220744,0.5248164040948701,0.7355366294371443,-0.9877525032206834,0.23350699403693706,-0.21179337735703663,1.2210228223567894,0.11889817754421596,1.0229270471386869,1
1.0326759315169516,-0.2263062353252925,0.15714590175402127,-0.5758591155989738,-0.08382645174410937,0.21649057142672648,0.1772060361079272,-0.21860731434730096,0.17410460836025654,-0.6971952129605085,-0.5876091877878418,0.3074477081068375,-0.8093735049970296,-1.099312515903933,-0.42133580400654286,0.3521560303568655,-1.236375456203074,-0.877132466324153,-1.4263386511611467,-0.0808295228396263,0.13908715814617714,0.36992341241751314,1.3157693420000527,-0.27743002556969754,-0.5932140167138923,0.377263233826855,1.6828500340347976,0.5349881541390321,0.3190917333642023,-1.6290214395317704,1
-0.913579517791062,-0.15888608200209703,-0.027302097209423358,0.42791386692373196,0.31918688958247826,-0.1734616514355286,0.48558538984775934,-0.12667070139937364,0.024525999025217685,-0.13901635321205696,-0.32324914257136106,0.7334531807178759,-0.26407194791339145,0.2421853181313284,-0.6489821825067162,-0.6852978789265667,-0.8250780028683641,-0.5081330551575078,-0.5611154555174225,0.9010726115375489,0.5192097958392823,0.1286838681818531,0.5388408514366991,-0.1573841765484443,0.24026770628242008,-0.03229715690359304,-0.35472916671426064,0.36078058565676446,0.0540282005128309,0.4817324706068155,1
1.2520566786954583,-1.0967407619945673,0.6516057013591596,-0.8243678779639858,0.09408218014378153,-0.5099405225055835,-0.6965463934347007,-0.43064211620934245,0.003144831837308903,-0.28855586803200706,-0.6584758565895682,0.6964201895446875,-0.8880395503478461,0.12474139239851752,-1.1338383294903571,0.7715467873887201,-0.8137307582375419,-0.8311718168084872,-0.767316149757404,-0.014199916335679965,-1.0634063504175189,0.5391256080630576,-0.03142630895715664,0.22813861953755818,1.6343156831303827,0.01835060950255702,0.34926124904459005,-1.7984019038151426,2.9656726802936193,0.6591185892634484,1
1.3978613144363163,-0.0372846955650344,0.935376239830485,-1.0488794106520525,1.534578202991415,0.13831959474745797,-1.2907724804339336,-0.3505885737927225,0.20622110559529216,-1.336631459661855,-0.855311779831648,0.9970610272094159,-1.097195675277991,-0.07344482796944964,-1.584187404835262,1.144190016239185,-0.579644936571064,-0.22169631641779053,0.17276782678128308,0.30784843245222104,0.6828147322983847,0.14390482763517445,-0.5983680966923484,-0.0023623753507531725,-1.2899686873204006,-0.09180680783165877,1.100339903781096,0.5618892704718413,0.30055454385130076,-1.2620133203160437,1
-0.06695741322585057,0.976805431846248,-0.6095887531190671,0.9611428526737812,-1.1221477963785877,-0.1434431704912962,0.28148425898333723,0.19872343844045257,-0.10277062187316878,1.7592861654135026,0.28524134151283076,-0.16380922954498314,1.3378758753154387,-0.7249113281674219,0.7468641128048441,0.6638422644361947,0.3611307439544395,0.2913570428238818,1.0040243817810883,0.5517700019903732,-0.257907383604287,-0.09055994516377444,0.12257896895375413,-0.10567782046791356,-0.0012625057017635803,0.7019954142228164,-1.5103315973819982,-0.12475606222903164,-0.044911805654080275,-1.184484273352308,0
-0.5945073431534952,0.7136761784596839,-0.6697600702064078,0.5948731485583609,-0.5926478750965876,-0.06873885213394533,-0.056791426209237564,0.4638887762953628,-0.1866774114629089,0.4073956882431346,0.5649370014689665,0.15442534720347073,1.4492549020484933,0.2105964832081234,0.9148180381077665,0.33684682199991933,0.6553880518366384,0.29315021176293915,0.32456890216506024,-0.06521342664616687,0.2240799377105397,-0.011455266254082445,0.07238235087844531,-0.2199751574683993,1.288552571934336,0.31849653632429176,2.067381091731446,-0.3394070262617044,-0.03344020205893671,1.1982961852763596,0
-0.9860302588826823,0.9539464404527433,-0.32564114222914564,0.653453520520925,-0.14465292555075565,0.13066579873639067,-0.08657004219442072,0.5088777347837715,-0.20876014948585844,0.37756859721991365,0.601207400950501,-0.7360330493337205,1.0041172135163707,0.6914010393887543,0.7922649745354801,0.8566184094279312,0.4388182921562244,0.2934075985929126,0.14494042004620547,-0.5390704650640786,-0.1563398317941343,-0.07328138180680806,0.08990588165079204,-0.15007726812471,0.8214521498150678,1.0672464014107208,-0.7035972340826111,-0.19932556231378007,-0.03309067461153194,0.33526562961862916,0
1.0483531992222617,0.04809425450903544,-0.7210834757800031,-0.11326789200027376,-0.7115189569371227,1.3111973382396305,-0.395717082411196,0.3843386646795466,-0.36520905749531324,0.9699599956737154,0.7048362522162935,-0.4322368456368679,0.5667469638415725,-2.0232893868663435,1.3487428647299096,-0.7612495040167614,-0.0018268353750110413,0.36310298903015553,0.8936938505541301,0.1771303877545741,-1.1389306045185517,0.44411879402093196,2.2051111879084537,0.1431880513889057,1.6029869631821287,-1.2921538006269329,-0.4073724889319427,0.18192543344881124,-0.021127876438717733,-1.2915843750724745,1
0.21694901321014987,-0.6379369858518736,0.7907803285636731,-1.0640091087042987,0.8101584957181784,-0.9781346375053215,-2.373774306393262,-1.2140664006470476,0.3575359759127235,-0.8413362159297744,-1.9678055162123655,2.071137749669915,-1.9861926265724377,-0.6076095379870562,-1.7970518834920224,0.29912006948563147,-2.0690035422773847,-2.1195279903040705,-1.9156438329806018,1.4564908743835683,1.3181404002964032,0.7065108830169179,0.5115575507422145,-0.3264555366633634,0.8817674773055539,0.8680043514954938,-0.8528313150587218,2.758150804331685,2.152454265614309,-1.184484273352308,1
-0.809853287057936,0.06980741737269956,-0.05728111671170492,1.36703153161016,-0.5832658375617604,0.2710093302370889,-0.10197143132486357,0.6854329130159904,-0.1728487380005328,0.15928340215620018,0.4031397339603464,-0.6081491581729669,0.8603301380234001,0.953158407204831,0.3930265868680503,0.8018402606812933,0.6533839396343271,0.4219049367817723,0.13718301359699575,-0.2885103988502931,0.05270375783163233,-0.2036191570971131,-0.6112487263917885,-0.0611248173463844,0.6955367701018791,-0.2789493283827338,0.17216390666257023,0.060216336895017375,0.11412571325716137,-1.2202802254009488,0
-1.9394971015769442,0.7040443512357479,0.7155358983259466,-0.9570058154354681,1.4584543616579804,0.7150712023861556,-1.2761926827871979,0.01722276489592473,-0.0143396297457145,-0.6358140088569955,-0.47591877216796435,1.4446751457227136,-1.0616056394800106,0.7716892219815682,-1.172956427800866,-0.6534022827762631,-0.06218488834551671,1.1070492158157583,2.0303654459916167,-0.2828882009267502,0.3641419267427688,0.059550455120410815,0.06860134200987159,0.19209360283352922,-0.43591192583030064,-1.46171888586055,0.9121106528992718,0.5032644683270429,0.2120107716267803,-1.184484273352308,1
0.8739116272818057,0.6333601288407834,0.24950004297267508,-0.6714016272960286,0.6551552957082152,0.19431373520147038,-0.32235880077666634,-0.060541989371627886,0.05778032391138571,-0.3246044804292595,-0.32275742602811636,0.6992169518130728,-0.48084130189405233,-1.2291532005190693,-0.7796383828311091,0.25681817411205926,-0.5199198749535321,0.08290578399872386,0.5848030194348024,1.5149161564052551,0.17341596729773617,0.0623482680854112,-0.03585289416941107,0.1417395542797296,0.6980785816208895,-0.7824396716462181,-0.5364554125304475,0.11100542953580861,-0.17720129399519233,-0.9331015262216634,1
-1.8016253069645856,0.7473719021565974,0.7415319010908783,-0.9697284032654087,1.467966219193545,0.8004985304432074,-1.3862290645462028,0.052276509523162006,-0.058290436227481354,-0.5794641567527828,-0.5153542325531174,1.0210646031837696,-1.0997792467582086,1.6770111460050947,-1.216807185265336,-0.08217943857282188,-0.11898381058993142,1.1646521707867588,1.4401271754833855,-0.45389678377408654,0.41423757982461235,0.035844601118451384,-0.016125847410931732,0.16357530592371633,-0.7479744316606098,-1.3420707701418206,0.9720014969116544,0.5148548838956263,0.23101249289419964,-1.184484273352308,1
0.9677238725759142,0.3223980578459927,-0.13498414860534347,-0.596579971866159,0.4567357690312555,-0.37186847718226085,-0.14765740530385418,0.12766380914833897,-0.013336565709878394,-0.12354818504987343,-0.38699386017140025,0.3011097948758213,-0.38820219900789554,0.7223010703905584,-0.6845765037858504,1.996404338620959,-0.5965599379870974,-0.11604135244117977,0.13968370599360844,1.2588415907022714,0.9904808555633055,0.26912870871954875,0.9734026371477223,0.9530122508241167,1.8990119730872637,-0.7317994647790411,0.42749391839231726,-0.019604308991648636,-0.1422488024046838,1.4270481381569087,1
1.212431555817765,-0.7940961056889662,0.00788701119617124,-0.48113699244798075,0.4190204999878752,0.1932692264774248,-0.7743766266634003,-0.26222411769610104,-0.3360747302750672,1.1312015962238766,-0.3251575128788574,0.6913174154675945,-1.091944196511155,-1.6713294075012093,-1.444196531270224,-1.3298975303817737,-1.207752464671214,-1.0717948108271773,-1.188637296319081,0.3365190144835349,-0.30226410314351315,-0.15372384260742802,-0.8475273474381748,-0.6261455825394336,-0.6326271988523087,0.006611767558225777,-2.6571369801300135,-1.6499057537831563,1.4238865246063528,-1.15375509890507,1
0.8751817745540424,-0.2512704910334716,0.3389488384344467,-0.7887872063941096,0.5831377217245315,0.7481803361675401,-1.4313687637768298,0.01011500175814462,-0.10040478324727405,-0.26783499955574064,-0.7881879203417711,0.6729392464397985,-0.8779898948626239,-1.127906775446403,-1.4086695070104873,0.2741982564625006,-0.4897033493525521,0.02263741678814474,0.3670032361386832,-0.06679387157313595,-0.07433625039575667,-0.03466027084511914,-0.4148304756195182,0.30332518757911436,-1.2995236909211731,0.06884818793994428,-1.057054323290019,-0.14774085984442786,-0.5492252428267815,-1.184484273352308,1
1.3811834022783593,0.04355633763911913,0.47346234997872644,-0.34054193937759086,1.1234143772078227,0.667581812019844,0.1818024964898799,0.27767836251307576,-0.0022370492294282026,-0.9651273543762361,-0.08817423421102218,-0.19655621753532684,-0.4872856124323688,0.3069003825123585,-0.7861941629051252,0.2885861970004911,-0.03749301762032305,0.5560721439342623,0.5941388672425628,0.74933610044597,0.3797822881339656,-0.05313475017927432,-0.5415532324527678,-0.2298143686152203,-1.7215136003020235,0.4157439161601409,1.120512285410608,0.03975778628906919,0.15373606451895175,0.548829457885869,1
1.2380036790479954,1.8954896142582949,-0.6534292617908862,0.003022894697074912,-1.1465915760857996,0.16251054608309656,-0.05556949147608005,0.3478091148645689,-0.22963996340966214,0.10773700676749313,0.9815545514184268,-0.9996175438410397,0.5983403786244885,1.0338695427791489,0.5395182212854218,-0.40454341404483396,0.8860635922785149,0.5326638607007814,-0.5941379309831252,0.48054978665695286,-0.0751700729847633,-0.08539275259189928,0.04330330286368238,0.15896787411328733,1.4301296822245706,0.004379505242455202,-0.6522864822633245,-0.2524024553177523,-0.1944415089389632,-0.26585041177584934,0
-0.9193225178762743,-1.831906050258475,1.6323261958541295,-1.7415773702320876,1.0924048578794852,-2.019728685708792,-2.3788520001266877,-1.8498078336739618,2.5908037513450974,-2.0294660572235776,-2.1624052232836037,1.3731814049839155,-1.5093856609864935,1.3041757678947263,-1.5241775606536314,-0.12907361045136267,-1.6571849569747494,-1.997825294493298,-1.9865088915425773,0.6932690501153403,-1.1062756125158284,0.8552262878209755,-0.7858883012969768,-0.20153920742656117,0.84787812572502,1.060788482952905,0.1447314478508581,-1.3114061180358074,-1.4046030490640493,0.41297067262833326,1
0.21994098952301033,-1.464801763711738,1.2789785816828068,-1.6527388613203426,1.2864412852997855,-1.6223424634620103,-2.547963669339268,-1.869382484321519,0.8799392845446371,-1.3224148813958037,-2.0908615849340255,1.7097697415558923,-1.836698876575831,0.20292440525029073,-1.4437515817866085,-0.13427069178782064,-1.88179963441567,-1.9595510907625995,-1.85992338912534,1.4148614255821137,0.005448135648721457,0.4924208689739541,0.972037938997967,-0.6283806060469427,1.1574593036143512,-2.194160501218588,-0.840317778572883,-0.6546393154870118,0.1262107763790795,-1.184484273352308,1
1.0567053769112293,-0.8767102657275588,-1.5771404597213636,-0.5978420396065071,0.29373811075994455,-0.3982025147579353,0.7894817419005659,-0.3730487978674948,0.33187745790161266,-0.12820455725683333,-0.7044668889108385,0.5758809882383884,-0.5978209036045198,-0.3708108212791126,-0.5148071795897304,-0.0585843246543563,-1.019247009600855,-0.938188198208484,-1.0664733033163387,0.26895469420753276,0.17318958506625728,0.3552434090771367,0.9635794248546969,-0.7305389275930685,-2.384970822672393,-0.3637832643195694,0.19686876602795284,1.3238490874080087,-1.784399587185142,1.6380091293199255,1
1.4127061447666034,-0.76038393338492,-1.639265764934559,-0.7176013411725163,-0.35983559282217586,-2.397529525052546,4.000701752205423,11.428808695998669,-0.738207978082361,0.36414739412717145,-0.25741781442012657,-1.1411734358330188,0.16780186818781645,0.3475872654466657,0.4667918885393257,0.1622192520570663,2.4599178114617004,0.1693688900207417,-0.07923507405688897,-0.16841345848487582,-4.048835327880282,-0.9099104961195165,-0.7705315851838563,-1.160792330855489,0.6649211657051481,-2.1108717365266343,0.2554046585362869,4.506286378173902,-3.719009749780504,2.2640437989914703,0
0.9402970810991973,1.6744959072930101,-0.6800083304100706,-0.08149591047982248,-0.3614568715940862,0.2082646875206546,0.11473560124917892,0.43401301923229435,-0.18843370992687258,0.02562290623348043,1.2816333004555271,-0.7562462745640264,0.3542909032966526,-1.7326691499754245,1.2548798564908425,-1.078885652503112,-0.28452172157078454,0.3590071300607439,1.8434153956202513,-0.5986125807853735,-0.7843613760737066,-0.21605756329342365,-0.4144092197512851,-0.057738046593075965,-1.0142901082819151,0.40573524186774457,-1.0404012354944652,-0.23393935712048178,-0.21309465428205537,0.7351897270516985,0
-0.4341206502535197,-0.31168943545742295,0.4726648564928887,-0.24007053360169506,0.5471037947686226,0.05349631257836993,-0.2745248688792855,-0.08899913718493184,0.10148541954299253,-0.8042602744346136,-0.518553045167651,0.06178033835390556,-0.843483627958108,-1.0866567824135125,-0.8245041012893807,0.4166637537217068,-0.3521904131365918,-0.5413228498925712,-0.25675329951507647,-0.32058983689360815,0.17767662073077667,0.07664626510788958,-0.6342244073190144,-0.31820428933398065,-1.1719284855566763,0.53955003916548,0.1441435905480801,0.22683677187556506,0.5199327892044567,-0.3882867984687384,1
-0.12844217608512176,1.2277608322499132,-0.8851632898603351,0.7780686536869628,-1.6074260971233587,-0.2472033482224992,0.45099360441831104,0.03327476730689029,-0.12336124910415655,-0.3841325031601467,1.5011948035669138,-0.3856253872849339,0.23071825046931518,0.1465037683032725,0.5364830871936799,0.20548814241002283,0.631555150397949,0.3875458849846545,1.2547248894388598,-0.0699902624618248,-0.44164685332730685,-0.1262571797598304,0.08283393740399421,-0.12420946731705355,-0.917668918188686,0.5642734012272266,-0.11484461534536536,-0.16613451088920209,-0.07334351458790107,-0.8753094588215545,0
-1.062662636110559,-0.6256259735616122,0.3627565874769197,-0.37058073506451783,-0.06455955086122926,-0.30588015412262776,-0.673983201868623,-0.2984245957083268,-0.5323949686477528,0.3242293076334122,-0.3938016267566225,0.8133464563721433,-1.0216054586327525,-0.9986052090260391,-1.209710825015062,0.9395260276324555,-0.9502587016223792,-1.0511935639473038,-0.9619567487031412,-0.09761108014949546,0.4489862454308464,0.6011513316174544,-0.8334747305603413,-0.32447685856022035,0.22328184377540683,-0.21897181991314493,0.5069833549933774,-0.5136962625128916,-1.4719398270313264,0.681395647066428,1
1.162571637677019,1.5790047052582081,-0.6061823678539897,0.4488285346624273,-0.5150425378318954,-0.14155586397352535,-0.06304774129025158,0.2372820451230559,-0.13102231815341703,1.294694392951368,0.6103000838330402,-0.004366229835575165,1.1393792280414048,-1.2669823572468626,0.9307965922362244,0.003920351394128479,0.6040389741528085,0.2956751960134016,0.3653666369991803,-0.07841771061022489,-0.4099107919052354,-0.1653405439897228,-0.46151131409500923,0.4274729210856778,0.9543854184746345,-1.0151299345711748,-0.7979356035776538,-0.2202613011173682,-0.1715928214972156,-0.43685545030926515,0
0.6948897091831272,1.692081970340566,-0.7914760140224165,0.07132538647891765,-0.9982589562238718,-0.05983881483291949,0.2245860543130973,0.10697863087222632,-0.11007816582967464,0.46850326617530247,0.7331354195190364,-0.054201831320469414,0.16811093256241172,-1.3525524332410728,0.07561987454585999,-0.20112577529104841,2.2609743113466445,0.9445283514140563,0.47722808881091633,0.18671772158329908,-0.07584154663569315,0.02440668199211051,0.6152770847797854,0.08155439942663985,1.2640392740048756,-0.422569650701903,-0.2780323731603248,-0.2092560406684762,-0.10842672726880026,0.5917415403974973,0
-0.9210298245297387,-1.6726309590221566,1.299703679155027,-1.473503720086183,1.7360648731388366,-1.8693948050795919,-1.334487204545802,-1.7996273981442108,2.1240146445222523,-2.2736301743372307,-1.9087283871919805,1.3589199494038477,-1.569578829938325,1.4373772317242528,-1.434025701145451,1.0237948728490842,-1.8283084791000166,-2.1010860460651806,-2.0495606787930836,2.1398002435312553,-0.7215467235047148,0.9088528650018569,-0.11068093483664754,-0.7558162451333614,1.2714554843760377,0.11462842792350178,0.3961974696318132,-0.9429620160082383,-1.0691104348171,0.4555088353750117,1
0.7960981061834801,1.5930102349008923,-0.602281971043827,0.2916513740074239,-0.41621288781847826,0.04959625422601912,0.3851122481340972,0.24481004513776322,-0.1272084545891342,1.0224396736238228,0.7107384128662747,-0.30653959316769136,1.2462581875035277,-0.04089748180359924,0.7276019953798452,-0.21448728096192976,0.7951058519905665,0.19838430509237853,0.6322019801514228,-0.18115187529822135,-0.27444386376449187,-0.028241367258928847,0.481745220911429,0.07802701780839287,-0.6559993393129306,-0.44625254957857324,0.7220626892952995,-0.23795931503907528,-0.19948358035436642,0.2627835545073608,0
-1.2571855964298584,-2.551892976555465,3.155947339799678,-2.4806757573616567,1.257453057343936,-2.931514386415099,-2.8189600014465817,-2.304700704680301,5.567922949864094,-1.1002731341596557,-1.1970696050985759,0.9525246295289674,-0.8935020401348025,1.131471950775696,-0.7141245535447628,-0.16663333560462212,-1.0967147415779783,-1.3069038722239368,-1.3828565580775865,0.3735446583392653,1.5110898044172771,0.5990859935014685,-1.739480946024957,-1.1035624423269272,0.30643892955321034,3.5167942620409995,-0.43044667625860006,1.486574880981056,0.7060418396079379,0.9067622997526911,1
-0.12222017830171544,-0.37174463188176665,0.07432686138064026,0.5181409645740785,-0.980662991815255,0.05950908910909236,0.13140609421706745,0.33045476782352395,0.13265790551667278,0.16507893544822336,0.20299602413817208,-1.8018372097224427,1.4883495245129623,1.536890121685857,0.9043352835791074,-0.5013225404392893,0.7941659158760799,0.3749842349108457,0.06002603782106533,-0.13760969069484308,-0.35914262314067763,-0.1293539935552298,-0.47131910598278215,-0.02173828847485359,-0.7172464635937578,-0.0770762148085163,0.6921965671587181,-0.4991453735878173,-0.2659963799285344,-1.184484273352308,0
-1.0578807941572648,-0.8743228842872423,1.087556554664423,-0.8754098951438819,0.9989563490845941,-0.9083187950755541,-0.5992978729570397,-0.8214831146889626,0.7677924179182718,-1.6422756530338944,-1.1694795655021513,0.7797855518586514,-1.1176005935798274,1.4699264687964673,-1.1195858000726278,-0.0488591669085355,-1.264796497139092,-1.4056978566795668,-1.446286626475863,1.029761302274252,0.1722163508264506,0.37623092246359285,-0.7970703394103954,0.1445620738832784,-0.40407544411100854,-0.5545330183521603,-0.5621805290847257,0.013135932774677455,0.713941621854797,0.9554516663195004,1
1.2275758839292688,1.513344350714248,-0.09557893670661409,-0.06465441289142382,0.8497327151387397,0.6003695019592538,0.2409601195125646,0.39550305254253976,-0.12411402565458002,0.32177877924723913,0.4604870712481128,-1.0133726106008871,0.0010949409591421823,-1.458279031934126,-0.4977268314071072,-1.2199107357394494,1.9899173409519173,1.9490551039248751,1.572828495494252,-2.031142473178995,-0.39129037464657773,-0.1613667006583102,-0.22705251895301992,-0.008186404563198614,-0.8308139074138952,0.009363086370088971,0.3360259436107857,-0.16921374207588627,-0.00433955294082676,-1.184484273352308,1
-0.03126545957916039,-0.41700096087232996,-0.40698225051716197,2.7612333869968833,-0.15004872546100861,-0.09496166935772013,0.7557356180260132,0.2708143665622104,0.07306803861004901,0.7380639893424268,0.3561812709007545,-1.6486311560180438,0.3399934216642502,-1.8707666163026049,0.4209645000615202,-1.6258324769933095,0.5865728530387927,0.6104366708760698,-0.18478180506610128,-1.4342303089176704,-0.7588429138464583,-0.14345271374495924,-0.13023506688983005,0.3309057873633043,0.7863279946033366,0.24303154570006208,1.7149028271399744,-0.487735045548824,-0.13644960403791664,0.6115774695508234,0
0.6665899034070691,0.1774077133956786,-0.17909507236631345,0.5183642624068294,-0.8145805253184518,0.6554639621278376,-0.2375181094517934,0.9042533801918913,-0.27662255709655303,0.5020487173331043,0.6149050806010199,-0.9815898761348724,0.8244202011448799,0.8142462072452016,0.6592374209902326,0.42100617265228923,0.11200199108206009,0.26169838607127927,0.24778090553162532,-0.22190803336920958,-0.05058580172144375,0.045113593998739494,1.4376778045245933,-0.05107516935142272,0.07447300609671413,-1.1695800518422879,-0.5272832427675608,0.04787858479137458,0.07863621066262977,-0.680242423873868,0
-2.110519139021469,-0.45533637822880024,0.10438083113985626,0.35591825064596117,0.24320883065312415,-0.07012070703388136,0.42637083258568576,0.6075090046807134,-0.23612314630627118,0.31024746828713134,0.09559749060189507,0.28727192040238725,-0.9674273918027546,0.09836772259125942,0.10986209089230917,-0.6961630246637615,-0.4339082523653804,-0.5204664129656988,-0.8237286399766252,-1.4361750879042512,-0.5329843994389418,-0.22043182974519207,-0.8675252949589763,0.12756600630594347,-0.17341223880731937,-0.31190491608294824,-1.1842901066628386,-0.17205738471938042,-0.3821352308772922,1.2799709055466257,1
1.2804993804054714,1.7519273513703544,-0.9936503152304275,0.5072492616739748,-1.0761785196433142,-0.20817899164442336,0.9211026055422654,-0.05549405288202788,-0.03900766974237042,1.0732172907557178,0.940636766821451,-0.7037947847191668,0.5924795891425155,-0.4333129550322517,0.27469461057936306,-1.4069186416852377,1.512416325350492,0.46018464828932665,-0.013430161154531554,0.7953957168954319,-0.14965685810359575,-0.035383793631076535,0.5307051857419472,0.1551180354150431,0.39324511623934727,-0.5289203648832921,-0.42356448918220113,-0.16328979849418934,-0.17617652843060294,-0.35412938258390747,0
0.8136371735363322,-0.18469357111574597,0.1514682390271302,-0.4806667762855379,-0.6451883870810782,0.2060286101566173,-0.6100657421376812,0.08082047221446495,-0.05813711427602884,-0.7902642880210875,-0.3209087736842232,0.019432806238249726,-0.44213634485395803,1.0424729266458483,-0.7395250065572031,-0.6698945433374738,-0.7989232096928046,-0.192551006603237,0.21926285780675212,-0.8431431304639396,-0.3536077961331599,-0.05164301053298938,-0.5357261659748214,-0.32702572564070786,0.7705358970778067,0.83925763230118,1.5812741404902948,-0.35908361924461313,0.0666721303889674,0.26375171903898903,1
1.1837723692013866,-1.5467562327318327,1.171875691432987,-0.863064538731827,-0.25669862216855405,-1.0954329306884998,0.2405272788207302,-0.6718256172053176,1.5889687410997704,0.5144945411277919,0.3968498166471413,-4.055776993398491,3.630040398538411,0.3990730580285112,4.310246880132375,-1.4662407523835717,1.579891532057911,1.6451561601539328,0.07430686782545722,-0.033489135629645776,-3.2293881739916093,0.04378394145230033,-1.235441532448067,0.823938311434317,1.0576781849222332,-0.4399163147632382,-3.607258283302164,-3.8617924829084704,-1.7668143922636508,0.24176672497405013,0
-2.2915037423034166,-0.3401395845014841,0.0924353397804323,0.7268429999279662,-1.2513320090970883,0.17467034161344458,0.34483119754563274,0.46811870546473666,0.017044342163734814,0.7939649013995147,0.8636874767280768,-0.5665019243179344,0.7948141268272736,-0.7146567991579887,0.7766748116178491,-0.8027879707732076,0.7842183243831128,0.23597881483197503,0.4749205801576521,0.015520092020564062,0.2923758606989179,-0.21568351756838808,-0.5877450643734116,-0.12662975900963974,-0.9540303505380062,0.025352762912341287,0.7465017553522354,0.46088678561071017,0.6097338266538657,-1.184484273352308,0
-0.7304133488860522,-0.2599406989665492,0.184214143006266,0.3623267101164257,-0.3151162912874329,0.3611539205692514,0.12280865432786776,0.5632153507034394,-0.06157584872733701,-0.10015583820877602,0.5602080128038405,-1.4677088208850149,1.0933030773311128,1.5779327160564378,1.0446081672647098,0.6328349719930809,0.3022081961479257,0.38500854313119254,0.30969739158492043,0.47428836108559924,-0.3465936586185608,0.009694266704467238,0.29711306449136715,-0.19963990197440318,-0.7321487855169652,0.009396462870192416,-0.6566445865069956,-0.8924412936821016,-0.07303698741201059,-0.8415927102685574,0
0.956672794252921,-0.31040070917074936,-0.6591837096527634,0.9723280739487671,-0.9346944671309145,2.1411138815529394,0.9134247586692806,0.3634473339849551,0.004760368733219824,0.13768985098707068,0.3090630169592038,-0.17359458210047957,1.190057714799775,-0.05492965868329554,0.9893576661710674,0.37410033356576994,-0.0572801806079058,0.5107508785586256,-0.22847790320895178,-0.04042144580885104,0.18680936341622803,-0.11770957098417334,-0.5072873313462569,-0.07613343868945889,-1.6251242810907327,0.789743761098715,-0.6204937416560344,-0.19360347380608542,0.04078339089682659,-0.18625899938286047,0
-0.11995583960288311,-1.0965203506865708,0.5832623423510606,-0.9146413644119616,0.7687659825413492,-1.0327454635188018,-0.617780967069321,-0.614255758278227,0.5701798230261899,-1.142439550992491,-1.0060104902713087,0.6677818623448092,-1.0164863939067321,0.4825994589942777,-0.909460222632724,1.0449195644593028,-1.2055601938174778,-1.205218121824016,-1.2111600668053988,1.3691969258053742,-0.6452082354096264,0.3841116168181256,-0.029150379100685294,-0.9359610469994595,0.5276371921113933,0.008380812651317873,-0.5521543337947523,-0.694071535921862,0.707090986861431,1.3045704322995653,1
1.4509514750600603,1.5832415643143276,-0.6597727726912391,0.21961336068695583,-0.5028350475125397,0.1248317949981134,0.6643981319936462,0.20092976459448872,-0.0930894766949969,1.1013344006742318,0.7285574982234642,-0.4915335505656601,0.7700219458549177,-0.4952474041856443,0.7885906935300201,0.28610178814606496,1.1766633268372548,0.1229694421474298,1.0911119691032527,-0.1557200313705989,-0.20859384687285543,-0.0075363250715396865,0.45586337877514405,0.05590943356662821,0.18941863079131305,-0.4582162936542271,0.724156952050213,-0.25007061836237376,-0.17843039819812778,0.5880016011234279,0
1.4822565200827746,0.0057623814752657595,-0.10085484825335508,0.11361687732348003,-1.3023673560541975,0.7969083294738403,-0.3030831294050034,0.9257505987344711,-0.16263138345910044,0.22149893405481283,0.5371867300951906,-0.41235651551754465,0.5589324644006275,-1.3218541980215834,1.471352704853754,-0.6714710507974497,0.24078525063649717,0.2588946119211856,0.48670873719059454,-0.019884635031212246,-0.3205099776332675,0.01580690664229766,0.8541626478106854,-0.1659924486200839,-0.6810413924747506,-0.5710048025394965,0.16213819767407764,-0.23504747681613283,-0.18089143613743516,-1.0550106085509299,0
1.254503856862049,0.4495685301286612,-0.691441833977512,0.21622537845355386,-0.06494279169771629,-0.1113706382361302,0.4810522002032227,1.2462978082905336,-0.2834863528300883,0.1836861966891836,0.7287498237838351,-0.600902810164044,0.5671245865484431,0.7686021259231188,0.7378529999570503,2.1169929118606174,-0.040139490498740535,0.572396035498851,0.37165384955901126,1.2735121996958125,1.0583422950129056,0.09965588499215275,0.8808594307650065,0.9387077526057908,2.6189201610800596,-0.3959360177982914,2.0942468980698163,-0.6159342425416902,-0.7732026814174362,1.5145697069106605,0
-0.9811122003310503,0.06567401629967573,-0.4021797740125653,0.8076812122575528,-2.147542597873813,0.7152961445276683,0.497402890568263,0.7652364891306268,-0.18674255366701448,0.8159530187426791,0.18041121934197066,-0.2975112206932857,1.4028269180849275,0.4216951207151247,0.6728214348612593,0.04554482780002486,-0.0621573776213977,0.3448691733866521,0.3498727768727966,0.9820662592083758,0.0807206969601624,-0.07070464817401574,0.3926311693307782,-0.35736778645854583,-1.758062638783083,0.21185975372953675,0.17868060022383586,-0.27500457333712774,-0.3225484239807081,0.48232985920133903,0
-0.047954083025677774,0.9812032568988174,-1.0095119434467863,0.9832867856509354,-1.3133850644269183,-0.3775014254317709,0.19122980430198003,0.08643895858216097,-0.15536832075111504,-0.34597512881394554,1.3204066928714007,-0.5785934907358458,0.2425353023758628,0.4746523623314363,0.4660719126915754,1.141998856436452,0.1603271201435336,0.7420331672424834,0.15286426116863427,-1.067825911518044,-0.260439202977186,-0.07324351457534979,0.2673745045231356,-0.05227380858402883,0.8006877788322647,0.20430171530924834,-0.19819346462107656,-0.16266218771780847,0.004665531596229001,0.9719618830213055,0
-0.6402913762688613,0.8323616429987122,-0.3019300502174113,0.9474620809909339,0.47907339170781543,0.012366098583051998,0.5770363460251873,0.21061218723877317,-0.046717302857380974,0.6668615422358869,0.49418062302629384,-0.1342795670357111,0.5203964845674751,-1.750868539971507,-0.12183050868809614,-1.5793364779768042,1.1465122068260747,1.1428125804232743,1.380022891971701,-0.7967529320441035,-0.32263805497786824,-0.11539081843559856,0.04815567161830222,-0.15371228931371445,0.6810248849871156,0.7362824463832713,0.4206888173943946,-0.14947480951312614,0.0405765306629186,-1.2656292596271719,1
-1.96591426875283,0.36746639310069845,0.6449054916982037,-0.7333333076666491,1.17710368037526,1.074304662381586,-1.2204977587372832,0.19593399757763738,-0.13210776706550176,-0.7571474784728688,-0.6756644435253738,1.4633479328811034,-1.0868692202269343,0.4365748285452021,-1.1953699198742833,-1.2394952994471329,0.16764895054616208,0.7443811902941104,1.6365951968237982,-1.912644745898085,0.27260032919916977,-0.0077164114024961955,-0.5189676853601862,-0.5454390184031309,-0.4100363691946308,2.4852101634234436,1.0199363560694876,0.37808001253890045,0.7363600243733592,-1.184484273352308,1
1.3538818572779838,1.6789274359955988,-0.26473481349020256,-0.2212968389248808,-0.3501071506563189,0.5792911962773496,-0.3165810288945391,0.495860688553345,-0.19984140791880325,0.6330763777400372,0.24163705907136823,0.13293214281925966,0.8092265749722625,-0.07208141984497958,-0.11213316633765033,0.35876575429855606,1.2706479894444522,1.0465259312523343,2.093768941923391,-0.4543395179984635,-0.24317899092002163,-0.04137792971972381,0.4435393494528904,-0.1227773287405464,-0.9698947209663563,0.33867312894206053,-0.1872756178880559,-0.19749159873593972,-0.09607028930891647,-1.184484273352308,0
1.5022275374809122,-0.24576943270729043,0.38504710747444765,-0.5508483808166632,0.26407104958000555,-0.3170439106379008,0.5284907286682143,0.15173577159888058,-0.6036090672623277,-0.511178588909927,-0.565884357998187,0.002141190988388181,-0.5636686844881925,-1.0790013099710902,-0.5738475054921338,0.6575302917627392,-0.3783435667448336,-0.1887307388565724,-0.017079265729533968,0.13413166854259273,0.5241845856426822,-0.47982307174546973,0.4185920468227684,0.09481311126329013,0.7185844806722045,0.07915509129129329,-0.887575758971151,0.29955659941522644,0.10772190709822585,1.431733566084611,1
1.4024717803692741,-0.6541760751378362,0.686869790126028,-0.905149069838604,0.03419193469935242,-0.15473299959796805,-1.8993897633146732,-0.4081271431904329,0.34895643961589085,-0.8949492165303312,-1.1179113399233682,0.5889617643416175,-0.8914265421563364,-0.07720939065038428,-1.0935482183493208,-0.017636921121597152,-0.8529606122610882,-0.6992773196375808,-0.6149378689481186,0.14329918077709358,-0.1098049550581433,0.31934946205033526,0.1802351984199237,-0.4567377975613669,-0.5943890060263571,-0.31311019620452407,0.2649742579043823,0.17870346375108428,0.4966915681172699,-1.4225851346285878,1
0.7564615651618557,0.14069586241574264,-0.14020688821272348,0.9285413337541024,-0.9358659179509295,0.8282696553178654,-0.06681274936385108,1.16483304043835,-0.45045560945459323,0.860924446160582,1.0092845980614462,-0.7722983278234131,0.6053353733945755,0.7295604201815987,0.3392381319142154,0.644227851772013,0.002941570455080435,0.18106790610145532,0.2043765344908728,-0.17046447697167244,0.021150689122076717,0.029097169380806472,1.4370189486863052,-0.3830619582931759,0.08544246736100121,-0.9925554617174122,-0.7212320574715935,-1.1711284158165045,-1.340522689158188,-1.6356966386487815,0
0.6786334331364778,-1.1035028083922993,1.0595540766374447,-0.930383176854867,1.1845109508954772,-0.30332833161723105,0.7316132308365106,-0.5670634688142036,-1.0254248052165384,-0.051752663268109816,0.8771846386940734,0.9556337626215096,-0.7363540174686668,-0.9651331899373369,-1.105917279376485,1.0361868537137815,-0.34239884740768234,-0.2596098240350564,0.3696679837391879,0.48712184838272005,-1.2321267051476064,1.8616825198115567,-1.3980761566302722,0.9174873298860812,0.30309958846842455,-0.006835737100821966,0.9713023008564494,0.09071929353035034,3.1217429558127985,0.9320202899334034,1
-1.0501464537372642,0.9691073795205672,-0.39955213037235365,0.7856006351841498,-0.37952792698582916,0.02649328283609526,0.0658090058673904,0.3707036473184136,-0.14320990720850504,0.4267747716106764,0.6681953810080713,0.0173769801385512,0.9163881204781477,-0.8102337446299539,1.0524912583862818,0.4182833737997745,0.8154503531615138,0.25393932294572197,0.3510951566280567,-0.05951746635348587,-0.26091043966453487,-0.18788068757800733,-0.7005058515874438,0.09474489126625255,0.560989070900112,0.14914349293839405,0.19721700898369923,-0.254563157820088,-0.07218429493534606,-0.9774336341408756,0
0.1716823810403135,-0.7445032285367028,0.40826831328397983,-0.8374973676694979,0.2739093169166662,-0.21965219595441052,-0.8553391518035534,-0.32705371923119947,-0.2992205579476092,0.9849529894462217,-0.6306317326712866,1.1090081614874625,-1.2260617089909778,1.4813594333649587,-1.1132726752910622,0.30177319838032324,-0.9284891357020667,-0.7452581436226615,-0.58622935843331,-0.06298006403356522,-0.7741845257956079,0.4562878823335816,0.19686690274660698,0.5149536024877993,1.3400939857091254,-0.5171168180180883,-0.8723968828616252,-1.3591990317421354,2.905167009798804,0.6169693593587446,1
-2.266331748168219,-0.1564424048298853,0.08305930099267045,1.8039977916763823,0.23648347716805532,0.7581810277456013,1.3980150168665335,0.6501719661466226,-0.10309851577253652,0.0666405967267046,1.7487125214493078,-0.15690844840981558,0.7090470476800464,0.721095634858948,0.477011462311942,2.8277489915434946,-0.20891810470413266,0.8007593621845364,-0.7035074174396164,-0.9079987387685781,0.5658041514493197,-0.20777828881754185,-0.012382523937877048,0.03226622301878418,-1.6366830676997424,-0.9362889517332943,0.11675805654151312,0.2894643807740956,-0.20910269040366075,-0.2306466762116249,0
-0.91781681813235,-1.84017718338486,1.4794009964625392,-1.7457095356921977,1.813638459897713,-2.2048869131596764,-1.4371046132514582,-2.0015537129016803,2.796308490857389,-2.3208025141575686,-1.9004623473817714,1.0858803541514472,-1.4539716196593049,1.9184416660932635,-1.1180661096873008,0.50610476546284,-1.7885613820809532,-2.0988884257477545,-2.121535626683795,2.0465826532846294,-1.823771557671979,1.0694258664532788,0.2573996031368013,-1.0087563829298742,1.6538005074958284,-0.3678602139799663,0.331299077121307,-2.0521637006803783,-2.2430094480468754,0.9347509744423066,1
1.109554824870248,-0.538115094638733,0.519545970898464,-0.5346838444209453,0.9489909979312184,0.07903246126113316,-0.4621989904806223,-0.36660726501430596,0.32595805232037167,-1.0852102985857812,-0.803401544274423,0.8573074416798429,-0.8761428529073976,-1.1951391510710463,-1.1969528766431485,-2.0506848262483017,-0.4134567507298988,-0.6477283667438316,-0.2888941848319957,-1.6574938600278852,0.05527951832996283,0.19837822329390825,-0.3376803068292944,-0.4765195111146775,-0.8214399865688479,0.7413129028434094,0.12510254138740912,0.3728438959762289,0.19690254327625933,-1.184484273352308,1
-1.4815778701233637,-1.9585764950707598,1.9729569333488315,-2.2083351099079285,2.285402255087135,-1.7522585340398447,-1.1252794255427765,-2.115880979752516,0.3161763400786586,-1.8840109982358293,-1.888573808198068,2.1002498823673883,-1.6787712220517494,0.9110696044848465,-1.6086926961665309,-0.4365682411923743,-1.4362253431423386,-1.312350326214263,-1.3889133317154656,0.25971663686293783,0.8537112569596246,-1.1890299736274914,0.8992160055927435,1.2089915289650561,-1.7338859696194941,-0.021444906559488202,1.366746099099646,2.745284085829124,-2.6322074878760606,-1.184484273352308,1
-1.8428085073657505,0.9821369767432082,-0.4722010189195668,0.8359199965972492,-0.6229991397585658,0.0023583782247824244,0.19386361363087967,0.2742632598398755,-0.1518268345804122,1.6528310989889083,0.45307021901626937,0.2646258975286837,-0.20318863389167013,0.8217199880634596,2.129188986043381,-0.11453181928403566,0.9490056971961265,0.45274581847648254,0.7228796900190078,-0.01089962327611432,-0.2169227021932954,-0.20334990358316565,-0.5879927764847266,0.014967335746811403,-0.0495740296973599,0.027880196545687227,1.735929770282462,-0.32489561751421137,-0.10342363299455404,0.13231341285824794,0
1.1461588407262349,0.09646225935366848,-0.05169530260052958,0.23323546798248976,-0.9274812279403299,0.5161920455232615,0.1594925224401905,0.5971865248984585,-0.03149198613390134,0.16770828718018338,0.27897423102508145,-0.07939326437064968,1.2771302830882765,0.13247546893329407,0.42480579368666743,-0.9072639400030896,0.8140241195082463,0.5731992029187299,0.4095238338852434,-0.26133171127074173,-0.1695252643208365,-0.1914989024474184,-0.6602951353775696,0.13303539998428804,1.2199963181057216,-0.730748554605795,0.22428670459943215,-0.11399795070838424,-0.059478284486034046,-0.09617888571082096,0
1.387673323393719,-0.5482093841306654,0.058371850359199076,-0.13581924569376466,0.29693367676919413,-0.25261415455164726,-0.015487829191244572,0.19961718450345722,-0.19199261446313204,0.2504105776198936,-0.07287821393463709,0.26465441699718006,-0.41254947361181454,0.5480210661626422,-0.7658046333811453,0.9507962447932158,-0.4902023076499487,-0.36056477824141797,-0.30073096417934586,0.29150937476912325,-0.6183863490286606,-0.009868993644668582,0.2102949296743221,0.15300264518057033,0.2699188406554965,0.17393311486580626,-1.3753833324889329,-1.3271282024776647,0.7913302280069087,1.09973937545839,1
0.15554189851301142,-1.085957206052836,-2.0280244639351075,0.06894610138678793,-1.412479294646832,-0.7305264938927488,1.6856283971688824,2.500375687576601,-0.520752424443541,1.74778813821096,1.16901386261136,0.22528300488426198,-0.4622385507256375,2.219321994657624,0.540712389346174,-0.5053386547441568,3.2849258564396293,0.26135193090673225,0.11249315538634816,0.23444544030750195,-4.589495156627646,-0.6230235709419426,1.0549570908244865,0.09921510891992398,0.6725261506803945,2.004908072144665,-0.3154635902680408,-2.1132219199286286,10.512381998379569,1.7533183916542072,0
-0.5875920776044176,-0.21837460927743527,-0.30943662513196235,1.9919097336709957,-0.9510942652494895,0.32840971376611006,-0.19558073897914974,0.49691559899953464,-0.19371586221405962,0.2674832707780805,0.40952388589407573,-0.6635535132981535,0.9286742244060362,1.1248997409285457,0.5324452014383976,1.093398202975753,0.5640263918717026,0.3179412657046815,0.05128465262380919,0.04734373104568276,-0.1544863508686021,-0.12768574437071098,-0.26993205869449804,-0.3036320239838296,0.9466616081584059,-0.037287065049175755,1.8172779203585234,-0.4440684171993404,0.11870896923343317,0.09887193282411028,0
0.936486230380005,1.980487799516186,-0.9451181104005286,0.10947442550584381,-1.69202827731979,-0.051784157033475955,0.4228541762321155,0.10863100074922838,-0.19336246271157295,-0.22050208104189487,1.423214190387028,-1.5749615119072344,0.5465411313049945,2.2499665214297586,0.2823675407979395,-0.2714133301982622,0.24387958404646443,0.46040331553101743,0.29373032767159485,-0.13110901438434017,-0.35673732933058844,-0.1740424262786439,-0.044935241239236055,0.12333882685106129,0.10116620068571046,-0.19624049042814393,-0.3502503541999487,-0.18715625662226482,-0.16608222540538856,0.26375171903898903,0
-1.9149514666212915,-0.36196065851165105,0.5526905319759521,-0.5695245510930421,0.3805662133560193,-0.4251598243051236,-0.9990566255810249,-0.5052387056612052,0.28441735536593327,-0.27033580843977356,-1.03495088292422,1.4359988346725028,-1.2172364072099562,0.371287971603095,-0.971750859808529,-0.4672710018827842,-0.7550423617264979,-0.7234870187428922,-0.3424381299171574,0.08895251883836508,0.24614813869864333,0.17526314243454913,-0.5227863666858222,-0.04464174965618298,0.12186425368319471,0.010043310540802996,0.6532952275795477,0.25481005912150373,0.33482220647049027,-1.184484273352308,1
1.3970168620863463,1.6239702152909,-0.724581236727665,-0.03937429887847584,-0.9547207435898349,1.148040563256445,2.2554635829194103,0.06066929708933437,0.11587673839635662,1.2496260887333168,0.6180637911770014,-0.6966350009383345,0.867364093503176,0.05610650203119745,0.6181700782121514,0.7607271731744272,0.5834113045369993,0.26476521137428044,0.2045536408415369,-0.5479536857619942,-0.2147980554505972,-0.02758984587318151,0.4780917800401924,0.15586916613790894,1.5730519335315651,-0.44104562386121876,1.2085661474649714,-0.21342943604520578,-0.18848092417498954,-0.11677750247732224,0
-0.8158348771623181,-0.2817266197065166,0.2558647937018521,0.0026596839381023796,0.16275962595383886,-0.12515250954285675,-0.13230357949046043,-0.10303301674781576,-0.20828664914467002,-0.32237763550964965,-0.21652635647292146,0.7186664046357611,-0.4910906400265718,-0.787903461181481,-0.5323231912170558,0.46096339484624,-0.590008840714209,-0.5856938440160864,-0.21231588422723016,0.6868215654220995,0.06573970083939143,0.41832504515228136,0.02844909960363046,-0.04970303117225485,0.275476602314255,-0.22429356009093337,-0.7847656793602544,-0.23290781358649085,-0.4877424036724636,-1.184484273352308,1
-0.15359596236448658,0.9371976211729893,-0.5334354523213031,1.2861897512157627,-0.23754877227756274,-0.18610751599879127,0.2803748484243769,0.20559502021319764,-0.11072594993978462,1.2622986222105668,0.5251000981105931,-1.210525348900255,0.4742908972912836,-1.0995631802613786,0.5770411752586851,0.2910849742338333,0.5693030970603995,0.40172764398252314,0.23611804581614998,-0.234542938461968,-0.28147429723194556,-0.1387525697741825,-0.22806564870366597,0.007963984577571498,0.7826093163014581,0.24718052370302054,0.6843195396141872,-0.20496381847684397,-0.035200858013339144,-0.11677750247732224,0
-1.2562537610898001,-2.583135800372188,3.2090402300394327,-2.5074127848681576,1.2636958766938011,-2.9738158309346234,-2.847581239989925,-2.332598547519618,5.713807329440395,-1.0917387793277873,-1.1861769333960548,0.9216132099189586,-0.8693184680654085,1.202231858531827,-0.675617033858637,-0.17417379807907807,-1.0760328589818022,-1.2916078410624896,-1.3785184491904177,0.3419485766855772,1.5194906214829167,0.600391533545798,-1.7811388507116386,-1.1410134532416647,0.31520667327054985,3.6220980971273766,-0.42921637338428525,1.4520420432135899,0.6895952442866816,0.9067622997526911,1
-1.29813301022802,-2.393940549608043,2.856350839710128,-2.3461013368598076,1.2363151667987244,-2.721290146430998,-2.652696867793012,-2.1548834747513963,4.838721897810322,-1.1415659976611428,-1.253429301310504,1.104077526179084,-1.0075414723248362,0.791377459034279,-0.8931487491159683,-0.11243021964457922,-1.192753382438971,-1.382284050207315,-1.404991452663935,0.5240424625355772,1.4658123748822054,0.590033390291303,-1.547033436598269,-1.0011433255722726,0.28046896073419025,2.9531294346171033,-0.4512742037627239,1.6534961279290934,0.7783796837891949,0.9067622997526911,1
1.288503588197395,-0.005892621974294092,0.23159856698180226,-0.41620873058071106,-0.4986414403600216,0.7821239332930054,-0.2704644191601625,0.3233285162038233,-0.021420352740608106,-0.44058551937536333,-0.370597232616015,0.34745476521135216,-0.06586565893335361,0.5404846623559993,-0.52227558552563,-1.1653284603946115,-0.0990678678177864,-0.033293717659003935,0.2534612639924432,0.10505495520276911,0.018418636070707994,0.055179079480109576,0.13049654745043965,-0.3594017396657551,0.01763212353780947,0.47264104347357766,1.3193639586351418,-0.029493251520965866,0.14887292385891182,-1.2656292596271719,1
-1.4699844797639616,-1.9936142165333497,2.065967620895108,-2.234251642188772,2.2820551464938013,-1.8010265800980043,-1.1706040411930836,-2.1524734802542422,0.4344371662024968,-1.877679885050576,-1.8775229365822788,2.0767511276342083,-1.6653990423724827,0.9674480037507844,-1.5858758231391705,-0.45845678117893385,-1.4223793610558617,-1.2968447718932448,-1.3842502088092838,0.2335386678064892,0.8582264229161386,-1.1849627046616105,0.8656365300404233,1.2677445347578693,-1.739776666542743,0.09264208336809816,1.380690346424913,2.7198254936677135,-2.6392860618318768,-1.184484273352308,1
1.5076134647497736,1.6908381778757313,-0.7783942094506086,0.000491056095865339,-1.1629207228100993,0.13082138665348472,0.15443907904740617,0.3371290428599755,-0.19319019119300554,-0.006750694879041471,1.0566631347665576,-0.03015985748589449,1.0343670953988156,0.659940079072232,0.6775185251804491,-0.9375816436598636,0.9880529124821529,0.4876150985945629,-0.4441193678234626,0.584185462063275,0.05470870113235674,-0.04007737349979988,0.13696498649259023,0.11171862335059166,1.515054192107804,-0.15116707157958623,-0.7161731802232012,-0.26912156011655247,-0.18839298755711945,0.8251783405247508,0
1.3576851545442876,-1.0512918437116114,0.6282690593291266,-0.2938429768133393,-0.8909003896494615,-0.7944202380417129,0.36183217183459354,-0.4830545668873953,1.1249206179301374,0.273068472562043,0.17022535817439238,-1.3136086986784494,2.5612516852009843,-0.10933442285265867,3.0928056667421573,-0.7067012924533463,2.2897508406479656,0.7941184175008162,1.1569418553171988,-0.2568860584969759,-1.7084559778365225,0.14563937413237082,0.11201676136386342,0.6910765191555008,1.5616684758478303,-0.6644246700258412,0.4137173377377835,-2.0251859612132894,-0.9530218336401164,-0.09617888571082096,0
1.0738556046741916,-1.0658203825564192,-1.4146740407339153,-0.6300762766138145,0.2446355958186232,-0.066322042617003,0.2334844803023675,-0.47547445210285477,0.42956722803597447,-0.4949802075001298,-0.7142175496848496,0.575081652467701,-0.6019587090615978,-0.32927858207680233,-0.3627417827846311,0.37556365364330263,-1.0309380332070077,-0.9206906398695166,-1.0549707267275723,0.3613109399935204,0.07731365502393191,0.4247604885664226,1.1700819295332203,-1.2718770500070289,-2.3296371807389944,-0.43353463554493826,0.263247406223628,0.8908386529853691,-1.3037400948547304,1.1953785412760467,1
1.5427934098605824,-0.31997062242103363,-0.3004300495802181,0.46857809128318256,-2.442252075940579,-0.12621848921953085,0.24756092736379678,0.2783891127934885,0.04488208656552181,0.08003100311029908,0.6127693510447314,-0.6218860868845468,0.6377740607086345,0.05468609202247003,0.6624350168235793,-1.4495540191817946,2.670226451303231,0.26068228139124533,-0.1457137558459273,-0.4022261317898572,-0.6815528884862255,-0.05556959997866609,0.08962367883897626,0.36191953222577194,-0.9407459813724494,-1.2901117602268153,-1.8151289333408325,-0.3945995873150274,-0.007818739313703598,0.7535826732693035,0
1.1502821080116648,-0.26438501941310993,0.12245398065963639,0.10025507234329463,-1.0175470165032585,0.4593738734568384,0.22758685535888246,0.4879891210581855,-0.24337459281053417,0.5290930750451228,0.6600057929816835,-0.0326433842561849,1.503342718686368,0.38588588592029727,0.31810518731125703,-0.887580116621198,0.7612443086277625,0.5727629462763276,0.35025206497578354,-0.29778196621608966,-0.251288614286997,0.10092753515026466,-0.8744800227430739,0.3685487881348954,1.1921908896980593,-0.5492781001187922,0.19485293996287445,-0.22604544333165108,0.17411204253232074,-0.15053170673447488,0
-0.7040901876776582,0.8865778833561575,-0.556589778406956,1.368332081440005,-0.2264701157275876,-0.18604005244543503,0.43706743644545987,0.18196498995025276,-0.07823281672653061,1.2800120046360308,0.5113716882057183,-0.8768680884287984,0.4874379882934001,-1.4717504456761097,0.6295277727026177,0.5772675998607862,0.3418611042961613,0.5483140067505603,-0.051075927048050467,-0.6544544662699657,-0.34352600290846,-0.11943828187778865,-0.09373096602017802,0.076434792162354,0.7953891370181555,0.04773639106070894,0.7053756924757104,-0.189557303699652,-0.03675942298557948,-0.11677750247732224,0
0.4788017631724255,0.2578158721658539,-0.11014860463352379,0.349814865823676,-0.8784874572503184,0.8118211198481707,0.2865600668051869,0.6781938950157467,-0.14438776501216266,1.221115938465688,0.242803693262955,0.1411043830937376,-0.22868357337720832,1.0865361003471758,1.0757389424334571,-1.419373329317657,0.8573532543747165,0.7401059739961772,0.8420836602452323,-0.23529125977547802,-0.12717865028481054,-0.29382862791617304,-0.9259678290688576,0.04180327641955229,0.31805777813656105,-0.7307418281938474,0.18488684387339277,-0.01430585597517678,0.04334113695856563,-0.29137031054065193,0
1.0044510863574503,1.711754213798459,-0.4877761173653506,0.04368554532100962,-0.4314709201417665,0.14549230103609642,-0.38474531343643553,0.45884541182259075,-0.21691908086229175,1.0415690336754722,0.6347070750713644,-1.2263055023531053,0.3134094101341124,-1.4471971306392972,1.1629600279519388,0.9431747998723762,0.3467418264798867,0.31008459144035144,0.3801696745876475,-0.3998841692945625,-0.44541634586993584,0.0007832366588471539,0.6541357789071784,-0.018386635907493273,0.059642537928550184,0.24484432192606514,-0.2007846941124651,-0.24546029119928967,-0.20459471653418235,-0.362458064120689,0
1.4905621754586198,-0.3253685499650723,-0.35680094151529546,0.044263151509718573,-3.5847822926061013,1.1604365252490385,2.051234391820732,0.16710468039845439,0.3269162893791031,0.3477684954706675,0.3191682069170433,-1.4734866436662823,0.9845244223513753,-0.24564304889135657,0.6882520139081174,-1.8640552260410839,-0.36025624105794163,0.5917962324528847,0.3765820265231689,-1.1636034329127853,-0.7749360522338145,-0.39981975747530024,-1.2420135289769931,0.16428595318351774,1.4105699930055227,0.08066110984100765,0.6353879894480717,-0.11891430295248756,0.06527039508443787,-0.9454143834953032,0
-0.38952786191250216,-1.0398547174681667,0.42384523320424233,-0.7304873371357729,0.5052799956996868,-1.0710335027745264,0.10073694225964773,-0.5405134268911654,0.28290038768627424,-0.3410059107256461,-0.705266866286742,0.8666584682147594,-1.1502927482640026,-0.638518025526636,-1.1262670161483173,2.577887714423846,-1.2165470030982344,-1.2536038030644379,-1.2477460570266976,1.1113575806800617,-0.9220323744121799,0.25267270392559077,0.7123422323219663,0.16990865993264617,-0.053124895293041936,0.14602307929712957,1.353068636617483,-1.5673466850377786,0.5435154164248919,1.3640634493397141,1
0.5727658952102823,-0.48690453439575376,0.41072707784143264,-0.20848731420451508,-1.5408169969443024,0.38123870906643376,-0.2365296306426297,0.6546308842387231,0.06353549102504852,0.5606000105776183,1.2717365653716242,-0.2101139484573464,1.6259425825213933,0.24238337626499057,1.340247328469463,-0.7900318007566797,0.2071788532259951,0.3345754181384526,0.27061766070289944,-0.2969210868253606,0.3992116695957174,-0.03692963194610411,0.8721416571156103,-0.07034242089538861,1.5282948589995036,-0.0762221523767278,0.0032956746393410963,-0.18166650495238956,-0.6312278648641647,-0.6700936681067522,0
-1.6913260040678653,-0.0023623674896149954,0.1300775934408661,1.8328431124818487,0.3149264647634989,0.6050112213400193,0.6871022259620716,0.7413115900336154,-0.24901697115792495,0.7493097295229124,1.4215493720715306,-0.5275245515443132,-0.38255037564721556,2.476548413721212,1.2537225987549685,0.5886152427710408,0.42063891236957857,0.4829184111796846,0.47159969455443057,0.5022376005656537,0.5676812867125746,-0.3367437221765681,-0.7179556518700326,-0.17778909110347915,-0.9398517097602307,-0.4467187747926555,-0.13859751374475132,0.049516716120972235,-0.3507245583717013,-0.9331015262216634,0
1.220721417400401,1.5169655375408648,-0.8346755898487378,0.23937382085219536,-0.17154379589299265,-0.09858710117824128,0.3484999282319871,0.26132584262147934,-0.17669689341547581,0.5342357370746305,1.0062290292673606,-1.8259799251805526,0.8703187958382613,0.33952711766733823,0.43574101886472416,-1.358474535816905,-0.4379160289492588,0.5517780973998211,1.1967904594188556,-1.104902823639356,-0.5869458545943436,-0.11125784103600787,0.5209799029642532,-0.1387927104270188,0.010832752642419587,0.4162455472203994,-0.5245503816100417,-0.1545602726880925,-0.13759507566640708,0.960165991896789,0
1.1409932261156301,-0.9218161177281948,-2.9530029871440955,1.187531799308152,-0.9895937563902721,0.41929507199461374,0.0066893592108870775,-0.030680451062981718,0.008448817859124618,0.7752784440906535,0.39994439423497113,-2.3212976494496385,0.44398026237949817,-0.32932937993823724,0.34198432547847374,-1.065341636971967,0.030141825376351364,0.4913587020766942,1.3361851962020024,-0.8895990565731132,-0.6178985607620718,-0.3063372147953562,-1.0998330337007345,-0.6142543778888662,1.4606766871448,0.12132144582603224,2.1985894084773268,-0.571083923094624,0.5311282772809963,1.320512703280201,0
-0.6039840829054582,0.8544959048094746,-1.085678035177615,1.1960398812307624,-0.8355946917455,-0.2308843078996278,1.3273761447507466,-0.02608766460630418,0.0015781352600247557,0.9562689482790688,0.7354885644958793,-0.8696686610346925,0.7676732566320829,-0.11855403059951243,0.15628700059465425,-1.8238313497990113,0.8935273291571464,0.6943096584175386,-0.22541866079496561,0.8995571290871393,0.1482731052865918,-0.019098621010161097,0.5936514916984417,-0.32911908595492845,-1.766149575161316,0.743248611020036,0.12246297065784645,-0.12931470355651187,-0.042528472683448004,0.9946750292776679,0
-0.8010698086443123,-0.23866839786485125,0.2079454498742667,-0.08316937616811368,0.17896967848329293,-0.14586433600008497,-0.1798823520125834,-0.13779444603462232,0.11014524480895004,-0.458873484915508,-0.35331100492342066,0.5583640543954583,-0.540642570048509,-1.1391254848560053,-0.45015309472787407,0.49668412201413176,-0.5164265792548661,-0.573164215794997,-0.10125115485096041,0.777069961609577,0.11139499272852234,0.15244405836460004,0.12327234528525888,-0.08893822211531119,-0.35177042225739286,-0.10577031203318499,-0.5922078311526753,0.22775561618010276,0.3845327610721782,-1.184484273352308,1
0.9301878522345891,1.6957688839686034,-0.3602695937035168,-0.13103509920841422,-0.11364585100961311,0.6523877260361897,-0.00936968120228342,0.6766851710939891,-0.23060649262269356,0.4869732367111342,0.7471263079144698,-1.3259770362732983,0.6052466090051523,-0.4304775123989804,1.093264886822077,-0.3296493085790298,0.08616886412385301,0.3663374819788345,0.006335135820027197,-0.40989781285097554,-0.3671914669494037,-0.03592592899935021,0.44882819462555024,-0.09309276347530758,1.247076948650111,0.9205407064274245,-0.8774212303157928,-0.2511763649966584,-0.20319429555787066,0.15287212987741897,0
-0.3006948459464621,-1.6997576431292618,2.608711749927169,-1.2170480292600407,0.5217630880894818,-0.9801417217608046,2.9760285647712172,-2.2601461749757523,-6.215392021852899,0.22649223316928968,-0.6931587506188649,0.9793324810352069,-0.6839744437041031,-1.7305926559481453,-1.1746637253077366,-0.2754481431296449,-1.2125124373980456,-0.7177583744374532,-0.9809268262188141,-0.16410769230167868,-3.7261601994763565,7.884507360664353,-6.146835016191962,6.064533292642416,-1.107322080241572,0.3328147167259418,-0.2067004382439792,1.4041596881701863,1.9022392461195137,-1.184484273352308,1
1.1964081731338898,0.6132125242758306,-1.3401209592480454,-0.2770316253780352,-0.3218117375209499,0.07816587979423,-0.4634203238479502,1.1008876528466933,-0.3185174220120708,0.5687108850562004,0.4790405371371214,-0.9622134543463942,0.7657587062062473,-0.017403762355620196,1.2743163008526226,0.4972151893256152,0.18142815264263923,0.35669657179395653,0.05049758697858105,-0.31579333843762925,1.0685411702919625,0.12313245999862253,-0.043667980418017664,-0.5831642482319782,0.23188544468401923,0.03661151271325547,0.2200646194446136,-0.4282391577599474,0.01561728934660239,1.7159294857260263,0
-1.9096380307309535,-0.5013426930672685,1.1210242461493731,-0.9790934585578451,1.2526034709024747,0.19772409615069156,-1.5640986685252016,-0.3047482313538842,0.31693417753857933,-1.1691806312900355,-1.0837244100044057,1.6009749112199982,-1.3539869171880636,-0.11770688095800823,-1.3712903542609483,-1.4896923120154493,-0.45458907369083135,-0.20226837205555329,0.49736370243677047,-1.4867660206415665,0.2922843973581441,0.19423132820159827,-0.4646282294060165,-0.39084707756734216,-0.5297319077341228,1.6204541148707603,0.8927961079716945,0.24895037673622797,0.539385169379894,-1.184484273352308,1
-2.2813340835977276,0.994842132465388,-0.45076038084656034,0.8404115723579398,-0.6354910106497699,-0.046793456701684784,-0.12328249891760446,0.36495063754375356,-0.19301806582418105,0.636957657042931,0.5107049326389771,-0.6333018214098878,1.0350570536617214,0.815769256325193,0.6497937274306059,1.2486703881653674,0.6784477088667561,0.3108196257648095,-0.002123296074287284,-0.19197304628740003,-0.09238938868241135,-0.14323631509942705,-0.36096112667236047,0.03465505807947378,0.9276249356685207,0.12653188635840967,1.7915616519689066,-0.2839526178349621,-0.0570213549129698,0.15507493625692523,0
1.2552477799574877,-0.8505464312368453,0.7406346166889802,-1.0638187500137861,1.5318332815608733,-0.16592331521236894,-0.8368662265446878,-0.43440223705804754,-0.014330159870865836,-0.3081725725748483,-0.11346695710245938,0.9661705826796332,-1.2163948355546643,-1.010960884672455,-1.6279966188203887,1.281712805437139,-0.8820712139488786,-0.6401218168657985,-0.33944063143411823,0.6289277746321571,-0.283710404301573,0.13072003705735277,0.5711009613018235,0.42715393875834684,-1.0834793509916887,-0.5138348480151027,0.7921683239734797,-2.180689989499746,0.757056047799865,-1.184484273352308,1
0.8768691500658871,0.15419768761399436,-0.14446747985235653,0.6548903946515907,-0.9880731669545776,0.5297371954978684,-0.15031506223504482,0.8701653272309495,-0.24199319647570022,0.6176165118493835,0.6537895886593834,-1.1648630678460814,0.7218780771621741,0.36850191912885283,0.5386095584239555,-0.4124835986706353,0.33290879312484734,0.2579551963057471,-0.14160893435378719,-0.25290063380432365,0.06820023366911317,-0.24558146969776895,-0.5705398916070153,-0.018971435617902214,-0.21631903132165534,-0.7078467141935986,0.2844982765408574,0.001962593263593286,-0.2169979777109329,-0.23825972470812284,0
1.0995410597879416,-0.6913311241551726,-0.7892058367835904,-0.6117148604881567,0.5358040108041393,0.020127252546838774,-0.2295992232251704,-0.4904982263217864,0.23539332310803798,-0.4106135793581148,-0.4364894665212495,0.5112621314253633,-0.48488154125184274,1.506262513462658,-0.5525923097599159,-0.53943217968737,-0.872677810390159,-1.068081193668634,-0.767365514371087,1.2640154620473203,-0.42338037838305764,0.22133008983795593,0.8155978998336688,0.9901589839422063,0.17399992047949073,-1.8852812757688022,-1.7671006969810499,1.0932262950643592,0.11426437784605672,1.0678939222433859,1
0.0511993140843898,-1.1432515819671334,0.5474450927486076,-1.1798364333923639,1.0031020712506875,-0.8352495859969837,-1.3713345415438263,-0.9178534684118036,0.8659260322362949,-1.4045045093032815,-1.259094833556513,1.4343969368320189,-1.2070372301920311,0.3069045603266347,-1.4404285878622909,-0.4023012079580561,-1.0902725550538468,-1.3358199670258641,-1.0949288892021796,0.47917462712656067,0.4240887088206253,0.3419076743732582,-0.5444992458925397,0.0005922118045934095,-0.6433626983463069,0.4798948326244681,2.0509167724131228,1.5388009244990355,-0.6086008524641854,-1.6356966386487815,1
0.7499629141022726,-0.3926297706626805,-3.855446289149696,-0.5042763463367353,-0.08252311766274367,-0.4104460158542908,0.41365810727319247,1.7098490609747818,-0.3083299654525057,1.5446369728180984,0.09387015966020361,-1.5688463828070809,0.48749870786149097,-1.369496875728968,1.3567224222523928,0.3406990788890495,0.09866899819004853,0.46686284193979743,0.5263892225359051,-0.1591545354601792,3.5879301004265614,0.394674056812409,-0.9343126862092085,-1.5138508477678287,1.3430218663335203,-0.7090454480311205,-2.024659914314009,-0.5920388265733234,0.5519552090563218,2.097843267269059,1
0.9531975762072109,1.6064265746295092,-0.24664555734018387,0.16115433669750115,0.5907171813411345,0.6448980342081113,0.6748249739705376,0.483471975625027,-0.145222445414798,-0.03754378966188443,1.3760902893035578,-1.737230909345274,0.37710656391320496,-0.10819347307837225,0.8087785577168417,-0.7234510825422839,1.1069875717484596,0.19362047901890328,-0.09773973502789716,-1.3184183127797882,-0.3748767639319775,-0.2252481174524121,-0.85982508950741,0.2902377566284976,0.32913061671437727,-0.37909546711050146,-0.7290409632740621,-0.25557277085746755,-0.1653204483337875,-0.2527113940918554,0
0.21198462585843453,0.2215939342979983,-0.12498125310799651,0.7081804500434707,-0.8237511766025143,0.517742899857491,-0.11617330321776106,0.764855407177047,-0.2163055479265666,1.292941190884952,0.31330093057619907,-0.575282476635364,-0.1791499244876333,2.1545943695421284,1.6510491020240377,-1.1027776213712057,0.3652281840918061,0.519050591558737,-0.0011980261186807862,-0.4094827836675685,-0.12605175655319875,-0.2707215319851098,-0.709746421008229,0.03528890986326999,-0.31001291847827406,-0.7559377464099213,0.25034196870354164,0.02540874561456137,0.0977304575570009,-0.2693349739122501,0
1.310760844375419,0.6054608929856837,0.3385561912403245,-0.6076527548861888,1.1320808954334844,0.0015992457309024753,-0.5368783034323251,-0.24553645465891466,-0.014994575221633133,-0.887575951311729,-0.4722727635769942,0.5192816912824585,-0.8120947856639108,0.5853410927053005,-1.0945336690663743,-0.790887739926992,-0.6148212622880189,-0.7673819570520619,-0.8139902236148184,-0.9400315781211238,0.3427112081764622,0.053721866878292016,-0.8132061401938013,0.09667895578337247,-0.6107073620583838,0.11867379245011876,-0.3085676481622676,0.7401092478968939,0.7146035299696497,-0.6407489465824399,1
1.330025372944641,0.3067264751674329,-0.06380271444503541,0.6889053647630042,0.4020966716297636,0.9792954871612607,0.18009772330240165,0.9780464956913277,-0.23533236581534847,-0.31941110246927173,1.1645838581328518,-1.6717617645329728,0.16350301059911082,-0.5903576291267129,0.7231429095503735,-1.321214225864639,0.7091624917201346,0.19685376103899627,0.10256574532367745,-1.8659735999049816,-0.3094937574418447,0.00604218130009068,0.7615769998706052,-0.3629853669773876,-0.06061296276523687,0.709754605172921,0.5119804891922842,-0.48548541668076706,-0.7206163262089217,-0.3214614709457891,1
0.06271030213688156,-0.6504381118768475,0.42046818508811556,-0.7394741614277393,0.6704500391254319,-0.35613537874246,-0.6392407475610392,-0.7100688879193052,0.47432586002174565,-0.8185315360110192,-0.864107755098128,0.9312095766167837,-0.9087296555293634,0.09843891912587943,-1.0643180012446898,-0.34499563459927446,-1.077299931523655,-1.074994477625069,-0.7839790981414162,1.510698928579419,0.4535159705557221,0.2553228056105433,-0.16080837492907926,-0.5643509235065448,-1.2698309174430265,0.06855070500653218,-0.26361609570796535,1.3584897588796394,0.11396802776688526,-1.184484273352308,1
-0.5604602683381881,-0.30661999135796497,0.112340417414871,1.306352193838964,-0.32188657735678855,0.19085657203039424,0.9433728756102029,0.2295942161413214,-0.6289646116351096,0.8826935082337156,0.8295105809460577,-1.7307343089278835,1.0597424603023935,1.2746124120150377,0.3476096157782137,0.05196387248190966,0.27316260920130275,0.37397115733521574,0.5988239266180412,0.46161157892837035,-0.2946086253587102,0.8047568366954029,-0.14092212211689634,-0.05259436859307938,-0.9718889273590606,0.2625778187893822,-0.21767207423221627,0.23307035872391282,0.497348347822404,-0.41625558624410713,0
1.45962695297215,1.603057505030533,-1.1305851800094149,0.7158177038778727,-0.6279496240035982,-0.33358376759575425,1.015171583222957,-0.07362490906682245,-0.055640794502116106,1.682690043019478,0.8119268660950769,-3.0527168012947192,0.679858407460434,0.3880880085085964,0.09595134863279278,-1.3922422960314038,-0.15572019796341674,0.43313543122348563,1.757143353507315,-0.3398246455439214,-0.5642354255931323,-0.23250391119518418,-0.0923627369535885,0.03512860006824237,-1.587158425373664,-0.6475774441629182,1.600555764781179,-0.15688341526372854,-0.14518152153040564,0.7783690819988703,0
0.21909181536283456,-1.0460713321600716,1.4183192398303592,-1.4933537501582324,1.5851395162881745,-1.4797215873672869,-2.175681667654046,-1.575555344544629,1.2109596844763093,-1.2877360241021059,-1.8948380406233305,1.9314196246075088,-1.9294081189757135,0.14189744123506132,-1.6856059015886329,0.983589919497808,-1.9765360286376081,-1.9241408206618211,-1.772207203934269,2.25706344465255,0.3647454560073859,0.8474361084334564,0.3954958567636216,0.42571262852808694,0.7020027996397976,-0.5096673676901351,-0.4042431099677029,-0.4145133891161996,0.7287929462137551,0.5425194640350347,1
-1.9906791830101362,-0.811263240621594,-0.010326137198604946,-0.24326873578832944,0.34498384791992764,-0.16281507893082414,-0.5766287544696834,-0.3748999987660456,-0.20231591612611122,0.3049336668401844,-0.6456863684969194,1.102634882644224,-1.4406113386406845,0.24887160628646776,-0.8855793257852347,-0.06648493243820648,-1.38153141375446,-1.4032664470904261,-1.4783471355228963,0.04424068109283677,-0.27510562730378807,0.13834654308656952,0.09856425262004462,-0.419920041631416,-0.1114595398320424,0.31542936898221696,-1.4543670437180374,-0.950417259940612,1.7023206141898568,0.6691193532090968,1
0.6174890682432742,1.7051448163784917,-0.9554379151263703,0.6887496250036174,-0.9973225379169283,-0.37134343556060107,0.23116235584607667,-0.013893881815082512,-0.12514646073382404,0.9229407379723795,0.9382332130880288,-1.1925436403806395,0.2885165825893424,0.09711623500271478,0.32007870701315333,0.6482747674073079,1.9229583349861024,0.4100442295966866,-0.07079826761890674,-0.06753549151438636,-0.08459236492103323,0.08551137803602228,1.240664089819012,0.1294664276965722,0.12628252562972142,-0.7215442283693224,-0.17846492398269148,-0.16289569542269297,-0.137028260051001,0.48814212798698076,0
-0.13975259649494784,1.05670847467595,-0.6297232536944682,0.5395274852799922,-0.829396060156009,-0.08937322295989433,-0.1422284576478572,0.37007038982529344,-0.22405961147339512,-0.031387396782335354,0.8863761179879054,-0.9657823919761668,0.8363198464129226,0.8562409567709505,0.5970146556184915,-0.1688300215505474,-0.30622646790930474,0.5339105876872512,0.6749149778587011,-0.6268625820714593,-0.4759355590307029,-0.2742873178100788,-0.6373917950344693,-0.07818376980618402,0.9247583014282612,0.6255357712814651,2.1274038168369898,-0.286291105150627,-0.07145039525301738,0.5727124827817289,0
-0.00876935289180359,-0.2684013172916336,0.16474713686283168,0.11853355704915276,0.38446315827215,0.25433561894341533,0.00869461209798033,0.08580587117712886,0.01816193788080409,-0.23775323277527025,-0.25733265286302803,-0.40832586042310387,-0.43678324081740794,-0.35992081865875697,-0.6909948644835673,-1.1922603381654269,-0.01801477245889922,-0.19649460452824125,-0.07235741111771607,-1.0410672596977164,-0.05748465407525535,-0.02194146953859702,-0.31231167350837297,-0.06231750506262718,-0.728394384693106,0.1647337813545911,-0.1969830864802539,-0.13592267609781683,-0.16624651190288595,-1.184484273352308,1
1.0156687428596933,1.5958007288855829,-0.4542572963054847,-0.06766499167102356,-0.11798896504465609,0.48152855467759564,0.21121002272445416,0.5462174927747557,-0.16453466649842455,0.5719390898728337,0.8220651067824474,-0.34645607069223744,0.6309095649209241,-1.9230300635440252,1.359173255208818,-0.9292638460027964,0.19818384421265003,0.3432883066245617,0.34389940982590717,-0.1476056913044929,-0.423174547081952,-0.055270625159974655,0.19181664343640706,-0.012768156875895852,1.3515362948423804,0.511827631158213,-1.1773336488975883,-0.25419194528788497,-0.21009149348472655,0.4323468742609043,0
0.38324122380143827,-0.3765382852627971,0.7087551315396511,-0.6285919884415053,1.144384177330839,0.017653764705604376,-0.4775629733519488,-0.4334004460495027,0.019627354122771487,-1.0318002430721058,-0.982265038696976,1.590200831739793,-1.4579937972526582,1.6567377449322271,-1.3276349941425458,-2.287586078840871,-1.220279175802276,-1.3125982321579424,-1.064696668488256,-0.6508274368722824,0.8023474056416923,0.35461856863358704,0.5896149621282402,-0.5014386719659171,-0.7737004753466786,0.5210507598534412,0.4379799529714357,0.8349030094856356,0.3740946799373955,-1.6356966386487815,1
0.7469505268279623,1.6031426744670747,-0.8077170428570947,0.04891415189678747,-1.1652642325693368,0.21512306327982114,0.5800296560953092,0.2877049751415687,-0.14323255076312527,0.11355916476044287,0.9011346874798355,-0.46455859474652245,0.7169963990602838,0.7869061937949623,0.6323336497659063,0.8250410563326804,0.383796666955706,0.886239158373683,-1.0358190967442398,-0.5675558791137987,-0.07310925948681654,-0.0630420905858891,0.10652428957209724,0.2673404494544842,-1.7017710599007079,-0.7152099066696816,-0.7141579092670605,-0.2013695011294537,-0.19256860643008428,0.8029109816214014,0
1.0335439822177457,1.6129623975612417,-0.499808040713757,0.3529794684411778,-0.15452016654970382,0.10348320759321737,0.4847679533127727,0.23698504606736812,-0.11901767834057071,0.9110869128207862,0.7909440664976255,-0.38622435388557125,1.2218691187307154,0.19504713854390313,0.7372081987332167,0.04844219298088503,1.0171583904286337,0.10479483259296123,1.1069201448039998,-0.4581405729446445,-0.33700037138827926,0.0058245938871641315,0.7555882210382103,0.0324130704497673,-0.8965497958115562,-0.15981259328335096,-1.204133647740167,-0.15726650677018447,-0.17417438841939262,-1.184484273352308,0
-1.57599396512974,-1.6250108202919757,0.6561416051666892,-1.4467548377000952,1.8982255236816472,-0.5666227036620713,-2.528282054172839,-2.559550624470495,-0.06876660673314874,-1.3457824563249066,-1.6618554327135189,2.0551353974099555,-1.629934968810791,0.9008749778826287,-1.29448940198423,0.69979719890545,-1.7296636980374132,-1.8282189828378383,-2.062162277018769,1.0030008093279914,-2.2996476854345094,-0.6147023509129409,-1.3182734532598126,-11.959446132451218,1.0949022113936278,-5.559543486524649,0.010235768562206433,4.459950491253784,-1.5245978390210038,1.9038382283225044,1
-0.7461033070380853,-0.03482125983349451,-0.37151578256541723,1.2463596385458422,-0.5313975746783194,1.0753824355081987,0.5566367308970515,0.6187223234926313,-0.1408731921199892,0.31355524061017653,0.49640814129941785,-0.3457344820804596,1.468774605585928,0.45055422514696053,0.5486728535560199,-1.372125710446075,0.267708052574198,0.23618674758615052,0.13400907752035876,-0.584401737145545,-0.086019436027185,-0.07184603512990247,0.2821274046444878,-0.13721057900625405,-1.1180740213402471,-0.5917366353666764,-1.3230804048069886,-0.1926239850854392,-0.1711856750870041,-0.5237243646686942,0
1.3381599126605819,0.9335122990827921,0.30764305673915787,-0.6460654759356196,1.0267291933422655,0.7292766619676581,-0.2854555796851718,0.07609672162619248,-0.059630394383843925,-0.7329798883778194,-0.28716915560676715,0.7305888410052728,-0.5315107609474368,-0.4816432922842756,-1.0742279316744603,-1.325680033596948,0.21093196701097933,0.04548595939949544,0.5356554217320741,-1.2694651368946699,0.11693652503958815,-0.04292668725387656,-0.6879995149500864,-0.10713600685658428,-1.6056750957001535,0.45520925566923226,0.17107375176252412,0.33207582161941324,0.4566973108742185,-0.526595499901041,1
-0.8691064304661024,-0.650447097733485,0.2876745890261316,-0.4553328768243771,-0.4813734518561306,-0.47004385585873953,-0.7467912099414608,-0.29096295198893085,-0.5074273553909283,0.5649758824502288,-0.6797072363123158,0.7799323326588884,-0.947696715983683,-0.9476751042808437,-1.1081580274865945,1.557386082525686,-1.0763898688997047,-1.048465844619253,-0.8853909068757637,0.4780806807976734,-0.14183792206170384,0.6950167021147977,-0.5197145755847941,-0.2567547946520595,0.2301307498272941,0.08075801840538205,-2.4225026515538204,-1.2320097173185065,-1.9385515538345297,0.8500818518098863,1
1.454580802669492,1.5567086993372152,-0.4292684124625206,-0.06237205754713992,-0.34781083326443357,0.2948271327109985,-0.42637119395681555,0.5661522781752416,-0.25333500397103426,0.7280953178475144,0.40095080806779926,-0.6648067284547017,1.0692752901526352,1.0375507242679167,0.2802681662821996,0.7925066898073885,0.5282059490827115,0.5596636957070807,0.5670230353547876,-0.6159367084785987,-0.08042064196202911,0.012134478901475319,0.7023712165342563,-0.12780009220428906,0.015962956968338767,0.3225290250322912,-0.2225404393383348,-0.22455907640167952,-0.11331431494259185,0.8359072862182776,0
1.3508771256388337,1.688484014892217,-0.5015121315637372,0.07583527964876996,-0.5122461102877324,0.25616511474585785,0.12713835217445218,0.4113968248794075,-0.16709020398658783,0.723840789668174,0.722713943669676,-0.3004880816919739,1.075415936698857,-0.5732671913469187,1.0052078091849643,-0.5262400977306158,0.5422168597834838,0.25981472666886574,0.13651834131458437,0.20928054190951245,-0.3565393383462679,-0.208268281224489,-0.6745081762764528,0.24318955089330782,-0.860762417734192,-0.5408129186392174,0.4637740897154802,-0.29092801052495215,-0.2339105368495712,-0.9371757956967341,0
-0.44323201295556525,-0.2824713155879894,0.03213050110034926,0.703874871988021,0.23028177248799883,0.026497686401027624,0.9773463697965538,0.1115003721721325,-0.151480283224759,0.1523815717816448,0.6826968352688165,0.5291880773253053,-0.2311016253263148,-0.6589824085191032,-0.3459665325506001,-0.5479973680290909,-0.6778899631653368,-0.3899988699968979,-0.7958208845611556,0.4189757098010846,0.29623576319949296,0.04234538213847087,0.40774392041056545,-0.10653006801363303,-0.468407886353432,-0.7671692979033622,1.9589060329405752,-1.047728439155029,-0.8292473993987148,0.1312872808473132,1
-1.1939451943936383,0.07633023869683221,-0.3935557847429624,1.9462023108786835,-0.6175146851807898,-0.006798535982050948,0.493220992943205,0.35461410106487873,-0.10235127464131073,-0.17524387972830022,0.7724586220788552,-1.0224633032962518,0.33303029236242015,0.047919287741517005,0.6007871532025021,1.1956291292007495,-0.17567285189754853,0.41905307995303026,1.5201835025704085,-1.7402935299329036,-0.5621371012219618,-0.12529022569076612,0.15068000792793476,-0.07834050418827913,0.04572313141939101,-0.21265601457968877,-0.5230758814250346,-0.10582501665509114,-0.0012481276643416762,0.35152493136109497,0
-0.11830970062374227,-0.051334641977825744,-0.24693333655903665,2.567788276495838,-0.35582637728840927,0.19177650629587628,0.9492183062306165,0.42285874475321134,-0.08931176927369078,0.6198720826133831,0.5714196874830122,-1.3042107255569355,0.24014378450076893,-0.11970317767008821,0.4782867587021023,2.579336293654787,0.6021698330947749,0.2648889062980087,0.8587462362962872,-0.18238687524295027,0.22796599734393733,-0.011040999460469608,0.7703949041311587,-0.35233176000518035,-1.2976758763600569,0.34690538319094155,-0.0788216915947196,0.016606123981561898,-0.22808229432484356,0.48814212798698076,0
0.025182541156302526,0.9370881167536764,-0.39125827552750614,0.49742321983254023,-0.38099839198944885,0.1874918702329835,0.009278067510352412,0.5264261757080401,-0.1811411212711485,0.3916841967071122,0.5680605327348721,-0.6243482937534296,0.6245326194730745,-0.5230490727703798,1.037337362617892,1.137569359043815,0.2987435873973921,0.45767352471458755,-0.3423654377429117,-0.4264315092539278,-0.21269900702834915,-0.24208997345299435,-1.000965546034876,0.11116381369009125,0.09781413793365297,0.19812960477737557,0.3730886078702541,-0.2722385849220531,-0.06378415849812943,0.48767049928524103,0
-0.816808471432592,0.8069458798276729,-0.4225392186195888,0.3600472806144824,-0.019886499297884365,0.3062666187435676,0.571094940345361,0.40819358397327477,-0.11045817220358595,0.8389402355778219,0.31569320783890836,-1.2350959969867212,0.3236094219307765,-0.9650217030594375,0.13533478946898353,0.35908423229439995,0.6082366282472219,0.9071397716859637,0.3480072341988232,-0.4642264015700312,-0.08984436467626436,-0.23805743823833844,-0.9335758945942391,-0.14999684966682558,-1.5787377788136898,0.6496070868584053,-0.9770731277257174,-0.1646460322075341,0.043682159160098384,0.9324352079282489,1
-1.1364098958598978,0.9770336049175707,-0.3849623643094536,0.4144838965074675,-0.48526027173554764,0.40676366899635613,0.6736600967306093,0.3695323658525621,-0.1043979252693854,0.38878808400138154,0.5452295961191655,-0.19915780761206808,0.9241363825049763,0.0667290387959632,0.6182007287959885,0.7639435239440407,0.9710617759629208,0.31610121355682386,0.4043183568975443,-0.06595327571603625,-0.1631208933641457,-0.21468447090760523,-0.8029808957664126,-0.038547353180097665,-1.9468826239865236,0.31599521124591423,0.3986718716364724,-0.23025932620099604,-0.07090245742575103,0.013926882165223182,0
1.1584215284681976,0.1643787529095112,0.38563279006007334,-0.8377916022906399,0.5022317748456934,-0.302332990155483,-1.3014482745030465,-0.1540253679741869,0.09082851044418729,-0.4590675225723324,-0.6680752392970694,0.607874788917237,-0.7913804117089763,-1.3076323307705713,-0.92139700412069,2.2812385560867936,-0.7928713205110884,-0.15847694082471306,-0.1798994586941168,1.4928169695911715,0.22678458406446325,0.16738164487875729,0.050811319261917745,0.1571683774772069,0.0038779503872938535,-0.33873697533389685,1.1820684673879633,-0.0504798028623775,-0.2764027857188459,0.8832719919925485,1
-0.1461624235435941,-0.06602138989391963,-0.2927380843167271,0.2928830292663827,-0.8578565837133579,0.5315859793645183,0.8384661480035633,0.0768218515441452,-0.683304362984424,-0.5230412202872543,0.6814458731810995,-0.2810820501674459,0.20631607933375376,-0.3433745593005247,0.5253904871987725,0.9014739370088763,1.0570005884327578,1.0548278334871926,0.17929336371103016,1.6070165937658574,0.7284084323537807,-0.5420381746518392,1.0879408280589624,-0.1716120833869368,-2.2133580300232993,-0.07225390849068038,0.48072994329413943,-0.2724206564251356,0.23141118879978723,0.3507256091563587,1
-0.6304942720580974,1.0775116554380184,-0.6813601863163979,0.8641664909589157,-0.9986265520858687,-0.23646990171400498,-0.06344240730301802,0.17720895825429006,-0.1257983771283989,0.08584132087793678,1.033407509712851,0.01264510454722796,0.10740925085895976,-2.273653276273165,0.9781408467759058,0.32855157957856973,1.7136509304633936,0.5003256648154512,-0.1693420528749077,0.4514951102615431,-0.19995869354002674,-0.11999765683676615,-0.4682420798144742,0.1350097015051795,0.8681297098849762,0.054635530725601386,-1.0905770553064404,-0.222861174947921,-0.06764411074036107,-0.4217216146486963,0
1.121018909263188,1.9093727950580088,-0.6899596611963584,-0.053668653369401936,-1.3017668093485888,0.2734803205475242,0.26412901338976275,0.31428859065985615,-0.19276381314602065,0.048817519564587956,1.0847368958268757,-0.48105150487418974,0.733518511312207,0.706146939354621,0.652897263885322,-0.9052468207378985,1.257904732112423,0.36255302415323454,-0.3149961383418126,0.8954114793503707,-0.1039495055540356,-0.0885616295684811,0.027051456812659462,0.015419942111402721,-1.8543685012332178,0.08620376154951165,-0.46507185741641527,-0.25126611785408504,-0.25128241334012474,-0.5790174923812138,0
1.050510048473304,1.438304970275806,-1.3107831484417154,0.07606724728461166,-1.490984417370395,0.4815094282481724,2.4921675685844527,-0.1102591828769796,0.15887131816747882,1.1120318113970815,0.7987075532078833,-0.9643692498654919,0.5880892807912185,0.08242905514752198,0.22615354809497887,-0.8236610342643066,0.9723130598341628,0.6231477724338432,-0.42382766139402434,0.34729553739361085,0.22758394538675286,-0.003306486252686875,0.42236677073379303,0.08486831291961441,1.5524231056880833,-0.5829879262846314,-0.35024078790066654,-0.15553934420606774,-0.11529665021321532,1.1265578522612798,0
-2.2237398877514294,1.0785837381413612,-0.45052522649198645,0.4067502533783714,-1.170288479703657,0.10437965701216621,-0.24846927210740338,0.4609168423344418,-0.21337530381724876,1.2366217020080044,0.27545764118184934,-0.9631710536058328,0.874126011270317,0.050512544424224946,0.8977461473347843,1.7896558080090925,0.16555681207418793,0.32418774657624216,0.39018151198672263,0.36217774993965585,-0.22132258242816683,-0.09096493011481635,0.09136941797701381,-0.21626822308688146,-0.18797717034573677,1.3569924373198887,-1.247466438195295,-0.17310174735929756,-0.06009603149935551,-1.184484273352308,0
1.1099254494578779,-0.3933040276014079,0.6117431824292303,-0.7128557211001667,1.4281248240147355,-0.3011656244640386,-0.1197123015944668,-0.5116055060761933,0.43771011569769397,-1.0944183360472197,-0.5678765286244833,0.9290925625096098,-0.8555635723231434,-0.7471246032287718,-1.1537932857200244,-0.5784127135306929,-0.6752882203627363,-0.4605928849221526,-0.12065953771278574,1.004685231217993,0.3555907622708699,0.19313997247672365,-0.12575671781333925,0.12304851510950644,-0.800922225716207,-0.04333114615721123,1.1083058861991002,0.3373266858403049,-0.16785664033460113,-1.184484273352308,1
1.3814112066632562,1.5851823609947269,-1.063223965695602,0.2181244989888611,-1.4113440526557914,-0.22095150159405214,0.273043398841997,0.12742338870087191,-0.1523873330115455,0.9231493314311209,0.7694895484386096,-1.3649927684180907,0.5035781271934012,-0.022566169733932693,0.5574749445059485,0.887377818434809,-0.1743947390718352,0.40271495085337444,1.6375344988098524,-0.8369676241496241,-0.44813996016640395,-0.11894766425241658,0.13796922259516295,0.08951287558189643,1.4650668639841307,-0.6483644055435734,1.5564491168309167,-0.2508521436284867,-0.13243127182992717,1.0103000937389583,0
-0.01654611816934263,-0.39237736082261687,0.17928303802864876,0.5133014563047062,-0.6422232351826901,0.07920554889146583,0.8103050241533808,0.19557172130394027,0.3188837408911218,0.16565419175748508,0.331478942831314,-0.2737876177542944,1.1674649968827326,-0.07676012343760326,0.9940790305111725,2.1632885996364797,0.10697007609139857,1.278455516620673,-0.6472004842264242,-1.94257043320389,-0.234122063630834,-0.11956387018812159,-0.2813008444957622,0.28653720472639704,-1.2139065973918957,-0.5981617558379382,0.43737474835097184,-0.05363343078725867,-0.047222227977245845,-0.9371757956967341,0
1.4424606848850983,-0.009634576671142736,-0.1579280488634416,2.1708439184456476,-0.7958253056868219,0.19210263364740768,0.23684808546968497,0.633958960041315,-0.1752629228089787,0.7173633152663479,0.39416586056154596,-1.0461184588940549,0.4455554133400486,-0.28564626891240186,0.5804831296869724,1.5001859716407526,0.2953115232305821,0.30781722987226784,0.48567935341825724,0.35590725382433547,0.0905630795525329,-0.186989570957174,-0.33329711203621337,-0.317326446690109,-0.03073845450433252,0.44749379525873173,-1.4906012839673242,-0.009139858618761485,-0.2406311070942444,-1.184484273352308,0
1.3140760159652805,0.2659166791054022,-0.12345803681795502,0.29207158199020483,-1.0232162692298128,0.8406803210894128,0.3449309874662962,0.7241013340075741,-0.12641056341782897,0.2771228488987155,0.3544843599033844,-0.19937076040233806,0.9873898715948827,0.14574619312741133,0.30008366291742766,-0.8455218979417404,0.828248826661848,0.4466115754110146,0.4965253931648513,-0.10384667968770642,-0.06614419943743911,-0.2261118240105129,-0.7247770246066273,0.005922184806289288,0.21692860016923027,-0.68038529919335,0.2819146643880808,0.0264146395446538,0.05449245541759118,-0.8081948941088754,0
1.2125146644947686,1.6763603243069105,-0.41452976676583364,-0.08637379826014123,-0.4524617003181043,0.37100153581792367,-0.11774965087601891,0.44854060546559515,-0.1872100408960896,0.7629194598879102,0.49428820677354485,-0.14894002865638853,0.7496193141691802,-0.6704655396606976,0.46910408751018295,0.2593820119877967,0.8118143525278289,0.45130913942649503,1.3375269165978654,-0.20160993178446557,-0.3187512908755845,-0.004067628138788076,0.6304036469949429,-0.105549082351513,-0.8686823593374999,0.3049695690882618,-0.17669806769399043,-0.22686620532201815,-0.1738604737568468,-0.10448260845888395,0
-0.48471231349624655,-1.2727754976875216,-2.6042438985358234,-0.6993566661893292,-0.11922966166516055,-0.6998568635377489,-0.3320026533325447,-0.08407128979828972,0.17720697256274182,-0.3690718911581973,-0.3667613107708515,-0.4890267781693361,-0.62926710482379,-0.14862991446620064,-0.3893772186886293,0.9414463148622499,1.0624989043560058,-0.3972126275097733,-0.5569695693735539,-0.11928791554037171,-1.3505696047522442,0.08407403689808157,-0.1382011636340402,-2.4563476478696598,-0.7017050957020172,-0.5030362378358215,-0.718792810324265,-0.1717921002668336,-1.931359814217423,1.395953016234799,1
-0.9119763016262514,-0.6292628208636266,0.4333763488965277,-0.522024900761704,0.6648463403903735,-0.7605628375617521,0.39819699302157985,-0.5837048847696252,-0.16031633329734934,-0.5660404599076393,-0.6373923302810139,0.7279181044085528,-0.9639028290663592,-0.8492076436417743,-0.7874090301267597,1.1814002275744682,-1.431316693492104,-1.1322762578377066,-1.492323809283674,1.3014004927406362,-0.32719528757233224,0.8817830118038696,0.15108961068363685,-0.06682480320684153,0.06843341358354536,-0.7127969643398032,-0.24349867286153462,0.25876815486452825,-0.07841834909976807,1.1419674654173506,1
-0.11321015456267222,-0.06007714879044307,-0.23732752553104347,1.2391047521529273,-0.7454656274294236,0.01384354566606758,0.11181133848013633,0.6605948176113912,-0.12875395297517622,0.36995174028428324,0.24204799733997806,0.09990875217626746,0.39050637274949007,-1.4260041521419802,0.2280253059610404,0.23429480725609833,1.5899706146946158,0.5141169127868553,1.4351139747221482,-1.011567573972372,-0.29036104687496694,-0.039786498987461956,0.15827595560659047,-0.11559811392282794,0.8093998992227357,-0.3990851959219951,0.7508129920541636,-0.2765391618522907,-0.06798493263239501,1.0181252410391042,1
1.3110727262319137,-0.1566597898920118,0.46669113642937354,-0.7053651067977034,0.4649476566080453,-0.09055571969776131,-1.1132579664628108,-0.10582500181581073,0.009710054021948062,-0.8768010259451541,-0.856931793642138,0.760142000015284,-0.8237867976787617,0.7118368076214922,-1.1142797501815656,2.096694186482725,-0.9911217170957539,-0.4557128842925776,-0.3960120959650274,1.9663221857131228,0.9081976003636778,0.21638153297628226,0.1347472750604404,-0.19986361611993014,-0.5215727237439264,0.7122992572095022,1.4797848343349986,0.5762512196970118,0.5993999817090208,0.8832719919925485,1
0.38590516675091785,-0.5653022566446153,0.8316347055062402,-1.182596830646637,0.8071191993459881,-0.7623086260323915,-0.6906980101049218,-0.3780915621982499,0.243482325360075,-0.6927281564173395,-1.1284998000677084,1.5860998624487899,-1.3498815011265193,2.031546244207395,-1.152754595709459,-1.4548844247926576,-1.3577729981099094,-1.1930971119320581,-1.0153500428068647,0.915963878880519,-0.002010838375024146,0.4053278736894319,1.2496653372040798,-0.03706313188530036,-0.6523596966423767,-0.9298749852867775,-0.8343448210110843,0.4700371720003676,-0.5497508639611378,1.4292834706452107,1
0.7298608487770814,-0.2850679586719335,-1.766388105554683,0.17856979400961157,-1.9260782222773016,0.419983176790731,0.28153733295308925,0.8087215309809315,-0.1507169258126794,-0.02547012681195598,0.47989897832452116,-0.49413198850463474,0.9464831913676601,1.0668935135082913,0.48064005374394403,-1.9297107102721736,2.0745873532829755,0.18107944149533423,-0.2795424994163321,-0.3706966164906938,1.2635535751967968,0.07469720100862552,-0.29740721329090475,2.0808138935818703,0.1360951140984453,-2.5274465747309756,-2.9133594970367875,-0.10665546932604829,0.7701522103274631,1.6013025678616224,0
0.9621231055567175,-0.13610696991983412,0.19851209933938474,-0.6795981160134347,1.278003326661337,-0.8665149878427224,1.4903206900807142,0.7628090883600369,-0.6629824786057866,-0.9430946662990385,-0.28925824790153465,-0.07325757356224033,-0.4820682467743106,0.6098604359768512,-0.6637510748191857,-0.36788689480800557,-0.31340512771918366,-0.1413386406512443,-0.16565353310061,0.5353767277803301,0.9957465738324658,-0.4671401595623132,0.7154467870962637,1.286505457786996,-0.6389138323640079,-2.3923179229039664,0.232494506728553,0.9546423796396935,0.2410008030590292,1.8041615649290978,1
-0.1730099192812382,-0.444581471674368,0.2713300234320101,-0.31394165314279765,-0.5658877471725552,-0.5896100731457092,-0.025302516979063862,0.35447156384007183,-0.2379057887467624,0.5586462748431008,-0.27233259449000385,0.47228748201105314,-0.5207816901950324,-0.8281571245350504,-0.5623936692952901,2.2090555951056596,-0.8613150967016963,-0.4951860331879208,-0.8056872142064331,0.9909731609205031,-0.5897502034317657,0.011735729763058254,-0.4801916254956335,0.24053328532264473,0.46052428063033873,-1.8039680264404836,-2.590982662228747,-0.792034270889986,0.5780920221551389,1.385857412650633,1
-0.8401842737935581,0.9237444422755896,-0.4386662550346966,0.6142499417506976,-0.39333594455460075,0.1042093580896697,0.17008740853372126,0.4183141299753892,-0.152962540382397,0.3809027109700055,0.6571822921912999,-0.08510741388982868,0.9854260900721222,-0.4102243743698104,1.0115848868168662,0.28930069177193457,0.8018834910431404,0.22907956656879772,0.4026441972529686,0.036165157118997884,-0.13656517384191083,-0.15968089018997123,-0.5970212603980549,-0.03791028412124405,-0.03652757444996968,0.3797215972145883,0.3890461409410391,-0.2667218216029119,-0.06867108251327808,0.5736839061623847,0
-1.3239979499199903,0.027926139810413787,-0.13832028231133514,0.9882088139662774,0.13147138091544336,-0.10069110227568656,0.5036196202076108,0.35826902066447974,-0.07511065758141791,0.6821275168893222,0.6251320621692278,-1.3152460421374246,1.4230944548364246,0.971648705114754,0.4711571211106843,-0.5130780665431823,-0.10832855849423317,0.7433721305449679,0.17844878730366107,1.127105929445482,-0.24417567362613096,-0.032344611990284655,0.6423401627550818,0.15718046953517845,0.9136141749093134,-1.464807977724476,-0.6827010825467744,-0.4267799053179822,0.18046359506263335,0.5333602324021116,0
0.38584889849052884,-0.4921163153417582,0.7805089092769184,-0.9967817897524551,1.02441772941261,-0.35194011521191076,-1.0769422961639645,-0.6184493561185264,0.22691295581266516,-0.8537257907006959,-1.0637735359437728,1.6585937499256151,-1.3713110020445303,2.0498595208484724,-1.1642388204112128,-0.5003793733979328,-1.4883683037530149,-1.124917411318389,-0.9630908764802976,2.1704295602812342,0.6597127925026042,0.4249288152332051,0.950404775052468,-0.2725675178348995,-0.6692660834625731,0.4994432690024106,0.19764602709063048,-0.015026769759597883,-0.4939465391804742,-1.184484273352308,1
1.1940259578772419,-0.18020717095033187,0.6133242213178943,-0.8541528234787542,0.7021884673454473,0.061574346894393235,-0.7937426541789179,-0.21989660912369016,0.13457103088396763,-0.8533686648161373,-0.6485056564724613,0.3282876352259581,-0.9310949495923814,-0.9840335197675405,-0.8895398474347205,0.9435867844808989,-1.0542427043076836,-0.55376334929204,-0.38500962150405527,1.8453267871040548,0.33424710110974193,0.3727486360897517,1.301770880313803,-0.08248206040941042,0.5448889446046844,-1.6747064899373454,-0.16117006940171136,0.6332487189417983,1.3217827513123919,-1.2656292596271719,1
-0.5496816970886753,0.17480820449656104,0.11929571468314154,-0.23805092396024402,0.7299294976145192,-0.30134276243821334,-0.0016226607320439673,-0.3561517981721241,0.10576374834779312,-0.6733643163607049,-0.39462310612633944,0.9557984993357658,-0.8183282164082631,-1.9275601134198945,-0.7153912180824288,0.2257549926190435,-0.724285050842442,-0.8660659082896647,-0.7324341293411336,-0.5902221226861881,0.22455942770891174,0.22425419369115893,0.18823197960421004,-0.1636209522622774,0.01341873743996227,0.9519318275675038,0.469666034317614,0.70565022730975,0.7046654610153154,-0.5237243646686942,1
1.0268011374945993,1.3291215246332613,-1.054930865954532,0.07358782619575381,-1.784089495123742,-0.12431883275401107,-0.000903703322106932,0.3303773395923984,-0.15211987081939424,2.629359498273194,0.16892703904357684,-0.3526594751872386,1.2825688216292612,-1.5744157684723745,0.9943789382037387,0.24943649397498963,0.09627153324759129,0.3506085441998163,0.622080385776523,1.0883173972775273,0.005323414816623919,-0.1950445605054647,-0.8758236452934927,0.1003414306017843,-0.8536949810244269,-0.5953308179398957,-2.942033358614804,-0.19657928491007098,-0.11672081239606324,1.2338773289743028,0
1.3108757496382695,1.5275921998602338,-0.008955078029693071,-0.11560234400909412,0.7413645333520331,0.8743757189909048,0.034850302897067476,0.6115099708455063,-0.1755086053264999,-0.31802294317923596,0.7100627195984364,0.17275547744817993,0.703881955087257,0.17408132691770553,-0.24926590263302847,-1.2464767701372714,2.178083833900095,1.2096485649583344,1.2191984280238402,-1.6986812246723972,-0.27570949196301914,-0.2234192039239967,-0.775161843456305,0.15988565304983798,-0.48635330868928395,-0.25144364648178785,-0.49609289482510815,-0.21998805447017214,-0.05054740832896843,-0.739749150887829,1
1.2043491358650709,0.9444264917531138,0.4783951220245098,-0.8013607724139727,1.0623730620568863,1.1942305182922675,-0.6498812728053673,0.1530567973338837,-0.08210993404010487,-0.9273041649432592,-0.4647803296140753,1.0630248975314276,-0.6083126051549683,-0.3514990877490047,-1.3082036564483597,-0.5963538466826426,0.7826375973725302,0.47405289498176,1.6302091684177262,-1.9101517373009955,0.2224732835339956,-0.04247623997511593,-0.7791689264675097,-0.10624867815715973,0.04223174227533825,0.5392903446123432,0.1533952458728921,0.33649480346130367,0.5774937768031023,-1.6356966386487815,1
-0.8635735679252742,-0.030507061481383255,-0.49362006197749186,1.3256998071401054,-1.0509584129493477,-0.09015665618112126,0.7657205742934081,0.08520729641274188,-0.6730768920557275,0.8247186128834589,0.07253617418840227,-1.7867354120088002,0.7309295430247583,-0.27583406371699826,0.6357557688732084,-0.28088636729305005,1.138124020056539,0.27070618321015527,0.227025386491496,-0.7008779106764972,0.7559379504956072,-0.7054524511482546,-0.23418847442418322,-0.3204553219263479,-0.7157552385009689,1.3171513341488903,1.9058962329198346,-0.2761391948198215,0.3484826600046082,1.1589585442324852,0
-1.0585896972043247,-0.7360638348720815,0.81922336724964,-0.5673545247733442,1.0660290504874121,-0.853875024968058,-0.22459207898865427,-0.8919951869576052,0.6204759086529565,-1.494172194785377,-0.968235017329287,0.6987302068532165,-1.1300438870924139,1.6300655436015703,-0.9989478752471292,0.7748188653586697,-1.405958207601327,-1.5371278254260607,-1.4394842245384647,1.6226034765379804,0.6263958300616245,0.5588988189219503,0.8438062899755764,-0.17031423999835116,0.008601940507954129,0.04370647914452132,0.8657863139638341,0.525609802420391,0.9448042849693314,-0.5674866003627659,1
-0.9593813999900564,-0.11030425669723945,-0.21968880264266877,1.5185488011818373,-0.6191919831581579,0.6432033941708933,0.428500942249712,0.7381378575645801,-0.09772296790649773,-0.06702290090121701,0.38639527224410314,-0.042885471790901956,1.0029817313160296,-0.3135531224018704,0.983584989809414,-0.14357215027544978,0.6786788656804048,0.2207864972722576,0.04062943159276364,-0.7951156502801183,-0.11225029909188596,-0.23863522152176886,-1.1657786791023037,0.05187682518382687,-0.737543689216116,0.38043663937325506,-2.0088820344905898,-0.27050328469233537,-0.13718513223784262,0.6108653367403284,0
-0.06771088752145785,-0.005908992581119052,-0.1484282774704544,1.4569822487120223,-0.2383707065776276,0.3313200330719685,0.17935892012689705,0.7557610592924939,-0.20084436574569953,0.29563394027914247,0.7280950261394241,-0.5608845774957756,0.44580229272657157,-0.4842170257598579,0.7632341952429111,1.461824723917874,0.050133917006893125,0.47600144199763955,0.03990921122493035,-0.2566112024114884,-0.01943770799391774,-0.05113461001373728,0.576277130487976,-0.005309597333084133,0.7804941273193999,-0.5596806296398887,-0.7208157829968882,-0.04150174495647943,-0.12418906279501794,0.24399260040129134,0
-0.8829788396054999,-0.16870456939398482,-0.7534420452851178,1.8387638039633645,-0.034511738388229386,0.7463880685311806,1.031819939025664,0.12531184799598785,0.020070024089391975,0.7413579731425799,0.540794395813476,-0.8385746298743739,1.000655850132198,-0.09464097081460827,0.4624514210734937,-0.7280053161857853,0.15288273412863712,0.43941513765664447,0.9194282704406107,0.8205960887261391,0.26717782942202833,0.05087123613741966,0.9550859483829138,-0.0793222730098989,-1.7964454180161926,-0.4109572561012677,0.03558641597702727,0.015693581966844287,0.2782987534787049,0.5222642175455205,0
-0.7316014086630744,-0.2574093275045923,-0.18853753331763026,1.0099897650580543,-0.28235892798526385,-0.90970526664328,1.5911474763884257,2.1266890165060834,-0.23221885199622835,0.35088486348779896,0.327996112220692,-0.5506467015796368,0.5688220410576628,0.427882223407361,0.5236821623171023,1.7534725270840656,0.8518968398288452,0.30381186256494375,0.2542162875743955,-1.1702952980074677,-0.9418454545783744,-0.10317848074469284,0.7547400710508537,-0.12563840098346826,0.9194113879339146,-0.4302133112027511,-0.8768209093455385,-0.13733102382520365,-1.0959808796282005,1.7596943792221513,0
1.2556610400893358,-0.3267641770972721,-0.5686834312808124,0.70807724797218,-0.9111748720511125,1.9424028875941075,-0.37817637077773036,0.4660364912649157,-0.14070705388272475,0.38739246175914627,0.04499882921301326,-1.8284000232132678,0.37041973018743174,0.16882595510610054,-0.0021062155678626317,-0.8761948246507885,0.8000728536438817,0.6928004308093842,0.7604608009606533,-0.43174487662205063,0.21437242996489592,-0.0855508306468232,-0.2512638187002413,-0.45668203515574207,-1.7660087242238134,1.9132015795933666,1.493494734552795,-0.29788562365428095,0.0842334560598916,-1.184484273352308,0
-0.5060676836346966,-0.809265107621166,0.5073112000054332,-0.33668564489629427,0.5439285510538773,-0.38074412060892,-0.26125190313857743,-0.3419229891150727,-0.3905862911328645,-0.49151508325806864,-0.33675782929731274,0.5580770149491225,-1.0045238147796625,-0.8925920074979473,-0.9772509150411254,-0.003917521147466566,-0.8910154185757752,-1.134224174460264,-1.0891186295270159,-0.6726529187747821,-0.24528804665991613,0.6972840772354794,-0.9142721321523438,-0.3284339952048922,0.2925657901605935,-0.06976803779725849,-1.0709407214839621,-1.4688982486079134,-1.9073794516902725,0.5501625646329487,1
0.9704367956014653,1.7939777545980822,-0.4039158801898997,-0.17978347116918905,-0.6199080958849437,0.6270489770624619,-0.24172855603599114,0.7028923427485285,-0.2705035145906393,0.7945347202677224,0.5178456371861841,-1.4531200628121448,1.098957340025312,0.6967403973848815,0.9355229306305952,-0.11855250039901936,-0.01857300890250886,0.3376514376047544,0.019894263152096248,0.18906812624823494,-0.3098673552903735,-0.04695062673812081,0.5460759269204575,-0.2029455992930345,-1.1203710312703095,1.1153546420408373,-0.5589859797705551,-0.24022923030804835,-0.23624084021889624,-0.35827680840605175,0
-1.2124480818241363,-0.05558134610781053,-0.6281649570595287,1.6280431755449174,-1.796816339286967,0.03542283985812818,0.5640132118025617,0.21040462230992543,-0.16116406610351164,-0.606526435734067,1.277668925151138,-1.8332708614521769,0.026206124730013255,1.5126214148326067,0.29708293943990544,1.191266139356623,0.3325222186600975,0.47063841373048837,1.0432335659683183,0.5769226945819965,-0.23517905244230514,-0.12842140996131018,0.11912505129609947,-0.22052202709294483,-1.6455552097146577,0.5959112462856271,0.23191071307536526,-0.3766283508133134,0.19070958690452486,-0.1664106826136316,0
-0.5101051896690891,0.028090628593782842,0.23325091403864512,-0.6413067416554858,0.7829833783170838,-0.7627553646959898,0.45714855721265085,-0.6871035322007627,-0.312871417029662,-0.23709191525878118,-0.5219645039812661,0.808588386799509,-0.6194232074331673,-1.8617415894459168,-0.5759278585658626,0.16052399322930588,-0.9661085584498708,-0.7028770165652992,-0.7645287230179307,1.4830252726352127,0.5950279326961595,-0.3454119209638251,0.40964783359747803,1.115739881666783,-0.042324451445474955,-2.748513063929238,-1.211717682400375,0.299797248885186,-0.08201774858180255,0.9640595370473213,1
-0.9083469337233613,-1.1644157712886465,1.2044002180029945,-1.303330376902119,0.7431676234500565,-1.2069469791503264,-1.5481721375456499,-0.9046719943409304,1.2675288060798342,-0.6976103485995584,-0.9347297282266175,0.6465485933187695,-1.0053583315503862,-0.7111882876793264,-1.0503721960756576,0.9811654280498977,-0.9327857990289431,-0.8892926907544496,-0.815344706007392,0.361478793079393,0.6850034301841181,0.26963549214817234,-0.6189908707259083,0.14476385729711908,-0.1257335627477002,0.5228908452198002,-0.5544026910021689,1.2924202769229958,0.43453160360953447,0.9067622997526911,1
-0.270732368033886,-0.2951237587596709,-0.6390200770606601,1.88021282956648,-0.9535138352755523,0.01712022315293018,0.11662754721857853,0.2375159355732414,0.03435760899306103,0.6475000867795819,0.18224922295465168,-0.2270316391504294,1.6924867925807296,-0.14613856726366406,0.5831974748491531,-1.5066055267251404,0.6913744311555674,0.38597979308148506,0.24613131033713254,-0.26338469386037094,0.026400076542815832,-0.07716101235114703,-0.3247246744186701,0.03813695140925132,1.1958916457039779,-0.2392177921397617,1.5063628358643828,-0.38892102861742545,-0.4763946800066186,0.6781308043081011,0
0.40810878063927924,-0.8284620290852699,0.30742539912601335,-0.4983128472711146,-0.12443552033911096,-0.512236631025624,-0.3848270746619053,-0.5026714693942774,0.1692937997345231,1.2974923605637938,-0.5900727548911786,0.7900728927327628,-0.9074712261750335,-0.026420996380345018,-0.4857678733190094,-0.8910264459843998,-0.24314586746181263,-0.30284506077313167,0.45111776600944725,-0.2038333415528529,-1.1680480693453625,0.4254003484588128,0.028611946996581573,0.45262963601033684,-0.5111109942233193,0.13634529980204768,0.162676355992204,-1.0628368770122494,0.6291819125589942,-0.88082590239259,1
-1.822248178322092,0.40192951029499463,0.6712239510640949,-0.7482497556199649,1.1873103515793593,1.1705917340977066,-1.330096994203587,0.23660417729065564,-0.17373082217328167,-0.7028786748645943,-0.7119422515708629,1.0423019979150296,-1.1243371700988458,1.345320921891515,-1.2387002777679907,-0.7308660596477851,0.09759575651692781,0.7931773291866634,1.0933559315587684,-2.116149599047769,0.32287908319228553,-0.03189242254002464,-0.5951835860950718,-0.5706034029309296,-0.7232998846256385,2.6656048429818235,1.079332789118426,0.3893485200898884,0.7560938643904033,-1.184484273352308,1
0.8116184110568513,0.3089277129795066,-0.22567439711901194,1.6633396405657124,0.7608766063913572,0.5045773937362676,1.5381317594193784,0.2284619204604778,-0.0019180427055698127,-0.3277458817677084,1.4508278163830062,-0.6634477164941182,0.739466586947868,1.435739166825253,0.46457413943082615,0.5053950176749085,1.242318600182491,0.20502620825416618,1.3537994168331937,0.9203848187161315,0.34090839869462153,-0.09747263095132913,-0.18898464563646789,-0.0802400339594689,-0.6696206689825455,0.5384758074408925,0.8461910869825501,-0.3787511296453297,-0.596169401612226,0.5135603370988966,0
0.3539723901423039,-2.3631019023941913,3.364320799414959,-2.121040763492019,1.8864973189254388,-2.513321860962915,1.7005854758228045,-3.5128685037536225,-3.8798408900586696,-3.0325503748135323,-2.694959079586389,0.6573040949985465,-1.4389798433337753,-1.3623163989120448,0.7095393232021477,-2.4920688992970006,-1.4160311283535767,-1.8762806425434504,-1.9622773216527671,-1.3464925526148583,5.218678855970416,-7.078651716268148,6.764572943254199,2.9044688007849797,1.0267390175102569,-2.201771865112851,-0.9918546284036706,-3.197105476485779,-0.7255200846711323,-1.184484273352308,1
-1.0913070307253723,-0.10474612616550423,0.4731645548717193,-0.6556150597665226,1.0373807503108672,-0.5139117217759505,-0.6461665509752316,-0.6980052195950585,0.14964139377797994,-1.1787850214599607,-1.0449781617294511,1.0613673761086644,-1.2127170558494527,1.168084247988764,-1.4045904379040113,0.4020360121536641,-1.2616382909236046,-1.4763006694511143,-1.3271059148400959,0.14172282021080243,0.9378119412426441,0.37541005219124157,0.016745791391991376,-0.33845687328687163,-0.40316532401751226,1.6956459574699048,0.5856869669675722,1.5596384981966744,1.354379878825041,0.13077337842579717,1
-0.8039304968177886,0.921205591159316,-1.246381764594634,0.13939701897781948,-2.1382586389100355,0.44997543205415674,2.0935119820463606,0.00414979538654838,0.05029411845344048,-0.4047415550719365,1.3532424200964757,-0.7331672579234442,0.13990405240016318,0.6704510082864189,0.500843651307892,1.087793734744711,0.5539232514061947,0.39429607860960036,0.9107382786331751,-0.32214715136365923,0.11879262733222223,-0.08914760814433707,-0.21987389187580114,-0.23068302229420054,2.1501597130727554,0.5996591706272584,-0.20984174664162908,-0.1970681210477522,0.027621671365260194,1.242294263984358,0
-0.9095479319852791,-0.42260739461518765,-0.09440922182610906,-0.27906996124047234,-0.056869970156541154,-0.833480072298847,0.8549707136915701,1.0182781542805186,-0.0995280224238931,-0.6661219694172064,-0.5189856264731197,0.9659132950957707,-0.3586214150407075,0.5130952397689833,-0.5499545247601568,0.6841615194893579,-0.5884161933722613,-0.5051319520026949,-0.6959848883506198,0.7843446660980385,0.5413209433130978,-0.03405183376099374,-0.8296200038554964,0.5693207128548622,0.1717862593395897,-0.3604794480395284,1.100602682484043,0.2608707717906473,-0.49144473565534114,1.751714811123859,1
-2.1480666736569267,1.0386715267337678,-0.6195308955436399,0.9624621775533294,-0.8775533550714782,-0.1746652918771093,0.004000426851474091,0.19466708319134027,-0.17041261936569105,0.6659117314876695,0.8006789483237767,0.4497362417015493,-0.3096396866986933,1.0297663520981741,1.837898422511198,-0.5764103931568808,1.591480105408388,0.7569908206390427,-0.14545408564746434,0.2828411029711723,-0.06982121095260548,-0.16818763125640593,-0.510564262985639,0.10281504216571155,0.8766649534527682,0.10176340255187895,-1.203001742391998,-0.24311173724656163,-0.06279327303712537,0.4040992906929522,0
-0.47188489985409904,-0.7481923528571598,-0.24588881043132255,-0.08925033027712621,0.7773447470444659,-0.6317049724491123,1.092532840569626,-0.07190504166068233,0.01492774849730769,-0.7839396840462287,-0.393460517727145,1.0885451530668049,-0.8978519962812705,-0.2741111004819417,-0.8087424066585782,0.9832685778181326,-1.0255705085644145,-1.1926796152886407,-1.145669595731295,0.2764118859032703,-0.7611921731545025,0.1404721005718977,1.3554729844330364,1.001076595746756,-0.5557458328440709,-0.071374026570645,0.5137175935565188,0.9619335423652329,-1.344216226386385,1.535946289738828,1
-0.2610141964780974,0.032094351875480806,-0.07538903668207866,-0.36410082853415404,0.5008265220334307,-0.40452677238613544,-0.51852143078829,-0.290729335471446,0.04098030784883262,-0.42120872479565524,-0.6284537422882769,1.044611191339147,-0.7723626512805734,-1.4581982360128247,-0.8777377384447504,0.5811015785350564,-0.6738329213618776,-0.7897809183486232,-0.3873836655159168,0.030642765057855893,0.7581217005573178,0.21260691785975497,-0.31501153128183695,-0.3399261754108359,0.4414082337045838,0.9042122559184881,-0.6633541941510902,0.6985622768349169,0.8568310177590966,1.2576840560218296,1
1.3554490984670768,0.13733586119079064,-0.1356673933085948,-0.046813893698058745,-1.457997563937326,2.3581232826054994,2.0040553232528597,0.6178789026645439,-0.010974973192943922,0.5118012762198993,0.5633684089863843,-0.4620411203647009,0.4560860107753886,-0.3052016889182986,0.26329462907275,0.3041933442459449,0.3308809358712001,0.5752112364241381,0.09334435088796367,-0.0906137112951411,0.02510852396476026,-0.18968289628643875,-0.5184877655706596,0.15906103323488296,1.2243128967276746,-1.937469385213377,0.11189449853386056,-0.30091803132946965,0.13703130409680173,-0.680242423873868,0
1.234424322515927,0.1306745842155287,-0.08616010177394129,0.5032347893519854,-0.8819683245588319,0.5867923712644345,-0.3512518976289441,0.8905515051164429,-0.21358849712240424,0.32236126207897753,0.17496106805330303,-0.9899577609488502,0.33032993020077006,-0.4248484347096844,0.34626587173726975,0.4529539076588528,0.5391148343715852,0.5557979164093076,0.8513009639651871,-0.6725527430946537,-0.2426159500404489,0.030218352895936402,0.8616889811220959,-0.3311743589090719,-0.06443293529533979,-0.22900750147222113,-0.3584930515613433,-0.03323915249345776,0.3181295917382487,0.010632074171351065,0
-0.05067318544489257,-0.3910222012299369,0.11455329381188982,0.5978526167748394,-0.7104270062910504,0.03086118863463313,0.10275137097124915,0.38318754728131016,0.024062816465415977,0.5323257052396037,0.8663533145412747,-0.19851775772229335,0.47061276067968216,-1.5064905382660287,0.7852812003747208,0.4091799864103695,1.0651826541352942,0.41036038664303204,0.8107114275218054,0.034555490766098394,-0.12216330867153749,-0.19823547984733367,-0.7789182561429043,0.09736871554994259,-0.21396369788394168,-0.24056575587873702,0.06829439155409738,-0.6947033851640583,-0.2808255886208338,-0.23825972470812284,0
1.0780016594443331,0.26272146934589596,-0.1878095265946184,0.3060046128503427,-0.5532968348310319,0.6548734792574742,0.19568402363202098,0.5607512402798353,-0.13034647966416704,0.33960549170490695,0.5424753920977944,-0.014084632912651747,0.8002011679440303,-0.5090699119770749,0.3693875966239497,-0.20957342291624825,0.46037633088767815,0.6869491697583395,0.5255441894826035,0.591638738154266,-0.044513995052796934,-0.21617307403770492,-0.6827454700515795,0.08861996891283538,1.217150887367139,-0.9389370254117453,0.569195647952023,-0.1088291925167997,-0.06329142058061023,-0.5747953651884471,1
-0.1461624235435941,-0.48720995210111023,0.3058512247919569,0.16932909354469317,-0.19210919479858093,-0.3098441702620875,-0.06131152006552973,0.06873317550965634,0.3615223473335515,-0.11719165824822624,0.4822584075103442,-0.25718110566977037,1.6638672358991147,-0.17033491290546965,2.1724186626798,0.16130920181540084,0.7249123927828213,0.5995333225611306,0.8404121368910645,0.22376686904214457,-0.7290350289579133,0.07441049131956352,0.38815698396038834,0.2269596943623374,1.0510412821911783,-0.21011908687774586,-0.8264662917244283,-1.0472443072907216,-0.5679852929842409,-0.4685137891524881,0
0.029640858428967277,-0.3760670877969761,0.12357177007203542,-0.9099919119087787,1.0208281204839593,-0.5693466063910921,-0.845227585696414,-0.6265469206736677,0.15389515592019648,-1.3300193128076179,-1.2480407082981075,1.6262173515910514,-1.2963878290291795,-0.13211344374751782,-1.5714331073338703,-0.1293428000361519,-1.2261699986094328,-1.414553674604351,-1.141657087450766,0.45544734478238486,1.9507036821300503,0.44390555950282,-0.7530457212449386,-0.7018793667600615,-0.6838822044013485,1.0984361577283368,2.174735191687645,1.4162492548774523,1.6348761816318609,1.5820120620601932,1
-0.06724249836965518,0.9918461054118238,-0.6110580611738572,1.0302936617023895,-0.9973756375108335,-0.22828757690770576,-0.03786039205680663,0.21184920201493213,-0.13085398189815906,2.101141273377488,0.2402608923376108,-1.0367648953286848,0.5303603523894654,-1.5299400743533806,0.7452383788342078,1.5841739036988287,0.2317051161554879,0.41811329229323274,0.5698786384440222,0.2462179394591178,-0.3351147534559576,-0.10746942542000436,0.005720640880605934,-0.04784095067372053,0.7099295372461059,0.6294646681688294,-1.5102853056222632,-0.12632130160746136,-0.02187173551657735,-1.184484273352308,0
1.050645891978858,-0.5734040042102762,-0.5210855676590572,-0.768076834841347,0.20474968372310268,-0.38008550269622815,0.7973430098771145,0.0743726103532231,0.2338960792957658,-0.4606608702056029,-0.9389781423021776,0.9332620588340699,-0.7905572549544357,-0.7588572907829393,-1.0045162847323106,0.5140357518981867,-0.885726155447106,-0.6466802892518028,-0.5445503444643657,-0.37175293361997214,2.004158682118472,0.46776249743809745,0.8181721888064041,1.363125501363092,-3.069773984226854,0.7386942569296817,0.38601364889014456,0.6437368906097835,0.38735419341350225,1.7129683373545765,1
0.6773620123715107,-1.0189540265310184,1.0089446832530058,-0.8686032837733414,1.1730589102167561,-0.23637633903487654,0.8170334117206915,-0.48327928654198676,-1.1044530292243262,-0.0774259932601923,0.819163142074128,0.9857410078829538,-0.7679467918909841,-1.0372617170081564,-1.1375046348240117,1.0370504057568086,-0.3750048565293003,-0.28774709747167326,0.3704662913063855,0.5242074011030656,-1.229966782110449,1.8595671327513992,-1.3164952585051075,1.3304239847672579,0.25858630568959595,0.040007308200390765,0.9865250542546916,0.10059643930750348,3.1139381832787416,0.9320202899334034,1
-0.6822420212901725,-1.4845859610064458,1.5371150679363832,-1.5266858560863505,0.7734538562382041,-1.5035865144929816,-1.8027859574593736,-1.1402883112971243,1.913220157908507,-0.6399282284319624,-0.8642691600553288,0.4672889042875045,-0.8870828606818792,-0.36304298036004323,-0.8865480155119204,0.9237278022984365,-0.819888282629927,-0.793925132772159,-0.7915450565084597,0.20365532809590622,0.7118325681031541,0.27906077373349225,-0.8665433489177159,-0.24546402837983072,-0.07060227404262322,0.8787370591080771,-0.5469709933582999,1.1695590212334244,0.35560641878375443,0.9067622997526911,1
-0.9213312074914485,-1.581570413430149,1.2448431229962171,-1.5149655046424255,1.5213091964792327,-1.8908010681993643,-1.319550987678627,-1.6133109312247036,1.914155349443052,-2.235096329593089,-1.878176798176187,1.3197490076222445,-1.5509617099651642,1.1737700061544096,-1.3298830572759623,-0.44956509442540654,-1.8311616504670207,-2.2145120885820226,-2.3077032482909474,1.3418308906278098,-1.1201128341774693,0.7175536750942247,-1.1376258918648574,-0.0657431739347126,1.2487000805244397,0.472333219106119,-0.9212805386328489,-0.8445642519755175,-1.6020815257672671,1.143802822877257,1
-0.16828941607798226,-0.17656844890814,-0.21795561235700092,1.984254136863181,-0.9843498425621785,0.816168966262561,0.5659327840642484,0.7419737425420478,-0.18806445656095996,0.2032332320818645,0.48603062141657516,0.2914412034207025,0.9940222096737578,-0.1204021121678369,0.37516260734768514,0.38248846588189267,0.4587218727016252,0.39495860275998834,-0.09145273662045722,-1.2056393580247213,-0.1565329803671341,-0.1847828790672245,-0.44000186093902716,-0.2455348782260816,-0.6089681230273059,-0.13401684786781953,-0.035699733440971264,-0.7443296456492692,-0.7447284116163614,-0.47892447767254154,0
0.3522750541159765,-0.07950003689905803,-0.2557840616912418,1.9982534017064415,-1.2883951253889088,0.22536658108516242,0.7655236541760384,0.4777866199470923,-0.1550259873759283,1.9557142023850844,0.34558195823490123,0.1404586038808169,-0.18841920901533793,1.2454429109101526,1.232044605982083,-1.1331534825542549,1.0919296961338645,0.2811825670717239,0.936862267386158,-1.036292359200899,-0.3079149509873065,-0.09699088476715381,0.1759526085581477,-0.11000948663035545,1.3441685189522679,-1.0831717387211763,0.46453113688029607,-0.6603642653924847,-0.23375827013856432,0.476319525231171,0
-0.6620131434547274,0.28840740425839123,-0.0771305961911527,0.5793241739446807,-0.2890765478438572,0.5061300252610444,0.11006888278645455,0.7498391724323629,-0.17144164041356794,0.01989829526751459,0.7773824910203,-0.1308042207802184,1.1144367268650566,0.24368332296438425,1.021569859507431,-0.0950907189020452,0.2753659871082855,0.2749091222447201,0.6182756051918719,0.4185015076728168,-0.028975870537616872,-0.025511763681917647,0.5967122077273064,-0.07774435698816995,0.03686365141584872,-1.0550860647526688,-0.8857680625074351,0.27905848418333506,0.35185153887569637,-1.2202802254009488,0
1.0363006424502903,-0.8496014617273595,-2.169137566101216,0.6114106657713609,0.9760558638975895,4.1760362566599145,0.9486290660083843,0.22496049083145006,-0.3033409783223407,0.31218814454280885,3.38100317820857,-0.1008945728881306,0.3186526737543052,-0.11009121678490139,0.3436599331613779,1.352688499221048,0.024637472536336903,0.40089351454169575,-0.05318394010446418,0.6144004686712718,-2.4455549754261425,-0.3853184854295833,1.8274899963855002,0.07188462230195364,-1.2953856495537428,-0.8007381314862654,1.2877122810887947,-0.6934235895433029,1.438042919632371,0.21203206775118053,1
-1.9633630747393638,0.6149885745173319,0.2538084118514671,-0.6944811772367488,0.699912448412157,-0.32794741235695674,-0.5936142070584359,-0.45634005407538764,0.11716294824639903,0.1766429974248298,-0.61169524614782,1.2694430577623566,-1.0418781653270184,1.6280956712853272,-0.8070673660814854,0.45654983022737833,-0.7438658341733233,-0.5273596861598135,-0.07854565933726068,1.4404477103273001,0.38466354072822245,0.14466675075662802,0.03476277812266819,0.5451852708583341,-0.6588566925633033,-2.4765624283022127,0.7468749512044852,0.4730198319667587,0.11306179991753203,-1.184484273352308,1
-1.0196676732094865,0.9719042814000545,-0.35866129836609106,0.512823509023442,-0.44242734419227225,0.31418279399516924,0.5301388954004421,0.37285767669184644,-0.11466478009157634,0.3459819793272504,0.5442431298171371,-0.003133376274202028,1.190803480440169,0.24938736720059726,0.6035229902680241,0.6866877022119847,0.8406261769730871,0.36282765569809705,0.27150160249334454,-0.21310970379146135,-0.18875878457620598,-0.20321864303256978,-0.7052798739208082,0.02447055623069152,-1.218675537805071,0.237001792933419,0.3388019381555346,-0.22501743947851074,-0.06490651312364916,-1.1876488165680534,0
-0.8565964021112289,0.916060999936867,-0.5604149221926015,1.031617739603588,-0.3804272553686757,0.03351989704039313,0.9508135764269633,0.1668554982170169,-0.03846937049206928,1.0176541436566606,0.56758918857259,-0.38833073809428476,1.063653972179447,-0.4303298688745973,0.5970215252998704,-0.17557804944429747,0.6491316246805613,0.3079614872574873,0.39297205047895883,-0.038140126564826585,-0.2336046985655387,-0.12482282664299305,-0.11053347675556148,-0.07815975668584592,-1.341472095707283,0.2946232388594946,0.8070930665748743,-0.1883316933798234,-0.07607045064258398,-0.11677750247732224,0
-0.43365788086556245,-0.3010425174764672,0.3360646955137307,-0.31991206559529045,0.4524403504574509,-0.5147790965884191,0.15829331917293754,-0.14716468209831735,0.17009596302846117,-0.49931139939290814,-0.4533107137039732,-0.04842244737749399,-0.7423871025452425,-0.6712754918632803,-0.5489201739806039,2.0417704647126214,-0.6520199940845703,-0.6021668148430135,-0.2920590393832516,1.2932295769546447,0.11471474762898157,0.1733173040166252,0.10534348691859718,-0.11489738943011751,-0.8930080867421604,-0.1731789347926606,-0.08562730212483091,0.14202730606606234,0.18532454374051086,1.1603649761810628,1
-0.27538650746418175,0.9102594977040115,-0.07628026755844633,0.021810077226216945,0.1467515822178088,0.5207774880959426,-0.21794805262200073,0.48256680227576143,-0.13638563488113278,0.4702195452510799,-0.00025146418379698584,0.34011887644676836,0.35856564026943205,-1.5851198722216506,-0.5338553771089861,-0.4371290838391892,1.6256945650928016,2.419188151505791,2.6053090114344553,-0.5934280804798968,-0.20389754869247234,-0.2524431782581641,-0.8344550141965847,-0.17878064590398365,-0.21153446971269518,1.0109387307650197,-0.7468317079174218,-0.13783877703969127,0.14182135290543624,-1.184484273352308,1
-0.9309147801555496,-0.42179033943784516,0.7182361815264791,-1.1268185188028403,0.7051190158743135,-1.038912935172007,-2.3089696544407747,-1.231888724930407,0.3435152824744077,-1.2169061524606872,-1.986777499858808,2.0104565842756505,-1.7137771009438922,-0.05445475814315623,-1.978946689263333,1.6200501980550495,-2.064417622633769,-2.1471593425368214,-2.0193864018430228,1.9265340789563565,1.5368666393840549,0.6178545779624911,-0.21748342026671896,-0.33676884082553804,0.5698191191258456,2.2746537370684554,-1.1292618561133547,3.1687256057321163,2.3335816975977832,-1.2656292596271719,1
-0.43105849022477644,-0.19603371559643237,-0.21440210952733219,1.076786638061064,-0.6997466640867561,0.3950185075930778,-0.4126553776839871,0.4891893677728433,-0.07284997132635751,0.09591953315765156,0.21142153676357975,-0.8436136927586038,0.8585366046628469,0.5846058887214214,0.5828992082619577,0.2755053161317247,0.9729787940254436,0.393414905453739,0.16807069548209744,-0.9153227482234394,-0.14107466353285833,-0.1223137893883018,-0.5816170126485147,0.01694204817459503,0.6648527191255283,-0.8268701882212445,-0.2632872824188279,-0.2283981868135767,-0.07967408111712963,-1.0995293345056392,0
1.01810806066786,1.69064008917077,-0.4570387712882899,-0.07577471377059322,-0.4893283514806962,0.4271037475850716,0.24991473448344645,0.3849040173044066,-0.12965610563752558,0.8195678659863369,0.5430306353156715,-0.2534647495664423,0.4507526686399727,-1.8137312297170507,0.5293704769029397,-0.2604117759654496,0.8661230494000227,0.5462654759058965,0.5947634823840023,0.09518858031992986,-0.3772463337217823,-0.24319948140104872,-0.935038668683413,0.2781249430045095,0.25968648991748733,-0.5753455791457847,0.40247030294416264,-0.290817740638965,-0.17889724845157978,-1.2202802254009488,0
-0.8913053183293638,-0.727724774763956,0.5355186519754334,-0.7168150931489548,1.1965187470774843,1.9779235417257897,-1.2168649460682996,-0.020651281472419198,-0.696314032394973,-1.1909855317508153,-0.6000920435497052,0.8985726271235844,-0.8140898461386965,-0.8323623850258799,-1.3758583321938218,0.49129998726868374,-0.0860685315193175,0.7674513440020465,0.568906043454577,-1.5404898077025864,-0.051770883043903114,-0.6705555309490671,0.6360548444585432,0.3963054893715446,-0.47667371222556026,0.989758209926728,1.1463447660305304,0.6603203033567565,-0.4777177418568278,-1.184484273352308,1
-0.5909565988883005,-0.16985968745373736,0.057028162307772155,0.9389074880143026,-0.7995166652760419,0.4027408376932387,0.32152894431538404,0.6592197079545864,-0.139856183387059,0.3319609269701409,0.8695907395758122,-0.03309707252461667,1.4116247897409124,1.2698646697200753,0.3276664420361521,0.12551404818458728,0.879538367813933,0.25033051512834215,0.5655787481830231,0.1141808318930519,0.36233534468983875,-0.24608847704818632,-0.607801327668074,-0.15044079840246383,-0.6925642506453704,-0.07878099839419274,0.10110705410810893,-0.3366187938566807,-0.670008271585128,-0.19222105778935336,0
-0.1515241977281344,1.00508801019265,-0.3957686176873815,0.37485951008919366,-0.49415237923974004,0.2886449781817242,0.1911055087104624,0.492086991794535,-0.1598215278864381,0.3227579583439272,0.6695436886380024,-0.28741960047278836,0.6616574603901428,-0.9341780851316654,1.1937090802879702,0.19453645103945624,0.7885965280127426,0.22092647704439852,0.30515218854310194,0.35621238816405315,-0.20711423672386153,-0.2619793756705739,-1.148666344602946,-0.00586325036711374,-0.9490290121408749,0.4245844700160781,0.38956618165727475,-0.29402791129319844,-0.10124073740109056,0.26181335718311094,0
-1.31727402350437,-2.0559552453485876,2.368082160361215,-2.073350145543718,1.1751487091604151,-2.3177874218922994,-2.3037076003759345,-1.8646503878728662,3.565805226011076,-1.2256362666437963,-1.3543903037617695,1.3568789984384109,-1.1947051604705885,0.1504001563466984,-1.176960490648783,-0.048632967161039424,-1.3572677700065627,-1.5132302925647736,-1.4391150750152089,0.8021430349544036,1.3993971613255836,0.577047539484654,-1.1216366022383242,-0.38551066581662735,0.17019770638583176,2.1962889715589493,-0.44570212610819004,1.9554690472962946,0.9048197370877058,0.9067622997526911,1
0.8687416761523347,0.9436837796789733,0.4539053425192119,-0.8048321463761982,1.065243862043774,1.1158807769418293,-0.6706595551333695,0.13127900031283468,-0.06412322877379922,-0.8579362577584408,-0.45682589659976247,1.0066260443996449,-0.7237712629300296,-1.593324431683348,-1.2798650489851784,-0.46982115000009855,0.8317373632969755,0.5010417131519207,1.8139229942815165,-1.901108293375667,0.1411805671208008,-0.048700822415951,-0.8664572135134949,-0.09200969388213662,-0.025197287467424806,0.46642664787243665,0.16256710436103838,0.32599552863978665,0.5716476715438384,-1.6356966386487815,1
1.0911016122699444,-1.0766206001158543,1.1329570464241325,-0.6660212560632527,-1.0888174770420245,-0.6713620924794139,-0.574701331375455,-0.25481522567218534,1.0201092820875426,0.9851974139053138,1.7451729970156784,-0.7852377730569563,2.876463112916752,0.08700374013404631,3.195502679862528,-0.37701599887438725,0.8613141826609265,0.8215722666264225,0.8813473575029663,-0.4122855644580928,0.5138156788779735,0.0813592453484997,0.9751261680456991,0.5774617152587795,-0.054781864746849956,0.08935234731858566,-0.2908630965514145,0.6505128107555754,1.0049994565962164,-1.2729287095207729,0
-1.0913866996732753,-0.4824818726466232,0.3317441720527411,-0.29194303737076344,-0.09059395399143738,-0.3399593178160534,-0.39950961752327124,-0.13278088065891883,-0.6301121976151721,0.2799507905194313,-0.4288188876266841,0.8479228179238442,-1.0506799634089494,-1.0657996664747797,-1.2412677090608035,0.9466118732061307,-0.9660321858654666,-1.0708763765697695,-0.9617884482221345,-0.060622071725444905,0.39320023481937755,0.5890934977716223,-0.7360778028529033,0.02726335758150149,0.18609534390725965,-0.16617944656811637,0.5283023362405563,-0.4751852184703431,-1.4691339926302553,1.0055168305183508,1
1.0337652337051417,0.2494460791559974,-0.12497729051102165,0.3639175734005205,-0.9462897343090447,0.6576408505438764,0.13655462555915246,0.7403159023015438,-0.13802993621220644,0.27324196244866905,0.3567530400095422,-0.05032457362542506,1.0221808483432322,-0.1044120546307427,0.3211701499662226,-0.8974010613364772,0.7688315061337657,0.49340715292777915,0.4615678534024096,-0.1981982728804835,-0.07397068044690719,-0.21390188020781764,-0.6821134867909022,0.07242513407981875,1.342667493271433,-0.7554525942158175,0.2088587219541916,0.019727890115753998,0.06558067036375667,-0.21158459183758252,0
0.6128425643719655,1.7579104429795542,-0.4521092693528495,-0.05342054642751726,-0.6120432879565685,0.5061506356210415,0.23301251238679713,0.4642290891278074,-0.19593806880654455,0.6623742279314779,0.6830989751650155,-0.4974860639501022,1.3476668563829732,0.7317892799706424,0.9467304446165116,0.0004175216103477564,0.6010664439402394,0.11319707172793543,0.8470270248162854,0.16478549270858775,-0.27037464767706754,0.0015258598045619555,0.7535821926403801,-0.17105905968405208,-1.7266067311450481,0.5574676236917804,-0.10729965662961594,-0.23490194163147138,-0.23871719428997984,-1.2202802254009488,0
-0.920452252338228,-1.7361154021096563,1.3931862812169769,-1.5526442282042174,1.7185436061465895,-1.9587800585690942,-1.409707098885861,-1.8367685581592137,2.332518064992975,-2.3690708448169393,-1.8710790662714605,1.2083031446563521,-1.5287229296215443,1.5507852242711708,-1.2303344881993066,0.5681912479327231,-1.8725386971319398,-2.1370369301669365,-2.136863015604173,2.25684824145132,-0.9854478710987807,1.0155683072790094,0.4113533394914111,-0.4823528995877324,1.5111753026106827,0.36078879685695114,0.6035532113381614,-1.3787439225143634,-1.3264840130667674,-1.2656292596271719,1
1.2598585300337197,-0.44991846913592437,-0.8173885638100734,0.4418605793498165,-0.3532574993745822,-0.8419283252368568,1.66001249754179,0.4659873226722501,-1.311672842325593,0.49265021271852805,-0.12496496556243213,-1.1307025012005476,1.0770569392288918,-0.03776737013178951,1.059590717500584,1.2655920274854937,1.263710421246069,0.3369572241668965,0.527376571269463,-0.7598105027425549,1.1681930686861164,-1.310404569570235,0.1758351558077669,-2.5965091757194303,0.5183135638828791,0.6041386520680161,-0.4137334946861913,0.6710353255834589,-0.008526999800155158,1.9327551801527934,0
0.8029749447430169,1.547552087898407,-0.09452914713851773,-0.04095231723612478,0.7413030629414368,0.7396301378150287,0.46304663015418757,0.38335495658096874,-0.13011170106118813,0.061134849351278435,0.6260388676963813,-0.8194493979395523,0.17969824002117382,0.1317366463349494,-0.3617213235474953,-0.21781888435514735,2.4037280250336117,1.2200360218421265,1.7347768867575095,-2.461711204703589,-0.2572169428784281,-0.009801692363779028,0.6505700420961467,-0.06688854658684909,0.6480185969478128,0.14804980385191535,0.6025888282468131,-0.18031979114479654,-0.013649440467248926,-0.7284321624600784,1
-0.6171012650442149,-0.40104995367478846,0.05173698579268004,-0.19801998026162407,-0.9164117982302006,-0.42003758300245403,0.37125904525402464,-0.2928436003102346,-0.4991890934174456,0.12085491878638495,-0.768331678137467,0.40078047301597314,-0.23434283440256504,-0.1536392814293911,-0.46330718057450276,-0.35930115822015474,-0.4961145170800395,-0.6336787683469779,-0.14025972941133824,0.4674490346931036,0.6913802474386674,-0.41217744644334003,0.4149695356860887,-0.6401235869086217,-1.0454462921200682,0.11726113628819684,-1.7616626431802227,0.4876852571245419,0.25910613243222613,1.315819189538763,1
-0.3006948459464621,-1.6997576431292618,2.608711749927169,-1.2170480292600407,0.5217630880894818,-0.9801417217608046,2.9760285647712172,-2.2601461749757523,-6.215392021852899,0.22649223316928968,-0.6931587506188649,0.9793324810352069,-0.6839744437041031,-1.7305926559481453,-1.1746637253077366,-0.2754481431296449,-1.2125124373980456,-0.7177583744374532,-0.9809268262188141,-0.16410769230167868,-3.7261601994763565,7.884507360664353,-6.146835016191962,6.064533292642416,-1.107322080241572,0.3328147167259418,-0.2067004382439792,1.4041596881701863,1.9022392461195137,-1.184484273352308,1
-0.5948511339494529,-0.021648431792943627,-0.15460492950456117,1.2373823417744596,-0.24553780518674193,0.3228133481772767,0.2445437776154956,0.5998351318014975,-0.14697182928701188,0.307893256798755,0.6183911922198998,-0.9446109609387263,0.1571716402028965,-1.6054831581050897,1.0449435677635979,1.623928677090612,0.14463194188745077,0.4972399673556058,0.19907597208421735,-0.12621792511901744,-0.30891767959174576,-0.015254875782450116,0.38325115427548484,-0.14202133366534886,0.07359746233083479,-0.6802922400295699,-0.6838905206458851,-0.30667431379987575,0.29314013420095364,-0.014473921349449859,0
-1.3492374885269662,0.8987670437559104,-0.07749932311413195,0.15219998435655327,0.3438138198963733,0.7247768052191298,0.33196675643347456,0.5161229398936105,-0.11619932390570652,-0.14042840328915077,0.46196634140737325,0.2193729378819618,0.3570453813677315,-0.9880973419715253,-0.08935032651817536,0.22403397639530837,1.698932905214962,1.2438771621130498,1.2648618356903996,-1.4090994001778454,-0.24259387357811824,-0.1651796044900762,-0.5276175089650909,-0.13556980085825526,-1.0319659223515198,0.7583881757187385,0.118154228456063,-0.19750204028015073,0.04151474974793576,-0.6576711970806176,1
-1.2708355715156308,-2.51880411740705,3.1115340602987094,-2.45504452331338,1.2472487770085543,-2.906469013998748,-2.695508696454198,-2.256115062156916,5.420258799117058,-1.1179632809811177,-1.21450815575021,0.9827113311125654,-0.9211156235577921,1.0623693815590947,-0.7536072394992458,-0.1648156689150447,-1.1158514702169071,-1.3231627203397933,-1.3827456248186043,0.4103234778554797,1.5166993745656296,0.5971662531005976,-1.6638411533097965,-0.8091492956311145,0.2643110078179167,3.566956126479048,-0.4153243502490716,1.4975967595381456,0.7014284438828561,0.9067622997526911,1
0.9615043497933193,1.6641572448663031,-0.45869763778329636,0.07110489993328245,-0.48270263215036713,0.3264361920004735,0.11732483958872533,0.47777136100489004,-0.19599614148911815,0.7267191948168108,0.613600375368602,-0.22412097273107853,2.2281198325714437,0.9838640998965299,0.7904389958424148,-0.8254490385967616,0.31200862180007327,0.23801209275884935,0.1630594850766991,0.32334344341585614,-0.25349616791958673,-0.17921493627214363,-0.4035893801543079,0.1361877110179886,-0.7218714876095712,-0.08194624659289554,-1.1768525589863188,-0.22251383041585526,-0.2051436316118104,-0.07090424844365385,0
-0.06899408937512573,-0.07429089865246129,-0.023713511454974835,1.1750359655785536,-0.07546623665637846,0.1631261260327675,0.4964672368185014,0.527059038235119,-0.02340176005918658,0.15353153013769466,0.46793570196291767,-1.0239562440858372,0.9879198929331486,0.35881794696397,0.786889175728354,0.0757308670761632,-0.0769167257368243,0.7400399684546498,-0.09611594651022402,0.3569697757727001,-0.0300733845242556,-0.0862657818422954,0.2090332643991298,-0.09686454592872568,0.1917739877717681,-0.15064295432230154,-0.45673924536348687,0.11806848841832689,0.20298231661693275,0.25100464013563756,0
0.7259150203834545,1.2876439531812405,-0.8945918463346239,-0.116155334734762,-0.9582206667549145,1.1388289155632727,2.185219868664919,0.17910441459917875,0.08896597334567762,1.259586095228896,0.48673901524948826,-0.5324577937038991,1.0263435615222625,0.10642760012300972,0.8198009343670906,1.6319005749881952,0.5285770737913694,0.22006181728366403,0.22402687084958484,-0.48777824615645893,0.13034426696110504,-0.09830094955625666,-0.4724765423804133,0.1733706427820926,1.3327901345499658,-0.6626800218609796,-2.1193754756762573,-0.1709992378498693,-0.0824474912087069,1.2045465483703008,0
0.3421563944177035,-2.2767920809864832,3.144100016538631,-2.158968844987737,1.3891818239138423,-2.2874158921147374,0.20442981872936156,-3.10821130717934,-2.7861816430832733,-2.7130239512916736,-2.812452844564921,1.063772936120935,-1.5310548632832273,-1.3413230983501645,-0.4229100079699984,-2.2331599483132005,-1.5830689364040829,-1.6896752010739595,-1.8173185855952514,-0.3166166201296519,3.7018112973684434,-4.949978515266418,4.649785236181886,1.3927447732145528,0.7489445899041653,0.6346787978349105,-1.3959955069445114,-3.078549248557752,-0.9720038105071019,-1.184484273352308,1
-0.5018325628724857,-0.4600989888394595,-1.8738588095085524,-0.41471894799226294,0.4826636955258019,-0.5861723220539155,0.3547133702762002,0.15914802932050623,-0.06575196859564626,0.01852568049848633,-0.5579373447894328,0.6109898983067754,-0.3248129651323769,0.1411611890604304,-0.7151007946917861,-0.9198753557473996,-0.49089791798214316,-0.4740536162089769,-0.1825959349858748,0.268138370552178,2.8981173958378896,0.38809569383631326,-0.6736446148081356,-1.2666623789424138,-0.1262646707814922,0.289337930319086,1.098679170647346,0.11815711734236317,1.0201881631970826,1.950401824302536,1
-0.21008241362436134,-0.06658042062050251,-0.28770042369949955,2.7489169965453137,-0.17207918825140447,-0.019400796925956806,0.8501081422338317,0.27263292459624117,-0.033996614460662884,0.41596777422991715,0.579597831076891,0.00028421208205749887,0.836681276693062,-0.8598459812282481,0.6467792660547015,0.6279870305081349,0.07888206378108666,0.6817399447002777,0.44540281285445676,1.0574628188436042,-0.02244233777101668,-0.06767844823367967,0.2289248019691242,-0.19450296971384332,0.5117626981532718,-0.40686669869482345,1.2146561327422785,-0.22369671538797778,0.06774944653708735,-0.11677750247732224,0
-0.49346474592889283,-1.2078018354494193,-3.7548252344836954,-0.13427435409085506,0.547416575020827,3.4247311003903955,-3.0125720424850035,-0.8599077566771394,0.3000857815349879,0.11847742855794308,-0.48770408170617385,0.4743359485580905,-0.20488141238016394,0.21250893213076572,-0.6680496100861956,-1.3025735655627686,-0.44970848953572273,-0.47135410935963884,-0.1559287896459218,0.0014883201560472116,2.5945024598510846,0.3874039991398001,-0.6409562651767249,-0.3288277159840704,-0.15812057553622738,0.3442716222805745,0.9028893405664452,0.7695223936513464,-2.0143834286079105,0.1297438949262252,1
0.3867866339953608,-0.974466607668594,0.9874585451011287,-0.9675977541887122,1.606252542594072,-0.5732757211692541,-0.48974340620087986,-0.8241818604632004,0.6401487831157436,-1.3691118386781624,-1.0896572082564393,1.625881847577401,-1.4166601075598317,2.4619795816681624,-1.3056213986964846,-0.2428058069022769,-1.0989231279458473,-1.0078024409932729,-0.6015487448046363,1.244607367618792,0.1168468342861295,0.3941557140104052,0.3426257770905578,-0.12548668056673098,-0.91611365004458,-0.3422845885266678,0.9621197552753284,-0.32051802049534583,-0.9936110729369936,-1.6356966386487815,1
-0.7936381333774879,-0.4261753201034804,0.10614765650925025,0.5552423191059034,0.4239493805376154,0.11381418898431726,0.31446653766165644,0.38244861312725975,0.11098937107375376,-0.5935273914234521,0.7478517225672532,-1.2185054147356003,1.2281707618048845,1.89972450291558,1.2737766714596435,0.9473263794930876,0.6200940348511643,0.5599025625351843,0.042887562938405024,0.7147103808335945,-0.07399288062997326,-0.21488051635287264,-1.106507027191627,-0.2315971678182245,-0.2033117315723958,0.25295266341168643,-0.13776407195219792,-0.4857548061803924,-0.6614255812416708,0.6903031581936463,0
-0.1362410955359863,-0.17091504314829822,-0.3393569490112637,1.6993151294935251,-0.5103682975072092,0.7366364573555366,1.4243096905355792,0.39796329502197914,0.03643299611608108,0.22559006596588105,0.43661765278490694,0.09413736471745271,1.0325742133066411,-0.8961414574124433,0.8245817850429261,0.5223089379154212,-0.23986689700459246,0.9477874586785727,-0.5149970836248068,-0.21496464266351914,-0.2077382831020743,-0.10086494603611237,0.035452578158382694,-0.16961898470906328,-2.1125318360331713,-0.15752775109236036,1.085185926210907,-0.25366405265271924,0.06077434136847653,0.17444930137015024,0
0.024242411802366033,0.03454261090880192,0.2881782902067542,-0.49549016769252785,0.9101422329206731,-0.3449031847790139,0.1310015265558274,-0.5692751101002866,0.1745438971769266,-0.780663469913619,-0.8007617559899398,0.9630604818885932,-0.9798237843693532,-0.19765106162124998,-1.224132791043292,-1.2636610169984466,-0.986135106999395,-1.1479450928643562,-0.8763909542462118,0.5577331422922936,0.6147150658742534,0.1930049265186209,-0.431028888668629,-0.32018526753350973,-1.3639532594862014,1.5318930994928603,0.44093309707470496,1.1489617984702447,1.0303973206224868,-1.184484273352308,1
-0.9244974267832489,0.8891162586231318,-0.8080078184519648,0.82251194388589,-1.3221701077670134,-0.22705866730447646,0.14929753797450626,0.21876298431136143,-0.12998094310681574,2.3287425193065796,0.18298533168601594,-1.4066338287450932,0.5414362631224353,-1.280288085796777,0.6297392936220553,1.1557713598497314,0.23518720357329867,0.4315226660207484,0.4922071877075278,0.6172317323704772,-0.08746615649268003,-0.12336063224647527,-0.2308999000406222,-0.1618356715376384,-0.19084962841439496,0.505378436208411,0.006048612382868916,-0.1914286225169523,-0.018963139455966647,0.8978789595724183,0
-0.7220603547774261,0.8430807395589937,-0.4120123136905943,1.413790314192853,0.34013467105986067,0.08938303047238368,1.162419451874073,0.1968972111685493,-0.03319339718777199,0.5114137125628391,0.8359025906065337,-0.35952425410505273,1.8852925183727163,0.6428107421933,0.36361554846040467,-1.7175284542907867,0.42217561241214974,0.39144364662776926,0.13099982774620994,-0.6588643074020626,-0.2520459812310406,-0.057721168742963076,0.5676011261441407,-0.17948116134523012,-0.429507546253322,0.8670408012732499,0.5288741153578104,-0.14410662955665957,-0.06149215032936415,-1.6356966386487815,0
-0.5465103672411488,-0.4618574906143242,0.23331442785445888,-0.3913109306379019,0.19768778023102918,-0.7450530784947234,0.6371849325953903,-0.03489070100051695,0.21749297943391185,-0.49248005315630355,-0.8137700431968224,0.22031867922194456,-0.6724111066428659,0.7711309022049359,-0.8176519399545779,-0.18394940919359953,-0.7361978621768251,-0.8555448956608674,-0.8473099471212466,-0.5993238446280557,0.1620053190120787,0.22084924771287473,0.21431392561776788,0.2573354870968685,-1.0420964682467462,-0.2616082968319635,-1.0643608274554759,0.6107701419205954,0.33095663835572736,1.5267105795090736,1
-0.6394797911169887,0.9025255893729597,-0.5376656539046182,0.7670363179152911,-0.3077442645765208,-0.013568130959128297,0.37348852009617795,0.31288625352300176,-0.10255505202621501,0.8556285899954138,0.6095940925193375,-0.3586770648218444,0.5942385354787778,-1.932094523515512,0.9262903355412928,-0.5962419589252681,0.5587943153783025,0.35424190823930823,0.3804159378011553,0.2992508554603891,-0.25767778619173765,-0.2099561917136527,-0.7841557676753258,-0.01801900751537357,-0.053712439837342064,0.3392923629553121,0.4138021223174016,-0.2540870138706488,-0.07349017928993906,0.5273621412472512,0
-0.5180572294865649,-0.06570915271683082,-0.15927743292728336,1.3888392271198862,-0.3522416212581053,0.3184123778120169,0.11225663129038972,0.6820492992460456,-0.16959261712276322,0.21472173612483864,0.5165720759390647,-0.5968696842150861,0.5863143579553665,-0.2533532650224657,0.8076043796147997,1.0235718544925254,0.2015895440306564,0.42684440217262276,-0.01727265145584472,-0.8196692058356725,-0.3074184936724429,-0.025442877792743283,0.3681633603664468,-0.06841881535594514,0.7795003267843958,0.13348401316549727,-0.8080284895767572,-0.4271402554966483,0.046280527746202886,0.1637844912368364,0
-0.02378946523583033,0.12909571384996119,-0.1015058448755535,1.3772565566310837,-0.08600033463836733,0.5313586166139391,0.4994969154500558,0.6141558234441309,-0.14369505051250925,-0.026503191543699036,0.6728145824090688,-1.6361690111791074,0.6598983010922123,1.4304688776544456,0.48854096740922476,-0.2136842423974769,1.4878815184329415,0.04573470587079834,0.5135319628868655,-1.6825057224586097,-0.20615692547692052,0.027615852945108654,0.7865837108129975,-0.08809929700600862,-0.7779246567016441,-1.3326377419677748,-0.4333310838102979,0.038961445688665435,0.3994749384637233,-0.15468576694715466,0
1.3217186337068658,0.21707656762647715,-0.26409635725146574,0.08743428305360554,-1.678791830419685,2.097309059610592,2.0362005413366076,0.520452576661188,0.08205285529172003,0.35194738930746233,0.4560050524698686,-0.68609190991262,0.6318163029838331,-0.2735549548361047,0.8468395839027222,-0.017826598608002064,0.3385484499576594,0.28798048293142664,-0.16943569750997298,-0.3833181674682206,-0.07680152274451892,-0.20733152548044675,-0.6915269388769331,0.07232576436025606,1.4117588967032435,-0.7414167754522171,0.3640486942622246,0.07452525655148884,0.09560076767838038,-0.8098174997390154,0
-0.05717246295232359,0.9738097459479311,-0.5894042088415825,0.7971019827774779,-0.26135896334277,-0.10003633384796491,0.27595336844269885,0.28910237643384024,-0.14229031406458675,0.1152719003428478,0.9542393222405744,-1.0049575498659173,0.45192688764873984,-0.9414370744548051,0.7400813652017255,-0.19249051987137772,-0.42936040030284583,0.7098755981592401,0.5834446541812299,-1.351567247925758,-0.7564367232089664,-0.28773316590816433,-0.6567241636971082,0.023107208490752828,0.6718157990997046,0.6621213264988665,-0.6939152828212058,-0.1551330491083341,-0.0367912853222556,0.2419695193608354,0
1.1556591179870646,0.17820319131629994,0.7541655556534177,-0.85221160918071,1.438710733875941,0.4640433504260209,-1.2091027768192422,-0.06273773921382113,0.044941879872224366,-1.1657917308223178,-0.6551928925577128,0.8381512288158162,-1.0094095653347588,-1.6169625864870993,-1.4138418395415067,1.3951326968123428,-0.26616212217100804,0.4171284069633865,0.9032221148540195,-0.008627369554242186,0.3988433881910152,0.07571796018700112,-0.48334697644760294,-0.026890043787007593,-0.6982644554665726,-0.7885539064403281,0.9718920869541156,0.4374287692516016,0.4459052713193339,-1.2620133203160437,1
0.7598058560327715,0.10740044166323519,-0.0706980280295122,0.2661075823703721,-0.9006006885800898,0.43639682041048017,0.024658844907121048,0.6223763111615598,-0.0746518387502491,0.21919585365053795,0.4762291207089931,-0.43154346470157295,1.0807828450851784,0.04509188874086689,1.2423878352880868,-0.2951525449998544,0.42098729675921687,0.23144495754777863,0.9500565399950489,0.1718722709444111,-0.2224523607277888,0.08376188397005754,1.320995415443751,-0.1623785061889746,-0.6665071389775454,-1.1296301575763228,-0.43401088673299665,0.21026047984693985,0.41058364501459843,-1.0231699624094652,0
-0.640129045479026,0.09337400626493907,-2.3133176357369223,0.8225823384946239,-0.7235444166849443,-0.6215876667673454,0.9999606902387109,0.17665358929824398,-0.08967068192030203,0.06335624643638944,0.9898718653278533,-0.2878908788218185,0.8338956014429895,-0.2606963288277082,0.2612988516899069,-2.066037385635347,-0.15550292070488336,1.1311688190509117,0.11097363006563626,-0.07145675277488345,1.0775488135526368,-0.04527887114399588,-0.6893360279335534,-0.5715094750368312,0.4905844619328258,-0.21097547898561678,-0.6213969607830688,-0.26272870017911587,0.23398428942754315,1.766395766993601,0
1.2541401354495547,-0.7708372318812607,0.6297934058290416,-1.0133964251674161,1.5358453401567114,-0.053591877877083596,-0.7937163081746124,-0.3710879148696755,-0.1199510074924709,-0.317818245590334,-0.13454886744999092,0.9981174894698174,-1.2345947984234855,-1.0690529461713494,-1.6503366834859199,1.31124535102761,-0.9014354083847792,-0.6611634006924791,-0.347384200578074,0.6535161406941862,-0.2853977202548646,0.1279284336753409,0.6035075332226372,0.3754893617821667,-1.0774443778391427,-0.6173114996248994,0.7774404401960969,-2.1727387776114133,0.7670211395612716,-1.184484273352308,1
-1.9128478268300895,-0.8426589589653832,0.0864500442723377,-0.3435523109269586,0.7795431187565267,-0.36446228875327574,-0.11543797305611624,-0.556837348467522,-0.031801875093948134,0.7609816600236885,-0.7894300268674653,1.079434827745791,-1.4332486800845232,0.17428287482372432,-1.2128417994129959,-0.7881688995204127,-1.4085762447489187,-1.1266882448650628,-1.2389504737384964,1.095462432735233,-0.14401440018285414,0.10213287080641785,0.06919130371105886,0.07514088477711492,-0.4060410047835716,-0.28650247794977207,-0.9110332932768348,-1.0853557713580817,1.793799828306427,-1.15375509890507,1
1.033492923239742,-0.46601212187186275,0.10075224353637272,-0.8316544288793801,0.07116764252586635,-0.718789582694873,1.1937532435517149,0.2994121488851812,0.21608527471008127,-0.47158009620485297,-0.9621784260826686,0.4238020076559195,-0.849328310487174,-1.0123627037768812,-0.9342335591623379,-0.11746185454184944,-0.9400631375962372,-0.6227941778739854,-1.0856706225439683,-0.7935755238995262,0.08501790443226274,0.24868802648870952,0.535679805950198,0.9169616200488755,-1.0755939105570267,-2.347749188691607,0.2537011689583694,1.2011271081745056,0.7640774499970008,1.7153906534488248,1
0.8530518655003811,0.740288635081866,-0.016361533583533188,-0.5720307468514497,0.5016516318913797,0.06431987531224014,0.025140883735612626,-0.19217906100453294,0.0232961740549645,0.18631634553265122,-0.6000936016070818,0.7674258076804577,-0.4216930721069749,-0.29817787888057556,-1.1153618633116327,-1.432060795800245,-0.4617025169975754,-0.16975134071131429,0.34779011686653516,-0.1255647940612837,0.3278249358134354,0.14355224847748513,0.5082303701342551,-0.25994158885514485,0.6296987610439484,0.8296016582857424,-0.5308281467468888,0.5473141700940357,0.5636229135940239,0.7333190809545269,1
-1.0591149206942228,-0.6759133467036686,0.7270961636310526,-0.4344144877995613,1.0565930324919188,-0.8415841456323,-0.06324698808607745,-0.8703206571303633,0.5384915339175426,-1.4219069996824496,-0.959057629965054,0.7467192979444085,-1.1475881888873354,1.6437044370818097,-1.0521643415073365,1.115595774799051,-1.386837518344554,-1.5606288349930402,-1.4183340686008337,1.5819213838595252,0.7608561660049776,0.5194205009831522,0.696818148775185,-0.15652763796146668,-0.020081068940381027,-0.029566205367680693,0.7668880172652204,0.8775701071377534,1.059845916211288,-0.2306466762116249,1
-0.7093066745816572,-0.2901987934409914,0.08603582359611445,0.1703057428414854,0.271340941789565,-0.6047377864204765,0.5402303534800585,0.3213195114937899,-0.011138886833622352,-0.2512340448905265,-0.2481253575645278,0.2633306774573749,-0.24762207070217995,0.5033287450393575,-0.40201261576304365,2.080951090037507,-0.360733974582394,-0.21199628537804574,-0.279743851894656,-0.0916001855254559,-0.13740129734418738,0.10673234124617526,0.6501566081308889,0.1556447783813398,0.9807326904449979,-0.352252431940599,-0.4058402750843253,0.22745640367905007,-0.029890358014689495,1.4439872173594863,1
-0.2576663677837429,0.36701796364673306,0.06974591942632236,-0.0014362563951262764,0.7051642461360825,-0.17980908323944214,0.008223914075231008,-0.14756814792210843,-0.031612119062157426,-0.362138951038526,-0.24867022566583719,0.13692231429157892,-0.34829164428419784,1.2511364913626835,-0.7157826436011893,-0.9270582119493717,-0.5493631834584647,-0.5458713473389785,-0.6996590088622363,-0.3225626392013584,0.2731577963529353,0.04786198994347788,-0.16577876585477974,-0.18312215264300977,0.536263414563253,1.2566181347639065,0.27232939385976385,0.46674122756048075,0.5411680213634639,-0.6539997889827114,1
0.18519409487473462,-0.31604411307257924,0.5045515516162425,-0.9124703347727012,0.22417420028593776,-0.8646062569004869,0.034400695914340265,0.33238388116315937,0.1242253604466058,0.2721306341484305,-0.7879720404179393,0.5054938348491287,-0.8851592779475705,2.052208337556861,-0.4905697693383837,-0.19185118847219257,-0.5252773588702386,-0.16159528904669793,-0.08728955375052615,0.29137101182828107,-0.9495923730262716,0.0896433999809174,0.4349030805719624,0.2571321403467186,-0.5796907429543179,-1.7747836688969973,-1.5362572535018926,0.07504918672420396,-0.3387238960858178,1.6429992012238768,1
-0.08826107775116411,1.0169815324342797,-0.39596467847131145,0.5658981661546886,-0.4358630426086041,0.24371307787002533,0.43393813595713526,0.3805860804879845,-0.13768042316090445,0.5876531145494378,0.5724752424711173,-1.1545405837340899,0.4760673171705061,-0.2500647476913275,0.858879013431986,1.5563330454811395,0.6166417184772317,0.3099183748003509,-0.0647324757659997,-0.33941833576014974,-0.2540386301390245,-0.2206094771972957,-0.7994721546305021,0.033702481620225926,-1.3474537114485245,0.2796067581340386,0.39906956914239466,-0.23232286723450118,-0.07426633897929466,-1.2202802254009488,0
1.291745787541911,1.5580275326452055,-0.6344537612470846,-0.07969393470173948,-0.482913901541199,1.366509516621089,2.282381391422644,0.12573348613135332,0.10571997337499185,0.9944564975643945,0.7032436257558787,-0.7439232927930711,0.8134240410020702,0.020094985698397343,0.7269133361949668,0.7974730034205382,0.5083171388541936,0.22193037544220212,0.45272099696703744,-0.9561665082982674,-0.23008987381501747,0.053717532557437685,1.034072712562595,-0.008573874113194642,1.48875590933354,0.1718462762162993,-0.7602753470668165,-0.14306455784840189,-0.1604902901400977,0.3813502844469108,0
0.792172939352826,-0.003326639302413864,-0.0703703086224284,0.48846945824237925,-1.5960017973514264,1.1576973081502568,0.15717795894714987,1.0151145324122006,-0.22061669547288282,0.48708146401923075,0.24089663102862505,-1.4989916446772922,0.3960840142786395,0.14462114460489156,0.14395778484649346,-0.8121267750483168,1.0181054995603207,0.3152257833774054,0.19056129243595804,-1.1290374858576953,-0.09412684955346612,-0.26901427999345706,-0.892606916526656,-0.20895622431096084,-0.1490286455623119,-0.2493917526861397,-0.05940377551186043,-0.22374496456822898,-0.07779791799380766,-0.5769022276150786,0
1.1895760756135776,-0.2836355868729405,0.16017772059459273,0.08644973972600632,-1.1039084845464064,0.1992283284163284,-0.047167526150107525,0.4876728503540823,0.03624196511581805,0.7616857244073073,0.783675672209137,-1.9648072465981592,0.6888680470351412,0.10708405888064719,0.9148810738281546,-0.3752521220917169,0.6253574423117267,0.3199772634528018,0.015400184073274472,-0.14645287816810365,0.13607336496492542,-0.24738832457929888,-0.7929451531554501,0.09319766346268658,-1.2725696507400928,-0.28771091773577817,0.4607915228877437,0.2572081051529708,0.34514418453903023,-0.23880795165897872,0
1.0922668206381652,-0.19297502071913383,0.0768253731197336,-0.3315807631630917,0.3091398052803933,2.705999937696812,-1.5831915566191737,-0.7738331393561966,-0.6096103926608386,-0.13002535190946585,-0.28960020594204544,-0.09523654769249328,-0.4257757427212171,-1.354129037399531,-0.5003253746479828,-0.21303973635768628,-0.5920218969236147,-0.21274804496758418,-0.41167958292882295,0.057627924618961206,0.4263997641153415,-0.4528037265491078,-0.3323652775083009,-4.395683914150321,1.4702667824217528,-2.1913526955048224,-1.4006412741572956,0.7713144422760917,0.9305989922221468,-0.9331015262216634,1
0.7141882854756131,1.7343160948057212,-0.4755270344179351,-0.13434657533448371,-0.5044180330567436,0.45129259323358245,-0.07471648419559113,0.5519237747417785,-0.19197850490473775,0.5757103899099453,0.7895623502200698,-0.2993655511353578,0.5079032675258016,-2.073604852551055,1.442013035247831,-0.7600577400642781,0.24239590552765908,0.3608481282774357,0.27908236309198053,0.13877129084272805,-0.44283008239144983,-0.04310376637622522,0.30762437736026205,-0.012423169933163097,1.644406386446058,0.38005281820459175,1.3518922214406377,-0.3482682178650178,-0.26523094878072373,-1.2656292596271719,0
-0.5786340250508095,-1.178009003773866,0.2797556625313301,-0.9738894908676093,0.9816715485648789,-0.5949038684283726,-0.6354810430969025,-1.1583904916040397,-0.040407875125345036,-1.1239973428420926,-1.2472952005990958,1.310137151790261,-1.221234498795895,-1.5467743347186682,-1.2322490553877727,0.08733238216608298,-1.4132871113915435,-1.3944026374817626,-1.3017938074425603,1.5828107383796097,-0.0337704068817915,-0.16885394249795935,0.45711995804364536,-0.5151544643935382,-0.8892939105744336,-0.534597650257717,-0.3268306071873179,1.2985621081497574,0.6852800182571661,-1.2407743381306138,1
-0.21041790290745588,-0.1990384766380423,-0.21928664168431042,1.6992886031705376,-0.4785795681685713,0.32142380309260365,0.32935361744239394,0.5320693919827203,-0.11140800868624148,0.11231030657611016,0.6965435459896859,0.18591598588386585,1.0307466943910997,-0.23584256261356037,0.8776445237569663,0.8693140422034206,0.3087932363809754,0.41998341184213955,0.12740251109727047,0.28639761874736946,-0.15426644941527504,-0.16471381544243277,-0.3100560254331461,0.27165446164953744,0.38734149299144505,-0.4831940370930343,0.4154183948727861,-0.05530903436495365,0.10854679775992117,-0.9774336341408756,0
0.875581910471969,-0.4814501388547856,0.4973854019309293,-0.8590755573326243,0.5937681794635169,-0.14854237098632625,-0.5986171395522373,0.39346783953950304,-0.07345497840886367,-0.41207743000550456,-0.8360202270543405,0.6648574181618911,-0.8869755365199378,-1.0120841942827852,-1.386031888864899,0.5591581239714217,-0.4558780175582401,0.07375595602559291,0.41639400539300886,0.21311310346682977,-0.38345260861152636,-0.1092070015146128,-0.4398306970804879,0.11312439518989434,-1.2258061832817886,0.6709789280220559,-0.7380648799326107,0.25724657629727643,-0.7126040566749607,1.446790549593487,1
-0.027263436685743207,-0.11201516170944463,0.11320730328246846,0.1575729564040058,0.6608496031332198,-0.2787598598268966,0.5698308632469284,-0.2834294087407258,0.18991272992336197,-0.614356338130247,-0.0019669578719225607,0.24350023445793492,-0.5801718779364718,-0.8051365323389233,-0.2168852109450821,0.796721359598421,-0.45142512748913116,-0.7403919987889518,-0.1628838078993296,1.089865925623187,0.25495791577643595,0.20563706576010402,0.464629140882558,-0.06535865795040718,-0.9927323589527053,-0.8362210539502207,0.560830699671947,0.3632466080660338,0.2693466513273207,-0.32275472681545636,1
-1.0581695859003308,-0.7812785329192041,0.7863264218254429,-0.6648951246313546,0.8105595291212242,-0.9822052356018388,-0.2635228846512628,-0.9583924589488918,0.7345092495919109,-1.10388861523178,-1.120287941183174,0.5784794558647515,-1.035906224551986,1.4815162645013618,-1.006498346341423,-0.27444927240606254,-1.5375149853095131,-1.4660836422846535,-1.5056483555693407,2.322755450008503,0.4561222978137413,0.5076984988660916,0.5289617674958048,-0.007186281915878191,0.013679380790867684,-0.3022435050170035,-0.25626585187984324,0.3226943416806359,0.8867938912651344,-0.003797500033240137,1
-0.1444454188915899,0.14021656441916644,0.008720165955467213,0.44841349823506116,-0.20447582929059804,0.2565891590379532,-0.2166556741129127,0.6536464847981205,-0.10969134818977277,0.05755006645805195,0.596955084263479,-1.0205664169507438,0.746707987568965,0.299615755168923,1.1228950998093556,0.5827694464528329,0.20208595970152177,0.43147597377474206,0.2290806730194297,0.11414842991063427,-0.14709239778558783,-0.020914564265532655,0.5186125642635238,0.02860690992828863,0.6783984135214645,-1.0295689002961097,-0.8787401273322897,0.13234080036677892,0.25267226780161534,-0.37592802909834977,0
-0.38190062253513213,0.8642292621215661,-0.15509420802651327,0.37764308273348646,0.36646306496127384,0.35960102720139064,0.2703980179871248,0.39491000085808775,-0.08666934960891676,0.029563977987680665,0.5431228685919944,0.2518321131973345,0.17731189615290208,-2.2301540019473793,0.0645236937356997,0.499436402526353,1.6416315597760422,1.1438992687426905,1.295033277142306,-1.669730409764511,-0.3551335923987146,-0.10404044965308103,-0.21127985715867453,-0.06893667564968772,-0.1240137672964227,0.4876172801835007,0.18850229944513128,-0.19358228841353514,0.03545820178437968,-1.6356966386487815,1
-0.427910499111176,-0.9311806916803151,0.3091611756114665,-0.689071212526504,0.9136388593076671,-0.6989802324491976,-0.18455538832905846,-0.7478724111772268,0.29099913386460824,0.044105083680778666,-0.6520200389756682,0.7488991138524371,-1.1140894043238285,-1.0505592363043437,-1.2812080777883552,0.2428864737515502,-1.398159657395842,-1.1249303228347187,-1.269573855853145,1.724024943224489,-0.38894749537559276,0.21263740031352557,0.3871062688220931,0.4926778866022038,-0.2987070448171797,-1.0801347328467035,-0.778651898508638,-1.4341209204308174,1.3249317736420696,-1.15375509890507,1
-1.9244461155432655,0.44172569369179787,0.3025390616187989,-0.7394493990462618,0.81072791393292,-0.5022905327419876,-0.8981866080807123,-0.5791409272322585,0.16531435595189,0.05926195117286547,-0.7556958150371709,1.4667026954768834,-1.1970512659938832,0.6671261863455695,-0.9192570179862694,0.5054747037998155,-0.9498545505372586,-0.7228783401760962,-0.3810461774446055,1.4490115899827984,0.42784541994172065,0.20946325730548673,0.0636508290204796,0.6099195729840531,0.2397317156509719,-2.5519175254514623,0.7129283395133696,0.6723959318827215,0.2666597277638107,-1.184484273352308,1
0.22464773332051743,-1.7236439469992306,1.6627085253019023,-1.7616645285194814,1.2119462060199517,-1.9451626107254272,-1.4646886020465828,-2.150848793555782,-0.13568706954312068,-1.701470320462927,-2.162355931978083,1.3496580864538976,-1.7143071328823671,-0.08124365052484478,-0.8554278122887,-1.397858800027281,-1.9557652987956677,-2.0351799780314277,-2.1685627929168536,1.6390394213505397,0.5665849080265921,-0.4969836807766714,1.483851941679727,-0.16205831796309414,1.6400658847352316,-0.1268009520465745,-0.5281056952151699,-1.6861198248930331,-0.9249017905030417,0.5485212418272991,1
-0.49299539700990197,-0.45295096336424084,-0.8598549773303776,1.4611926933759516,-0.5105573275275376,1.1815154432695265,0.7552118135218864,0.351686677910085,0.01522008881568768,0.8875378865150968,0.07249110247586764,-0.46706149753662385,0.9338053738167059,-0.716220172280584,0.11502786024170378,-0.5497649038856219,0.032676707278471946,1.1341845194365174,-0.5520729834507552,-3.5979383583275104,-0.33498970038356213,-0.006903638911016764,0.569799710543553,0.1914213015851543,-1.262565791943167,-0.33324971737604525,-1.1949777908556871,-0.2289859903671976,0.81708760434814,0.9692060049354404,0
-0.7823151782366928,0.017499194582899204,-0.09859076976264854,0.8735053761273223,-0.2273942546219745,0.6274893699016396,0.4178044739270649,0.5853452821511783,-0.1071447228534793,0.03641999762197677,0.3973013964866419,0.09239605642554403,0.5499089590075923,-0.680081449144992,0.3121341745273213,0.9341676698814871,0.5539910079928188,0.7853483339863362,1.0570812164821737,0.015835833687310702,-0.1474336533070863,-0.0647027881935527,0.11335648132340324,-0.19134031992135817,-0.7828091175728557,0.29431491783994573,-0.44541179501052497,-0.28703525148035886,-0.06397562912692725,-1.184484273352308,1
0.2289074343183136,-2.486043149235003,3.3265679333346494,-2.5417065814092754,1.7585776678874427,-2.6874168331169415,-0.2656005658822297,-3.3514784538520876,-2.2669254485422763,-2.7084791826806716,-2.939986877518096,0.9827249915346502,-1.410753854090305,-0.5845637791562197,-0.43934048730548436,-2.008678992241075,-1.3028289995268123,-1.390489024153532,-1.55998048969222,-0.7058334188697043,2.5370398072482176,-4.740047314618272,3.7735334928190727,0.8461209282838639,0.48533369238731994,-1.1169602917852677,-2.201284353895629,-4.347591445067027,-2.4710059491062193,-1.184484273352308,1
0.01545303570914477,0.8994580187730711,-0.8036754289498909,0.8726562927138883,-1.0487077159281786,-0.12003425884513727,0.6934314259381363,0.13191136767793948,-0.07835795140433127,0.015853720925012124,0.9348117689728581,0.21871692289193548,0.7241273432061968,0.12419285740317035,0.6268501540138004,0.8070972802442151,1.160679601167685,0.5999526912934228,-0.3985339122215823,-0.3364294830016175,0.056454365310875804,0.10632090082609857,1.188447984736732,-0.14774030404306485,-0.42885509636619873,0.3816038284525013,-0.01887812097113645,-0.17164114061622102,-0.05312099696805351,0.8130038123010586,0
-0.9675255318196953,-0.5351734493528126,-2.382015412251835,0.18196552946353964,-0.8767851162298544,-1.0120837956621445,1.09702050258446,3.8477131005067404,-0.3676675613919111,-0.47178005493747516,0.20558043877987764,-0.6977984507943037,0.39809542895537464,1.0498584569852574,0.5743011434374854,0.15086706569760303,-0.007636727321408499,0.290631968716938,1.3316138004444116,-1.9662609759483713,2.8558996110387955,0.10014627202793966,-0.8801154102172684,4.39042637122014,1.0206541341754076,0.009927824058182693,1.0791875143392413,-0.8980321711125173,-0.2190933316890799,2.0095691045531283,0
-0.5230294884447665,0.09717567788917204,0.5383271007419365,-0.4045695337121989,0.789202609462633,2.4194821761860545,-0.8090990109077904,0.4950652180233672,-0.7626405248671159,-0.8209874619812378,-0.22874947074763838,0.2238912783517048,-0.254692356931336,-2.366135290343991,-0.8618992625620765,0.06404685148228628,3.0801830443916396,4.859797796631527,2.9374242180509746,-3.8485810897981803,0.36338239125599753,-0.7262239937908068,-0.21792658823438787,-1.2461638875832532,-0.46578234906590976,2.0474752145765556,0.9452301724087843,-0.07305972193505561,0.7828223287917461,-1.184484273352308,1
1.1434255269805373,0.09937444073769251,-0.31476676030679374,0.5737874159087356,-2.0553734180907313,0.5786601733747334,0.07942817816794336,0.7014807210447662,-0.2911081529442758,-0.1537208290942401,0.9045765579656868,-1.137974121027239,0.30082378635485385,1.2747698896961397,0.37821582257392544,-0.22354984585766685,1.0332621170088727,0.3410761621015253,-0.3276589585628762,0.11926233386694074,-0.02589058722505712,0.11124005266716591,1.495596256191116,-0.4147468779327263,1.1540836573031708,-0.3318287725723725,-0.21715499856010317,-0.5787307710922202,-0.21688620416136054,0.01425512865472636,0
1.4432358723067225,-0.04056529349080356,-0.1413788635000496,2.003084882028904,-0.7755471031648223,0.12057040270823141,0.21386320748825643,0.5481734319926453,-0.11879935610868053,0.6586160071172658,0.3264208586283789,-1.1657805260087697,0.38433049187522744,-0.6471774654682252,0.726898198206928,1.5184494259976415,0.3495602673063389,0.34475111011721443,0.5458167485458185,0.3549828843513475,-0.004440234427796198,-0.1667185573056635,-0.38540149926202827,-0.2784464017815622,-0.05204266680456477,0.4682520218629141,-1.419957441397146,0.17513925381155637,0.19976388703506093,-1.184484273352308,0
0.7769438648317046,1.5348496384902117,-0.2620706680183867,0.005157752712761695,0.6625332065561859,0.5826911728273109,0.06815325344116928,0.7071227646720567,-0.21545298173680735,-0.15136013519408445,1.449352071766634,-1.5927620125879516,0.16198907312022914,-1.3569880275568604,1.1899315928601053,-1.0065122146069234,0.5780212586325827,0.314938498411884,-0.08093015747672076,-1.5305315542350875,-0.41393953043364756,-0.03780834921471057,0.22603976629898972,-0.06573044550244339,-0.09345450425619983,0.45988841154750915,0.39036656715753365,-0.3076631730936686,-0.2074284501926814,0.6371354252772162,0
-0.9205275819936427,-1.6837220530150947,1.332629684241144,-1.5276873315350337,1.7192570435920675,-1.965359394237897,-1.2416283779498636,-1.774779220257071,2.20488569694797,-2.3282599402779582,-1.8601456623914947,1.2695927136228267,-1.5341634461750804,1.498284082262159,-1.2667751527513265,0.6101643664869398,-1.8692332103745561,-2.149687651620343,-2.2011288801697235,2.32672448543601,-0.9507365706140198,0.863764512464942,-0.5363463660380439,-0.24493425421212017,1.3778789405798446,0.2740341912029097,0.01364083343764337,-1.2215038245848742,-1.475604493754909,0.6743798084565475,1
1.1082069454364882,0.893452970490239,0.19203508923339696,-0.469509280378687,1.0435410060692014,0.2551859679372783,-0.1345641217297489,-0.0506101753214421,-0.019597715682612163,-0.5132071589532325,-0.21116199924701962,0.671942840491927,-0.49496608633468375,-0.8144813873114267,-0.9895940100196582,-1.5470318746093237,0.10641811332769018,-0.08345683060722692,0.41191934591811946,-1.2824927447505128,0.05452452650061452,0.025241962319017243,-0.2239042718731512,-0.05351107113914333,-0.6788183110145333,0.22018791908148191,0.26559631047182897,0.3559615044848862,0.4387833856574783,-1.184484273352308,1
-1.9208709692812764,-0.42793648138989937,0.6024657708896911,-0.5756394517200295,0.35946308265492494,-0.4261988936577095,-1.0050653100996714,-0.5009417647909588,0.28491236409441995,-0.2123054351465365,-0.987813937806813,1.4443484165068616,-1.209743257695641,0.4955362141978527,-0.9832080261484055,-0.4686496416885766,-0.763735064582369,-0.7249619496797516,-0.352310746091321,0.08356984904373807,0.3809465156037894,0.16636242603640178,-0.5119822419524915,-0.0339180659769007,0.12394070677175027,0.061853267726166325,0.660515222033082,0.42012971656276094,0.5202098646819708,-1.184484273352308,1
-0.15255996971129923,0.0602758747487092,-0.05837402488805887,1.4771685971551596,-0.5464457136809753,0.1977918182287239,-0.21909851897696242,0.6874310125999685,-0.17631079167558708,0.15611401952594725,0.4036139360458333,-0.4585889156768129,0.8976696401279918,0.7985132381146491,0.4087898899554675,0.7885916275484124,0.5898423849306762,0.4643460756519894,0.08522478557957591,-0.3939586729265064,0.03889040576093122,-0.19446438635601038,-0.5685698780960274,-0.019552219165690325,1.3933060910222523,-0.3470134609264251,0.1305872815550328,0.059242215856766804,0.12051081714380288,-0.8415927102685574,0
1.2697154667851116,-0.8143060706331389,-1.5428069350855758,0.5344213067841059,-0.019604739482367493,0.6057834153536668,0.09629237433449499,0.1775809123238202,0.09138132243401145,0.297207595044988,0.3718917966215638,-0.6003772888862089,1.1752900796993115,-0.015032361491903866,1.1768328119392286,-0.031146926661172945,1.151155157447491,0.2625493556699379,0.90459285520174,0.16177178849758664,-0.6643203856267704,-0.14069842424862458,-0.501422357502061,-0.27719106846819713,-0.9123413459338541,-0.5067881668886984,-1.9273161753741144,0.1093781636001491,-2.0494830704679354,-0.002436893782145826,0
-0.7734079411072413,-0.22390098111102677,-0.7457950005106105,1.6888409761060281,-0.5501456978386114,0.49685306157468084,0.060175009623604385,0.3893373611543548,-0.10259790285441037,0.882735557481103,0.2812535399363453,-1.8136587231633003,0.6036570010672724,-0.5328337656183185,0.439185416129872,-1.301078021943191,0.2997216132778807,0.4069787461503648,0.1104910836398017,-0.2309687362775879,0.15652798768859857,-0.060698179591422076,-0.03643290229888757,0.1487009645984389,0.09221407256012353,-0.30187076195071644,0.7152520367267178,-0.1655031643483095,0.24726514847524098,0.8554186446940045,0
-1.9291613143217534,0.10239764768005785,0.7694091028865329,-0.8947774805603878,1.3377234734996684,0.5173476593755874,-1.4427174083054737,-0.17858056170193348,-0.02759146041599301,-1.0006204082594614,-1.0035618631182133,1.7162660626615356,-1.3815586848006385,-0.2440084596882015,-1.4413820889349094,-1.215841637026028,-0.5375418275402724,-0.2782779306098417,0.3435445540059178,-1.4164923549981205,0.5074606832957523,0.1239060714232277,-0.5481132788769992,-0.5634739872917894,-0.4864578765162248,2.6104924518738053,1.0825951415441895,0.8640101555847483,1.09813482978964,-1.184484273352308,1
1.5442613785519643,-0.6074367598530199,-0.24452698769947193,-0.7040897110588749,0.08549999577907552,-0.0760712631477646,-1.426531189898485,-0.1331727303438153,0.11587803423308675,-0.3516525142130302,-0.7291637317718958,0.2535271596127011,-0.7506989210949948,-0.9857696400045074,-0.8363940651536658,0.08210304700510997,-0.5028758482554112,-0.49649150401424025,-0.4352215064430629,-0.23691507722807686,0.19326348310932853,0.1421574433225395,-0.30941333038008806,-0.4369781007450463,-0.3463327920415956,-0.5589574448220843,1.241000913670896,0.8556039906443583,-0.5737376963878069,1.288561967961743,1
-0.8412138387135601,0.7029508630856705,-0.8871912698720754,1.418246044226873,-0.3755433659466083,-0.22498164386050393,1.09197387849248,0.08873579549545738,-0.007247613387390819,1.7596880125485745,0.4208723658965485,-0.4524808262508424,1.582093023080314,-0.6279304580053474,0.31320694457086135,-1.6112888319318388,0.20716136001740804,0.5962852078752571,0.08738055486098402,0.30515249372293335,-0.006739348182000001,-0.10183562780942548,0.062304960810631485,-0.1680872580777119,-0.35683429682058404,0.13592807746931238,2.20898697564485,-0.2236746056378663,-0.044319148843328,1.021465928654566,0
1.2139938499696563,1.4951208240298226,-0.19446007123566517,0.10250626925882603,0.6710587388203852,0.6492311206168545,0.9346793672584406,0.2616734953210088,-0.06296576129383018,0.08416939637085744,0.7915169720135844,-0.26000336814320474,0.5978303035330268,0.4974716774883755,-0.2524200932829169,-0.9189640931651567,2.9290582440789645,0.6945444140927522,2.139999281816697,-1.7183442117658687,-0.189929835757393,-0.0777759047135147,0.1030236097061057,0.03400651095578485,-0.2959398992657956,-0.302799060496383,0.05378923905557879,-0.17070734141408014,-0.03937714084456125,0.08689815947487334,1
1.251130520167967,-0.9597358354257881,0.5239043314058063,-0.7835609232725831,0.5959984636304646,-0.4020466257679926,-0.5970611073383085,-0.5275298866354209,-0.09104836029599134,-0.3696778734914896,-0.4856677391640162,0.8016812706003856,-0.9128845325210255,0.34593828117729614,-1.1381251941925168,2.7457290725097256,-1.03807333061052,-0.7235293852799332,-0.6706475186068338,1.9266195636086012,-0.6547686996825605,0.5692626988820364,0.258895411239101,0.09066698779497692,1.7414398018572592,-1.2498601450483926,1.0409018502065905,-1.7320383554557686,3.2371965186135423,-1.6290214395317704,1
0.923123625716606,-0.1712488646581169,0.26823843229505506,-0.21113021222854833,-0.6112409466576553,0.36472463220266077,0.04892483487650304,0.13160552527023703,-0.5321634094764849,0.10758745886394315,-0.05922416190776453,-0.13516769781810384,0.5975020106965219,-1.248259972645436,0.18132001110125967,0.15152170096869,1.4967774910155844,1.3882673292192025,2.5311316956669856,-0.47085967416424956,0.28864591845533316,-0.5271487935568372,1.0254496251466332,0.04275511292429801,-1.1548627706971872,-0.6258283786654253,-0.3012448734373508,-0.25908371105832767,0.10692469950314144,-1.184484273352308,0
0.27410266134705846,-0.7060870334831111,0.7189755437392052,-0.4639010008178172,0.051249592636356874,-0.7479234206119265,1.1992617366094687,-1.2646610039472983,-2.3456610766365467,0.26384974058327143,-0.9724957549145687,0.3347056662071679,-0.6458390070534317,1.977925930511762,0.3637220530213195,1.5178323300993866,-0.8757287665020504,-0.5735255584213105,-0.3663743335680082,1.6675410676438265,3.2875195379370226,-2.8708870684922285,3.1385836472416986,0.8665103772912575,-0.4721848544959385,-0.35231627892865036,-1.2823393912575283,-0.518226005296442,-0.274563000011104,-1.184484273352308,1
1.3842744878461635,-0.46460701793023457,0.034271330046834976,-0.2542133289363623,0.06526103853351635,0.41024652274195195,-0.900542676563427,0.21135919088255686,-0.26910852115617884,0.38965474539238687,0.05514184848986655,0.33396216925944183,-0.40758909299878143,0.2797578870366326,-0.7816531782416329,0.10575621285129534,-0.46056559767968897,-0.43039865713218206,-0.5444045527828714,-0.6678518656725027,-0.19767951551473664,-0.1317020823671469,-0.589478415834126,0.20888129551644752,0.10517138708713643,-0.5955699687335537,-2.664037465425971,-0.8778850150364209,1.4471810697321814,-0.5333563490204171,1
-0.06754796462128602,0.05276560317264208,-0.09040273612688948,1.409942254755823,-0.6863299060732818,0.3255868332378617,0.13454976364224255,0.6912904059598067,-0.16507793660211292,0.1720794133165376,0.4723526074324474,-1.019696137764171,0.7734354411073733,0.9901051413998395,0.6193506951347745,0.786701118381663,0.6255458906306268,0.24941066341604012,0.10711915787831283,-0.0470985967010306,0.0695964156091481,-0.20033103364679983,-0.6066173916196534,-0.10848944714061845,-0.21606581692814067,-0.2238172797076691,0.2344171268957329,0.07934120725220668,0.15070011697123512,-0.28773124470014094,0
-2.1853885651360447,-0.04690564342315148,-0.2854735526162151,2.472940892030827,-1.3826183246625363,0.1333617467409463,0.512171693183124,0.5024147079223571,-0.12354263362591858,0.749147307313114,0.3856297303030116,-0.22624763381003302,1.3453661273294981,0.40967018151216694,0.3309482558736458,-1.0336633643321844,0.803131566317063,0.18712096069957934,0.419650676159381,-0.2372468563408048,0.04694531615339214,-0.1414469180313851,0.008882180475476571,-0.28216260269521665,0.12359283370142965,-0.22233538995019483,1.6494120327466428,-0.1082304146927677,-0.24938503220614341,-1.018426187942368,0
-1.6648133380810715,0.8974542504560263,-0.39079722225098557,0.7669331117117029,-0.015327821154468886,0.14092062755800824,0.36777929129259973,0.38709912465206125,-0.1559943647232047,1.8476554205202165,0.4040644460550024,-0.43868232409991986,-0.28108820547700686,0.4781491440241879,1.9263312238121773,-0.6720872760280235,0.06554912249125786,0.8785610900779569,-0.034044551788344986,-0.6598208916243035,-0.3542125952570916,-0.20070529481599542,-0.36774464988655364,-0.08967847490250015,0.0008374677623259743,0.8952026958717746,-0.7782547478047244,-0.21017259034446972,-0.061996665140663744,0.39707649347124807,0
0.8593668787860572,1.5682708439025566,-0.3703843576267657,0.3141457153687227,0.6661562363308149,0.3552355323397959,0.8958704351329336,0.30466007507025356,-0.08945728582837872,0.43177700172974576,1.308815334459285,-2.295711048430679,0.20399423840251305,-1.2973333177313007,0.6103505184744271,-1.4879075162747837,0.772394296371126,0.31365756912487763,0.12926361698647798,-1.3001613254613293,-0.4820980282190663,-0.0746352441033414,0.2440822502593682,0.05911405418513125,0.746804790204291,0.07888846940304484,0.29389051596197224,-0.22767872704975664,-0.17619864241390323,-1.0425521216956988,0
-0.9223360203198938,-1.4948320132914068,1.1498325057961791,-1.37871877226094,1.740104343960245,-1.4929650746264032,-1.8901208269122243,-1.7308414613307377,1.649796911813504,-2.1822622493022337,-1.8849170009401952,1.55441349839922,-1.6385669354441794,1.0363956789458708,-1.6551831092426512,1.079853489637103,-1.8627767509475697,-2.066203117636654,-1.9689298304583485,2.0052458883572424,-0.15103676919950193,0.8715387491607874,0.12703460585268803,-1.4124457074730017,1.124415922827534,-0.121611213387018,0.7515212809613022,0.08472824372844533,-0.3819036208091537,-1.6356966386487815,1
-1.4851654911608185,-1.9228469677856792,1.878828458317121,-2.1820865249098294,2.288792736988469,-1.7025535431312124,-1.080614949221079,-2.079057565222992,0.2004315779605198,-1.8903560243649864,-1.8996057403810473,2.123602354733711,-1.6920225762150825,0.854660920722762,-1.6312498194175835,-0.41463672753374664,-1.4499835104140246,-1.3277542817183183,-1.3935179559166777,0.2857025373759452,0.8507214098577778,-1.1928350658222624,0.9328215343971844,1.1518837351381828,-1.728160370020398,-0.1331673639213689,1.352712995542178,2.7697616570040284,-2.6247023833462424,-1.184484273352308,1
-1.1582173023111353,0.9479892714194725,-0.6510095661856073,0.5191791094360906,-0.914484521095498,0.03535048321945223,0.5676879641769857,0.21261814015892333,-0.09165895415338617,-0.015529683176764618,0.6932626867305163,0.26947580122329257,0.725230578552769,-0.1498253409278019,0.23164113843236311,-0.16789717926843337,0.9585366303149554,1.1646288887816199,-0.4952561029791029,-0.025110932436031432,-0.010611116761911642,-0.07461109204609341,0.030824655028098804,-0.026921248131669472,-0.6572602501852155,0.36045196066898827,-0.5443503262395692,-0.16766885228101386,-0.03150069191175879,0.5690012508144807,0
1.0023319735747596,0.050103387691352745,0.007010545818802366,1.1201683314938524,0.26325794777440337,0.972093765401462,0.6859076912486954,0.8475831273414866,-0.13822742777187985,-0.3141335597508477,0.8001564260439589,-1.9266820768877049,0.5164179939269412,0.5359445604274731,0.5140819194591373,-1.975150597300219,0.8952927985223709,0.17299293779612337,0.0262199152958315,-2.0792594695455833,-0.33448055711556984,-0.021433236064129484,0.4972203263597439,-0.2553011123285423,1.375197231199074,-0.2282915112098045,-0.19922933022396982,-0.06867135280945562,0.28940265196463233,-0.6371912337488489,0
1.3058019229875404,-0.037982537134237694,-0.1259142401330433,0.5827205454673644,0.28600367763564444,1.2984353487956581,0.8034234223125862,1.0332143747309401,-0.2004069762544274,-0.39460171630351765,1.3370638945537796,-0.674749156996685,0.4562606019561458,-0.27136641308310044,0.7602649504047713,-1.7652410140162493,1.1315836477268078,0.06196143018150978,0.3327629821774478,-1.1213460003410012,-0.39390737444202945,-0.11831020756854996,-0.10720139265600565,0.08232694351603187,0.25246102428540074,-1.1840323837240434,-0.8756551013015291,-0.4169742875844834,0.015355172231413517,0.8041577074379821,0
-0.866017768864814,-0.22103108990383694,-0.2035170790041097,0.09959007214811821,-0.5072151790219629,-0.21027983356547303,-0.22810863388105168,-0.20338103002368796,-0.09676678579908163,-0.34284420429692974,0.17434468058009273,0.698592468168348,-0.6794453193255795,-0.6820661011480557,-0.6565222301060719,0.4900630994083278,-0.30382859975742177,-0.5857576132330122,-0.6904031473625943,1.346076137823497,0.6834284015734968,0.10544351775918369,0.3842875620799542,-0.14805226545773584,-0.24459350114471579,-1.0160645820996939,-0.7409420849194167,0.2993977253313214,0.1905269587790488,0.26181335718311094,1
-0.9302346896274944,-0.5401649518956804,0.6071012191814478,-0.5138186361424348,1.0189862938953131,-0.5531511676781782,0.41691389123228545,-0.5261949907883806,-0.2094084766101645,-0.8088588637257617,-0.5807419657206214,0.8646726501914678,-1.0660802252926518,-1.0198087573595007,-1.0736906424964836,0.8274413832682347,-1.2973799082309447,-1.02080766155385,-1.348250608792351,0.6626106751876647,0.0757814868241614,0.8176347037339575,-0.1564763056282267,0.3287518366669993,-0.2949721539437923,-0.6651300411300359,0.5992544631703741,0.7812128187763177,0.3549295782847207,0.9579130702954262,1
0.21959361551635784,-1.6917385191310652,1.4736694454752992,-1.8756865700571095,2.0797943405872465,-1.996697900011164,-1.943077982427948,-1.8665128889378024,2.3919167808399764,-1.642836273831598,-1.925104320816469,1.4451543712417998,-1.8149952199873909,0.6896956013688401,-1.4281088749370403,-2.0422154333762967,-1.6987611935791214,-1.8815356819670386,-1.9170750286295202,0.28964644063480954,-1.4972314581085155,0.9370861514882695,-0.30673330893077355,-0.39985269976188875,1.040873894503671,-1.1246103156870335,-0.33520998539055685,-2.0755874898584556,-1.4111251053964688,0.35644961365539124,1
0.2289074343183136,-2.486043149235003,3.3265679333346494,-2.5417065814092754,1.7585776678874427,-2.6874168331169415,-0.2656005658822297,-3.3514784538520876,-2.2669254485422763,-2.7084791826806716,-2.939986877518096,0.9827249915346502,-1.410753854090305,-0.5845637791562197,-0.43934048730548436,-2.008678992241075,-1.3028289995268123,-1.390489024153532,-1.55998048969222,-0.7058334188697043,2.5370398072482176,-4.740047314618272,3.7735334928190727,0.8461209282838639,0.48533369238731994,-1.1169602917852677,-2.201284353895629,-4.347591445067027,-2.4710059491062193,-1.184484273352308,1
-0.371722630533313,-0.2211600177152826,-0.8021037871590228,1.1121129252734705,-0.4825993691245813,-0.20081629679057827,0.35946556326529416,1.0338909445555116,-0.1523113683448984,0.25524082270825865,0.3386065351755123,-0.6981196524927211,0.04829124355325337,-1.9879751593419335,1.1278773544053942,2.219258386220703,0.1678355441870038,0.6640644060827512,0.17003169928052306,0.27314620432021924,0.8326140923181558,0.07633202616562365,0.22191819633377258,0.9074352860697246,0.7650611981610327,-0.4218458690840254,2.3603128391035493,-0.3410244723546419,0.18769184316191348,1.5158304621395309,0
0.6936928582284005,1.567787359876468,-0.572220695082026,0.7810849069559685,-0.05316325585265327,-0.15317962504262453,0.4439644694670652,0.11428346663234412,-0.10105909214328336,1.5408866860689316,0.6694091460322449,-1.2913442945588278,0.7465348786267539,0.016536000856738578,0.49207818297687655,0.9161763330865443,0.9305626486284517,0.20464701840699492,0.7107924905141331,-1.042174950386023,-0.37842144064231953,0.010104642452377103,0.869620826525223,0.16480196343727355,-0.08506947577379452,-0.5599618272857246,-1.2773409155497848,-0.10852927614062421,-0.12069745031745632,-1.6356966386487815,0
1.0909158376804842,0.04706638874469367,-0.22843995888268695,-0.1349481363595817,-1.4628563688696419,1.7270371942689975,2.032605971638249,0.5454489493413928,0.15574687105293167,0.2405127005301194,0.3897648443060266,-0.7691640054152376,0.6433640850631142,-0.08362018115587204,1.270198031715302,0.8592216165906371,0.22946261400266912,0.3128032536240317,0.3711206124754697,-0.30393104352987343,0.042438368940707204,0.09551099129197133,1.1312664958724505,0.1432743140196006,1.4977182696548657,-1.0566242831149397,-0.40522684570717804,0.19741555828151358,0.4407655611137294,0.9067622997526911,0
-1.651886007947999,-0.8461401691612731,0.41356638279393787,-0.01491220929854082,0.2952791834650859,-0.08577317604372744,-0.14734074401645486,-0.004295468785345137,-0.8201359793924394,1.9477876010627315,1.1621546437493147,0.6903767281817025,-0.9651437092534364,1.0952102000385693,-0.3132885111137629,1.0493302063083578,-0.9847142747684803,-0.5886024501946199,-0.7386093761975454,1.2449289973984243,-0.5687854680126478,0.6570621666133422,-0.2636789541787584,-0.516326498307549,1.3162353306153227,-0.596100137078549,-1.3463402661653896,-2.8440333886562787,-1.3400879105658439,-0.1215225243442888,1
-1.9606889815214645,0.5999328858569688,0.2876556683500704,-0.6812168061394186,0.8011739558475209,-0.4378318678790389,-1.2318419081251768,-0.4409857850999103,0.07815767450816419,0.35102643540822054,-0.6850383795213252,1.047751128330581,-1.161715465517204,0.6701568770296834,-0.8845176827964278,1.389607195861185,-0.787888869275346,-0.3670659422193368,-0.26135133915940095,0.966305997324436,0.30582349970123907,0.1295366636731646,-0.07627967049181256,0.6669122965682027,0.9404038618100135,-2.6107119380645245,0.6824125001741532,0.4805514703306284,0.1732908870983502,-1.184484273352308,1
-0.42513866275474804,-0.9412266206332444,-0.5423406505403243,-0.469194880040636,1.0182563783251233,-1.4389223739193462,2.2344125957424525,0.9105953619420811,-0.09743455438242919,-0.873355115355586,-0.48541539536042133,1.1248415893251766,-0.9082817500745876,0.11646705153652663,-0.7829622067736345,2.0516640329249545,-0.9672640234453079,-1.1551426808024274,-1.1058747895588161,0.8829235712958166,-1.689517393576351,0.019631022080842015,1.2951092726350877,-0.9017681667513577,-0.14425095050583567,-0.5698164798652572,0.9223014210757328,1.7856720936862502,-2.1169869500543634,1.9535895511331913,1
-0.6582366473243919,-1.3274294065630794,-1.4258851161990556,-0.4550940450103068,-0.6158350536384313,-0.3892022173407347,-0.9039855694913831,0.0413606249198083,-0.34599499647254006,0.8944498526783918,-0.015200107186844995,-1.0338876404253001,3.367764616710466,1.1810749794905173,2.065922501664886,0.0663155211732415,0.6868735914114958,0.7811068508319595,0.04397849901217159,-0.1588613506867189,-2.348076150674112,-1.0193810652356226,1.061761755102678,1.2598395406953231,2.500163466866246,0.7525654678147218,-1.546286833116496,2.9009962603503587,-4.767255562763577,0.01425512865472636,0
-0.11101157042607541,0.8395811371419821,-0.4349023914689024,0.7569878381999702,-0.06630572413013741,0.11414201372911946,0.481049428927178,0.39720834802296867,-0.10977764641240259,0.5225055969777225,0.6291864703235834,-0.0037800341767993424,1.3531653126521006,-0.8032629245994178,0.8864318929454273,-0.7224534589984808,0.14662780006037202,0.4787918863270769,0.018058772389705265,-0.34318404285552634,-0.2695039198953933,-0.1050575183579742,-0.04836909781116635,-0.09611417715779215,0.43051687928225846,0.8439134585112477,-0.7276061163619445,-0.18635047925558723,-0.06111998910564158,0.485778956649988,0
-0.9233160137484444,-1.2360169243957613,1.0248381768890382,-1.0700569272947766,1.5758453999154327,-1.4763635637896904,-1.0297333847013728,-1.543447752816644,1.2347504523247599,-2.060926973842886,-1.714395080048983,1.508774599396614,-1.664972056051349,0.9006603144403614,-1.5474405599374237,1.0351570657166758,-1.9823303490505677,-2.2594293708374176,-2.1385903072792596,2.2170128854967373,0.5201479298352999,0.8666590257045037,0.8503655781945353,-0.003240388433132538,1.2996444704772419,0.49344638089238296,0.9292030571381243,1.1595507068629294,0.32889690441152797,-1.0400928522497284,1
0.3859614344839609,-0.7853162076112676,0.40547476616374684,-0.769571310604832,1.357450178433118,-0.7117229508571001,-0.21887986484858735,-1.0208958566520114,0.5989113094870416,-0.6943095982411313,-0.7040482576736625,1.213150338339554,-1.2835703781424848,2.6423661873924615,-0.7921283410699528,-1.7979900848314143,-1.2185626146149486,-1.4923818346851099,-1.2569154783831067,0.20273408043360103,-0.3310129979247727,0.5332892363481293,1.5435585531401312,-0.5405443989839743,-0.12165701955703427,-2.4604150705535055,-0.1279676997444912,-0.06813882185309969,-1.2118924049962823,-0.3214614709457891,1
1.3102191258032259,1.547419437384043,-0.8160151228127968,-0.23900226160231128,-0.7227779554735493,0.16954063960885798,-0.6382984439606402,0.6989218984744869,-0.3052047668570692,-0.10057231950013637,1.1044315580346933,-1.3554049230388794,0.2919502279504207,-0.6533687494133453,1.2182776866058995,-0.3221899185202242,-0.42053921112442355,0.5241156764685202,0.859932776605245,-0.8516862490242694,-0.41429906208138156,-0.09358324038527809,0.10656208031578884,-0.25471016125403034,0.1935978839920149,0.5649874041778741,1.9732109261655595,-0.37521199910013536,-0.20362914103057708,1.20034870762979,0
-0.9346956861022645,-0.47024745270593604,-0.26534735085111827,-1.0317346414185296,1.5840560624797944,1.8550789082993793,-1.7407955728406956,-0.07709202490023516,-0.009558771273078675,-0.9085419500609537,-0.28412997590002836,1.3037725487207035,-0.7061494271265842,-0.660581923974764,-1.3561450627854008,0.6354637650587688,-0.08703016236756923,0.8054911280796572,1.2413088556411718,-0.12990007174184706,-0.7391824943708337,-0.03255605544899081,0.6375393277966963,2.800304634651985,-0.8972770453916399,-0.6619309704999984,1.2056488783680157,0.35513555065661717,1.053121210978248,-1.184484273352308,1
-0.11222375301124739,0.06249435066341313,0.011996892785435646,0.19828095122494085,0.14082644894352217,1.418472862176963,0.15682070853935914,0.5791429079680115,-0.1250728781905788,0.15065970333829248,-0.0902048338034629,-0.42207891483729143,0.33730753269123237,0.6304983734126114,-0.6460024964145755,0.7212767309131876,0.8718977418640027,2.7638955515333086,1.7963165505495988,0.006355254173504867,0.19034820547117792,-0.2286089133746186,-0.6669728975958963,-0.2730298913729736,-1.8900235946449415,0.34613465981634156,-0.3080236599248616,-0.0924663323063018,0.1173843518041077,-1.184484273352308,1
1.1570990444715832,-0.9351092151080191,-2.649548386397044,0.42576995060696876,-2.3482614984591508,0.5523322590375581,-0.7545180950148632,0.09406018523895622,0.06571708684450635,0.34359193696697776,0.022073887436911,-0.5563220850809392,2.020531756396881,0.5779117473974071,1.0211418629288487,-0.9392778513305265,-0.08281118950303756,0.3760454430218035,1.556398378806004,-0.7278633409942485,-0.06554960296485264,-0.273785781676872,-1.7604454093369202,-0.8480204428279904,-0.6298754191523462,0.34957792294775986,-1.7690705726514944,-0.26915184272024845,-1.7738065997401875,1.1899968987626695,0
-0.5962036700053202,-0.5849709161570062,-0.4395731304473027,0.8467528600865769,-0.45423543565739943,0.5541514916497573,-0.49458677362303716,0.5853723202670168,-0.19882932824016453,0.8803199748851037,1.1226604093897654,-0.5655820288766389,0.6387779674173333,0.4685776558036626,0.27443486370288495,1.208557387038253,0.7588172527664405,0.3851692971569168,0.11189716818188926,-0.14674452351887948,-0.8704050934623583,-0.48183933168135584,-0.5173548900430578,1.2860821888426155,0.6910707800428141,0.637011972163191,0.4285750831539887,1.3230213438063467,-0.11203011025427649,-0.9774336341408756,1
0.030420175045337366,-0.30665743010951757,-0.6731218532102423,0.49985057417375006,-1.281965840366601,-0.3602857216342955,0.22582245066965453,1.2974967958844896,-0.11926919416242499,0.7885577599170549,-0.24829106328091818,-0.7039912720897996,1.3649970250966355,1.1212397191037495,0.18825474882994264,0.3883267145614005,0.4533119219306891,0.7038945264035539,0.8558377063657284,-0.40427034202921663,0.9279233014909104,0.06473528187610833,0.13983235329326626,1.0127940419889616,0.4930104435923576,0.930076182145088,-1.7805621118667707,-0.4344275244661186,-0.08306906451877906,1.6124529834751664,0
-0.25679802216561437,-0.28008768170938886,-0.0766088731017899,-0.021947293457923928,0.38283534895237187,-0.552640705734427,0.2934833163807452,0.011801708583584558,0.06333325475595394,-0.29465749683069387,-0.49882734123018346,0.11939513748245587,-0.3303447639893336,1.467012667334758,-0.6909064309254336,-0.07500366436313215,-0.7705068056885804,-0.3969032323864596,-0.5109959831675206,1.4760207688121694,1.0920748985217141,0.1993131810759112,0.3990762786630292,0.5111445330322356,0.6258753033913828,-0.017057727798594994,1.654165716374715,0.25056409777178384,0.4547161756328702,1.3945798268526712,1
0.7042070749928716,0.12268428837899863,0.06636170649656012,0.053315111979122025,-0.7272751225495108,1.4876547075430266,-0.5279858152093676,0.9184360417877944,-0.45491637684131514,0.10542501439945405,0.11286398556313666,-0.3543294164193285,0.5060791496349428,0.2622325054963583,-0.2161804224420798,-0.4648746024549151,0.4580505423201064,1.4957790208079216,0.5455069997688266,-0.8170305246198145,-0.26694686249304844,0.20344211347199162,-0.1284981776500179,-0.6950543815918983,1.9999974294053071,0.21328270397966417,1.2136991002196533,-0.32404113555572306,-0.3111333152561186,-1.2656292596271719,0
0.35297290658368213,1.6669894484956964,-0.4069955733612349,0.003549619869253934,-0.3583859272632207,0.3594640276743151,0.08936420481943652,0.3713870759775048,-0.16502123770039767,1.815279976357837,0.4040347527956723,0.26076709913660073,-0.2790389614131671,-0.036155210905138305,1.4079296855321284,-0.9954416542277107,0.7794544175521021,0.9016205607592667,0.7523050753782123,-0.14122455874978362,-0.40097138952943695,-0.2975969903989262,-1.0221849652168515,0.3270295568158474,1.132548564417706,-0.6528487191235659,0.2558737129724964,-0.31860570341668226,-0.17947319326656028,-0.5747953651884471,0
-0.7674021826858243,0.9381080706522668,-0.25367427905105683,0.3072055876801406,-0.2840043738809393,0.33490907088805866,0.013080667803129857,0.4852099340463539,-0.15463882587986344,0.20494490111986843,0.3850959975376424,0.3696242182239306,1.102840946799635,-0.2138750845199532,0.23797603822132493,0.476793537882131,0.6948215319883373,0.9125014802554472,0.46548953762974876,-0.654160723355605,-0.20692299456026264,-0.12050189667337237,-0.18396143037579155,-0.07018519464273551,0.19798093371410333,0.6192305901645203,0.7803270351858967,-0.2319304324352584,-0.022991955315219532,-1.2656292596271719,1
1.534443478249158,-0.04757548927397631,-0.0786247639820383,-0.16412319720820567,-0.39924727971688534,-0.1606000787922855,0.4663622528064507,-0.1385479050562518,0.1550087881046442,0.09198537864030933,-0.3749224515817526,0.2055855783883802,-0.33731857605954624,-0.31596612504292604,-0.4630626897150256,-0.7079251835776609,-0.23951952615398983,-0.5561944471543216,-0.0073637151022418745,0.010697231465694597,0.13670998525423916,0.20782876402621867,0.7541773544922311,0.14481811319393736,0.04837178886300941,-1.119064510712912,0.9809284567028658,0.2154169189404961,0.30523203406385513,0.7954093573414034,1
-0.9247237041531701,-0.8396031111907227,0.9546933227926291,-0.9748681978981438,1.492128193819702,-1.338382339159587,-0.5916214611886264,-1.0809983400345675,0.5607683345036333,-2.106731022302667,-1.6536538754419132,1.6666173028903062,-1.7366642882125818,0.35608643647767496,-1.639060491171903,0.47938769717131813,-2.0941006577102437,-2.2996853869773966,-2.253485829865738,2.3514593293857975,1.4964882606349457,0.7584117784945201,0.48076385562391116,-0.0023637543862256765,1.19745072795217,0.44811369318968836,0.8158417380945864,2.8402718608588517,2.0001250856224306,1.4213526308202287,1
1.3940443429918923,-0.2528492808230079,-0.11793428537809815,0.6096693723380345,-0.39935195632381043,0.17635994066907365,0.16947856507905953,0.6799245362929671,-0.10417785043904103,0.18265508227561916,0.27522464803976526,-0.8066309577743014,0.895928911169894,1.251963582588044,0.17909618700727276,0.7123440734271288,0.49635418709912643,0.856190793899239,0.43574364721791137,0.32818719502265564,-0.006337998700084067,-0.14891932624541104,-0.2462586136592982,-0.1503580330227104,-0.2324327656321612,1.050562229783796,1.1025922244501944,-0.3563073577923962,-0.08426070420951569,0.9861932700127709,0
-0.38257564105212105,-0.23905979350122075,0.31346129443899023,0.2081967765587922,0.7188190076549004,-0.018968484522221652,0.12387554100796667,-0.0790064253566416,-0.22054629804742026,-0.44193201703942536,-0.308932174110702,0.11187579069212819,-0.6879507939140403,-0.9725948764871546,-0.8391020354136857,-0.33750954958425344,-0.5762945305445173,-0.35132613312374666,-0.3177384440558586,0.44619318021115195,0.234520039990165,0.3330460102497426,-0.38178752169094043,-0.2301406158843111,0.22879564577941344,-0.19096924739159976,0.3992460698467852,0.495938821606107,0.3867226427425021,-1.184484273352308,1
-0.11892693837872685,-0.22628441861184342,-0.09256197916325928,0.4277971031336921,-0.09004118606964172,1.279445589894381,-0.9245834625686405,0.5933179293063563,-0.16760301551334716,0.34948397783757973,-0.16665567832203454,-0.21845452731665033,0.2148237324243947,-0.8858437398785395,-0.6223481663240156,-0.4843561443052135,1.5236353350623681,2.4334297117938366,1.7839576775969843,-1.640223995863023,-0.2909508384749087,-0.23742795751367102,-0.801576643117494,-0.36354222642316464,0.5737687631197045,0.6276306408600798,-1.1381831708217764,-0.2130613416199446,0.18619428979364977,-1.184484273352308,1
1.4884263078468614,-0.19399528851986003,-0.46278641345678617,2.295861440475581,-0.32544386359330063,0.23817992069401003,1.1116816815100588,0.35220821336495156,-0.053414279620448535,0.8681659530400361,0.6865629278769079,-0.9030940958793313,0.16058140513486177,-1.5189625322630458,0.5649215160606622,0.9704668494339157,0.9703035858203644,0.14317968491856523,2.1093484100674074,0.4959249322869944,0.14998722872775644,-0.029497805249877707,0.554087852580454,-0.4036201866665873,-1.9672484523094624,0.6268197302867298,-0.506290948081534,-0.13512958518198373,-0.1023707006096198,0.9068064570599629,0
-0.10245255320832104,-0.33559498182508435,-0.09223982531736356,1.035506765928446,-0.04964466817247262,-0.05041578049637309,0.9023769715856136,0.09452253186970405,0.20066672465527416,0.4145131438087361,0.5022172373387842,-0.41622154116565513,2.018934324794257,0.5261458472983345,0.7918718087279064,-0.7351147139591092,0.21829867125696306,0.6368414724872032,0.38658678220483883,0.6651960926896747,-0.5972037844927122,-0.05341672840245335,0.39775114549446355,0.3129133053139072,-0.5193987824724212,-1.2737800473666363,-1.0187354657064998,-0.720366780252483,-0.6121035471557273,-1.184484273352308,0
1.3418071365152409,1.5364580222085265,-0.6452605015041902,0.26061371508794384,-0.5588423523164315,0.038296952868491684,0.24364794611108015,0.3011898960574513,-0.15809919527720503,1.3388523084900752,0.5076729583142345,-1.0823574686050763,1.0232123246354565,0.35918580246012655,0.6281744940800279,0.682439342642467,0.5690631673558666,0.27352134188364585,0.09826857701212828,-0.14414099644489567,-0.12608341099784853,-0.18077284457498435,-0.6295914484234014,0.3189009139555904,1.4549219308383212,-0.806912681500377,-0.7789198439052885,-0.22655563823165484,-0.11847227718024869,0.8071460008886671,0
0.21959361551635784,-1.6917385191310652,1.4736694454752992,-1.8756865700571095,2.0797943405872465,-1.996697900011164,-1.943077982427948,-1.8665128889378024,2.3919167808399764,-1.642836273831598,-1.925104320816469,1.4451543712417998,-1.8149952199873909,0.6896956013688401,-1.4281088749370403,-2.0422154333762967,-1.6987611935791214,-1.8815356819670386,-1.9170750286295202,0.28964644063480954,-1.4972314581085155,0.9370861514882695,-0.30673330893077355,-0.39985269976188875,1.040873894503671,-1.1246103156870335,-0.33520998539055685,-2.0755874898584556,-1.4111251053964688,0.35644961365539124,1
0.3613030803389258,-2.4553747230983607,3.8223964815061104,-2.2989619143804543,2.1641219972519785,-2.561453889429343,2.258370020820175,-3.804862764823977,-4.965125290996059,-3.09737698554987,-3.0448733404112773,0.8150432093055228,-1.4041675484728542,-2.4470155204795216,-0.414757431920047,-3.400003329142987,-1.2653825919286663,-1.4283209644559414,-1.6250143430284825,-1.3574545294551554,7.06102773144125,-9.808151401707745,6.6701120585260085,3.812353750516622,0.09070380697066703,-1.0294749112203887,-0.42684985927411334,-3.349753687394269,-0.9363132954345219,-0.8789809880098016,1
-0.3006948459464621,-1.6997576431292618,2.608711749927169,-1.2170480292600407,0.5217630880894818,-0.9801417217608046,2.9760285647712172,-2.2601461749757523,-6.215392021852899,0.22649223316928968,-0.6931587506188649,0.9793324810352069,-0.6839744437041031,-1.7305926559481453,-1.1746637253077366,-0.2754481431296449,-1.2125124373980456,-0.7177583744374532,-0.9809268262188141,-0.16410769230167868,-3.7261601994763565,7.884507360664353,-6.146835016191962,6.064533292642416,-1.107322080241572,0.3328147167259418,-0.2067004382439792,1.4041596881701863,1.9022392461195137,-1.184484273352308,1
1.3429516633660314,-0.01859887160535068,-0.5854585321610091,1.8848691885584132,-1.6953994494986369,0.18043898070248804,0.009632959145600856,0.28263970136749333,-0.13748836104337905,-0.03239338894489629,0.5358187231214363,-1.1613908539287972,0.34312286355549015,0.771082941964618,0.3391225151257861,-0.08747342196084561,1.4805433979261127,0.4449654121592361,-0.370867799239258,0.29398625381551674,0.14087410142625018,-0.09013550538067981,-0.22241066232472603,-0.18113831169669223,-0.2271444358860794,0.6553123670898818,-0.6240185429959142,-0.27085310290290876,-0.17794768227634425,-1.184484273352308,0
-1.3852195993470267,-0.1057242911496749,-0.13136726854487882,1.6572210137083128,-0.7512269136648027,0.5664590322307709,-0.27302963638940375,0.6898637594673628,-0.23690650545844522,1.3240625590697956,0.31718403598197514,-0.23021109388879782,-0.32442691792033135,1.4703004256924435,1.1235744023243364,-0.35367940843405615,0.8221811212045532,0.5489020428699675,0.3061490531747925,-1.2011098765651367,-0.1385574734733529,-0.2830268338705623,-0.7846075880356816,-0.127755119251853,0.5078942998997171,-0.5949564586548716,-0.34678455792646556,-0.18674817413514233,-0.1762262288597494,-0.9796345142305668,0
-1.7658298195700073,-0.5116874841718039,1.3990692586397422,-1.5475451958545168,2.0250759702187335,-0.6166263071463719,-1.505976606715046,-1.2244724511157956,0.7394332649007486,-1.7112623486109662,-1.7497074893498106,2.479335710984389,-1.9324630397864222,0.12883021996155564,-2.0464589664033155,-0.34758000218817836,-1.7901032418901648,-1.5704648018452192,-1.4724809315463776,0.765839204076494,1.3162587284807579,0.6298812439511796,0.24990455528669614,0.23721671971577485,-1.9301869591378893,-1.0537641935981232,1.289737228566727,2.451592858951864,1.5700637667660937,-1.184484273352308,1
0.8890341308817967,1.6586755168212146,-0.459620715692215,0.14241454693958208,-0.4683440648601352,0.20931546721601643,-0.020953063440761293,0.44517750241746556,-0.19213906598983665,0.5602269872538966,0.7035938992083072,-0.016639626731660237,2.019115978590902,0.6416021604698252,0.8461318949518656,-0.6889185066523807,0.4130430825807428,0.2861513564393414,-0.0395313727890572,0.059772475988225264,-0.28612418973746157,-0.1878449171136447,-0.5038649509067425,0.2857804782583449,0.05506959975618255,-0.5651806180969211,0.39349191722948673,-0.2810512688855995,-0.21896294797373728,-1.2202802254009488,0
1.16936091292212,-0.40567103450660064,0.3419081398787177,0.219166714759754,-0.3078867809963892,0.4160991030356666,1.163484941506581,-0.02689552560883983,-1.388873092204023,1.778507197449414,0.2853143675006273,-1.7417799000828071,0.4281128904542343,-0.8440860856058547,-0.39529635071991626,-1.3341633027309439,0.7932988485222778,1.5763558817847898,1.8630736355645856,-0.8611180470760611,-1.5470057771009176,2.067402469500785,-1.1418593404695305,0.40490525651274234,-1.7347648072000412,0.2462190012645682,-0.6733236705182585,-0.19721700961317692,-0.1829501314033513,-0.2956491535292271,1
1.1530967167280461,1.5516871649679091,0.14539418012911975,-0.41512063109063285,0.8235782571630037,1.410323833934228,-0.3893541811841026,0.8089224002073774,-0.20963985684204225,-0.4336058185435348,0.3704732267320635,0.34968171057493663,0.25171116457695214,-0.6411951538496189,-0.6140402826704314,-1.249732179505267,2.630530092121085,2.4785073819368133,2.568218692477477,-2.05876796898605,-0.26375391271785603,-0.15571842327922666,-0.34526794135539596,-0.1257990555976557,-0.7430517973195173,0.5176526578919294,0.34119267172354695,-0.22725030055387777,0.010588384688797423,-0.8901435477610831,1
-1.1433532885121893,-0.4298519414970979,-0.4321877112585617,-0.1573908483410767,0.3140515657666971,-0.7642664998607785,0.5125653058916848,0.49899771008807997,0.01485775395876326,-0.6444227885744017,-0.40036861347986485,0.2679530609184849,-0.4870418376919946,0.23612551262719153,-0.20259762858118305,1.857217004588683,-0.8350305317508367,-0.5623416892583136,-0.8148630515316316,1.0462797469003782,1.7523850110265755,0.3128570438859707,0.2164500094611519,1.6588957958454384,0.6358792735752729,0.08432545235735199,1.4034932322933589,-0.0018931170132056537,0.4008428763903806,1.7098197158785498,1
1.1427546251075371,-0.23564286347350574,-0.16513968915293295,1.3245703411088863,0.22183604618302696,1.5635243876306895,0.6796996214708184,0.8119463430030613,-0.10337550446240555,-0.4634296427274518,0.7260164029242565,-2.2235679835733984,0.16850706703085436,-0.3181662595706478,0.723511858172809,-1.3751986752602492,1.1762533908409343,0.14792150205180604,-0.004949053266776301,-1.7107692729800072,-0.03943230679305797,-0.182411408573143,-0.9420485845482338,-0.18958758166526501,-0.127940863453043,1.3340008409539916,-0.4347929377799493,-0.28770267887351647,0.042460217805602454,0.5777404505690839,0
-1.6046182406665805,0.9482159640151768,-0.13396801370449476,0.5478197028986599,0.441427886091358,0.41324546048930905,0.34843559508855654,0.425927393046818,-0.17070814483752478,1.0682533940803098,0.3960212209042441,-0.4835427735123139,-0.33770177325811024,1.59217911820598,0.4462256943241409,-1.1412357658060786,1.0743492460890065,1.2055375319616843,0.6807401905964412,-0.9822421073349629,-0.24717187978302582,-0.31255554209577613,-0.960098064275869,-0.08526914963753217,-0.6182591787646394,0.7930108815873609,-0.18379366350250065,-0.216299780067859,0.01404031325047483,-0.6539997889827114,1
1.253115011621216,-0.7999782124847459,0.49070692765349677,-0.7578905989943931,1.2753920976142223,0.3965853716376686,-0.7378253031759531,-0.12506887591154198,-0.30848672856158765,-0.491374688164443,-0.3769707548877057,1.0208313521453922,-1.2857668190686615,-1.4281223469676132,-1.6990611490732368,0.4265234490687294,-0.8389643445290726,-0.7654537225797888,-0.4194201772450465,-0.3910988473202163,-0.36665988294044066,0.10008267070629893,0.3484314833974346,-0.15763265612131724,-1.0766025314846164,0.9662827100533741,0.6049178382951855,-2.1636842191607775,1.0143411862865686,-1.184484273352308,1
0.08955202309906711,0.21787674672285479,-0.3268694587558837,0.26662318711139005,-1.4485291246675538,1.4945665377712247,2.2500113078062967,0.17310212300324704,0.14103713215813668,0.9094278455345145,0.33048750987956377,-0.4973607394431704,0.4498090318672454,0.09892013816915438,0.1062643565329627,1.6288543886142206,1.5583471750734947,0.351717025223198,1.1584515316393624,-1.3988695090911443,-0.2044602700997034,0.04458394781581523,0.7553455479144233,0.13819248485308758,1.2380333406930293,-1.8466969738615364,0.2967070783908549,-0.29499887447365963,0.2079366230775569,-0.6688384241052209,0
0.5787142447572247,1.6597007567325555,-0.5057258754061852,0.06708516809602881,-0.49815298948198966,0.2543843247842356,0.1617810558246184,0.4027802445540756,-0.14847459276646444,0.9239863793268164,0.6527999071414657,-0.21661653930164543,0.9144469716260543,-1.3606646728402743,1.1598826105070417,-0.3687838685475638,0.38893515475292545,0.2880515842845025,0.31009451619750333,0.1774468042543502,-0.4050689049551209,-0.18987242275760147,-0.6220374380673878,0.2855110318723033,1.4136086061350694,-0.3485289162332903,-1.4009001021172447,-0.24279100703832449,-0.19246213277928864,-0.5246796700576581,0
-0.5434320359714686,-1.4702643320923892,0.825352386959415,-1.2063375747142884,1.057120190123247,-1.1927800567349847,0.3941464696607308,-1.517390733776232,-0.8092540729472971,-1.4489283860326772,-1.3975441005622222,1.182744745016215,-1.1131375588036798,-1.3974616205870432,-0.9353314067028485,1.2544632481974263,-1.2715066232441512,-1.3581209446388143,-1.1841201921056124,1.6145004567506775,0.7852013385648281,-1.2500799593136256,1.6765485405807286,0.9298366920132368,-0.9536591223593895,-0.5036559906899156,-0.20390287683624492,0.15112582006366063,0.24262327973432352,-1.184484273352308,1
-0.3078415347646049,0.12861895629063097,-0.3432243072045304,1.6562528087557444,-1.1956955352170238,0.018086136946376057,0.5742934395419911,0.31577908399466204,-0.13591161086840736,-0.3294227067590182,0.933966265167684,-0.13769676207778717,0.6338710375202621,1.3668305093128221,0.4446585011329864,0.5088294770488045,1.4043708525025487,0.4083760361173864,0.18851216476437052,1.2694965663010989,0.22631020021316514,0.08616096104941835,1.1640544606837264,-0.3112235331291138,-0.5003558944961264,-0.4108456751643688,-0.004149457142947665,-0.17475479482908854,0.16016122028760701,-0.07168689767824558,0
-0.3006948459464621,-1.6997576431292618,2.608711749927169,-1.2170480292600407,0.5217630880894818,-0.9801417217608046,2.9760285647712172,-2.2601461749757523,-6.215392021852899,0.22649223316928968,-0.6931587506188649,0.9793324810352069,-0.6839744437041031,-1.7305926559481453,-1.1746637253077366,-0.2754481431296449,-1.2125124373980456,-0.7177583744374532,-0.9809268262188141,-0.16410769230167868,-3.7261601994763565,7.884507360664353,-6.146835016191962,6.064533292642416,-1.107322080241572,0.3328147167259418,-0.2067004382439792,1.4041596881701863,1.9022392461195137,-1.184484273352308,1
0.21914971765481767,-1.1118544171479907,1.0216445763860917,-1.2312471456578944,1.789015945730412,-1.4918842055639265,-0.952032859926218,-1.3503619933067919,0.9952015162277573,-1.6152787989343622,-1.646971592313537,1.618528291345683,-1.9272332281813076,-0.012264460208818813,-1.3889154512531874,-1.6897578154698158,-1.983984126852504,-2.218727899344233,-2.269127574671268,1.2606090670936503,-0.1856240404139075,0.6375217953020528,-0.37893226295697874,0.370645748118118,1.381677354614169,-1.1774718597245708,-0.5111048873467678,1.2427351305868717,0.31228090392066116,1.2241818338704897,1
-0.23394048860145497,-0.09031700316116761,-0.1921331987060155,0.599389867482976,-1.4899967327236443,0.1012326577146195,-0.6715573537419339,0.5555261575314023,-0.12182211465683476,-0.39261707879320873,0.4602735422636703,-0.5911153741639392,0.31081406292677133,0.3648763698671953,0.33031104625590735,-0.33556047789114546,1.4141603467220663,0.8988082138587123,-0.2931572809696648,-0.4598747296603019,0.05874047307289294,0.05079074175173496,0.762262914751493,-0.157927515173992,1.3744357289434836,0.02054444228238483,-0.5729040665417715,0.034906569331744366,0.1872101516871213,0.33526562961862916,0
-0.8969594082332688,-0.4990501723539249,0.19854866639563085,-0.6403019512749595,1.2656207002391278,2.2836865939387745,-1.5086115010725996,0.3512714375079986,-0.23417498259937602,-1.0940020415750515,-0.5031542802847639,0.9748021184809583,-0.8713539294502448,-0.6291374785640792,-1.4454525223395358,0.8433219665515953,-0.19461468858176828,0.6792264681359363,0.5692053220212343,-1.1712489616821409,-0.26636602915940655,-0.08252621712910592,0.14001476769112434,0.9289713305986131,-0.5326605281308887,1.894143955434479,1.3509219377761523,0.30082417556845775,-0.8575813387674649,-1.184484273352308,1
-2.046335926636998,0.9447429566328165,0.012423779400524219,0.051470708709904826,0.10212326260903032,0.7393865664452063,-0.4285345044917902,0.6498252994857932,-0.2359621579751775,0.9140076514708656,-0.02916731185909688,0.41674139970379104,-0.2362883863109339,2.178129712685841,-0.04763722062878719,0.4260901634105086,0.8346401896082207,2.5404531840537583,1.0612750587926996,-1.6290922175612068,-0.17177890138201074,-0.223855200355663,-0.46343671112146767,-0.15777034280458913,0.059165056493240956,1.148087780894025,-0.6876694334533737,-0.17604701015575738,0.0988578965993841,-1.1876488165680534,0
-0.5261824747155703,1.1336917504905344,-0.6353646343785849,0.39279013528342044,-1.150403363427478,0.03895488159670967,0.15031217694373683,0.29657843970924386,-0.1523636001935984,-0.07518853774148573,1.0319948682212492,-0.30948989040158087,0.12924025628685598,-1.4887655513247853,0.9908310470032401,0.015582908516878774,1.6767750092510978,0.4083775663583637,-0.20760389088319625,0.8622056772706671,-0.09784440327728121,-0.1884472053863308,-0.8593721474549022,-0.009572042309711946,-1.0097718714503257,0.49153652839475404,-1.0638455651649148,-0.24929433938102666,-0.09686467449959672,0.24399260040129134,0
0.5501407384381787,0.04824585544204311,-0.13515120334279523,2.1522217856798282,0.4916555245890705,0.4623336965232915,0.933039788442687,0.601152890194204,-0.1994723303921972,0.7744816159406959,1.2678550429087438,-0.009372175326228263,-0.37839999193362084,0.7682125620805302,1.2831136140258852,-1.7422566360330727,1.1238944947153298,0.2912007425429837,1.1162435049874364,-1.5095559612205451,-0.32367654229680953,-0.022858731246318,1.0582258363546033,-0.049745366172127665,-0.14165100127493654,-1.549475855302537,-0.1948807882895058,-0.5362590777546384,-0.5451883736171755,0.44381748058964327,0
-1.2312225293591783,0.8872134239287239,-0.4315494073506199,0.7134834800318193,-0.08625610604569374,0.12795758778887034,0.5231939915569214,0.36572079925135503,-0.09273980105882138,0.6266010434438984,0.6467456394244128,-0.14248755486033943,0.8538246719131038,-1.6659404629842107,0.996432083732097,-0.6249019966751909,0.19170329221692237,0.47125699536141824,0.1138613812445761,-0.2648336724710427,-0.37575981257429675,-0.12192919553880792,-0.13979948084754965,-0.08872750337221372,-0.046247196058110535,0.8520805584444355,-0.6841315243776734,-0.18781140477752759,-0.07837336979552553,-0.025390847162013206,0
-0.9670923434135832,-0.04900350218940166,-0.17146082655353165,1.3031907084881884,-0.1439474501925168,0.380268656940136,0.7515448423448313,0.5709779513532186,-0.08190750975297463,0.25141897494170995,0.6943523076249924,-0.23465276044360694,0.8520275663197144,-0.7685067286156011,0.8154989468132542,-0.3969238910147065,0.004416381605342879,0.5395719978164826,0.289363551515102,0.6775455299424569,-0.015212026386921798,-0.09440208524385069,0.17267230858575264,-0.19359505853066122,-0.5501503091474552,-0.24033310437050473,-0.4723420837262211,0.11290391526583489,0.31416802400261584,0.4405513082599694,0
-0.40077512805676874,-0.035629548410584015,-0.4695419036021183,1.3265389450432516,-0.05116430214341435,0.12158786981566828,0.9827296540873194,0.9161331143344622,-0.17643201134860875,0.20525632245053213,0.5698599224561456,-1.186383584926555,0.30381898522997075,0.26240633118740603,0.6570138376395693,2.559141989036353,0.15653479145810284,0.4157028096663273,0.616362072649125,0.6899328573657704,0.7253416506852305,0.04561282028206028,0.6776989706421298,0.3007486702029227,-1.3250337837054098,-0.18575290288613563,-0.044218831772586106,-0.27613921751437887,-0.2074714302352824,1.3575389294319424,1
-0.5855564500199979,-1.0429290562459623,0.021642185077259003,-0.8899256899534648,0.9809524895503801,-0.6236005010290302,-0.6353581752517153,-0.8550674338740378,0.5348043897268141,-1.0794008421410495,-1.2146946956539233,1.371215990879198,-1.275933861643635,-1.3845185924442867,-1.3127953340314549,0.25519214930203327,-1.4407379339333306,-1.424137387236754,-1.2998605413068698,1.6998518212306792,-0.39272419019047694,0.3260455294873756,0.050020328079272675,0.5337168577183129,-0.9945362954005303,0.8638086437599944,-0.06393530954019543,0.9468153596608624,0.23333290364171824,-1.2407743381306138,1
-0.5550560151136159,-1.322705914029349,0.3844811569670583,-0.9863205335274006,1.3783509120467603,-1.056295985300634,0.26627532927333547,-1.2726410900186695,0.29714243464464823,-1.365236351410992,-1.1743604108456165,1.0724112955407985,-1.1705430182541972,-1.1815185509235735,-1.0426079836755933,-0.4334570523658262,-1.365497061086745,-1.418363338970015,-1.4083295654331378,1.8249559138971272,-0.5634713492507322,-0.13255688059367468,0.2641529220320309,0.013723103341582405,-0.7438337726196409,0.2629519723203765,0.7034085432416946,-0.242089809920203,-0.38835273898756606,-0.3260022936638171,1
0.9550558219582125,1.3519085326161013,-0.7886296076705559,0.026703417270127795,-0.5129977879578267,0.2510757104235413,0.6654048067122385,0.3628400055421389,-0.12421078975904254,1.0956791292608083,0.5972265380009911,-0.5303740872673649,1.016109279660005,-0.35447352454853553,0.8871533244885459,-0.09848554417781255,0.6448737696795297,0.17987619654076906,0.7915994801109479,0.1088636534232918,0.05007847863631706,-0.03728332791784497,0.012716408677011385,-0.08277882547506163,-0.23142132877043825,-0.17343335817496855,-0.7541227564523071,-0.24652758055683652,-0.13462665307249042,1.1838791748312,0
0.5328578936923156,-0.48467272819695645,0.2011761940308497,-0.6680445678447018,-0.04772339786213425,-0.3176556172338247,0.0407895425697431,-0.4031543470177659,0.34967242165529816,0.02510324581277685,-0.7981970564917923,0.741532295243158,-1.050873871006247,1.1891559518943553,-0.418216685471144,-1.4976986400647103,-0.7379270379250912,-0.8487710446540182,-0.5379127572519965,0.4192034496631885,-0.23429887022628135,0.22662962653789612,0.2798381315326429,0.1854121263391621,-0.51810599155536,-0.5478628672495894,1.023287719394877,0.18560962934692626,-0.30985029259744956,0.8086601612859857,1
0.21909181536283456,-1.0039288064491056,1.4291323469117385,-1.4758367646843318,1.3866388776931766,-1.728180569035594,-1.422895047714732,-1.4963142112271273,1.173159112195085,-1.042070095471154,-1.940108667606095,1.8864517847552162,-1.9173550824554715,0.17172164063644071,-1.6836607625102897,0.7379839696037201,-2.0055061344943628,-1.9393809680712628,-1.7930359412532912,2.5607136365699903,-0.05089995084482239,0.8332207226295405,0.9860721972019969,0.4747715140591126,0.9391716723800816,-0.48496651256934736,0.6083631219263945,-0.10265372314333639,0.42825078793256444,1.3919833364149108,1
-0.3540108258462111,0.977706400437922,-0.6884701259870237,0.39038623987684007,-0.9262292111446286,5.752953942390012e-05,0.27039730460887834,0.2649108372112937,-0.1476523714758749,0.0219338304966836,0.7268358686941121,-0.14345062925782762,0.4349768697686415,-0.16962579239153974,0.21615201478785193,-0.5595324723353067,1.7606070062866184,0.7655487055858177,0.010069902399894961,0.7084277948160196,0.16178421516785288,-0.105221898550536,-0.33227247055504044,-0.19650480377603816,-0.7788856465628453,0.7142892540495627,-0.5921792387659284,-0.21433125931655678,-0.01525437919499181,0.8979240839051491,1
1.425339513303455,0.20257755266891941,-0.18075653956062993,0.6857538038859489,-0.9837371058533019,0.418817255037923,0.021757885238645632,0.7351240393691301,-0.15077285231767718,0.29348492864399567,0.50965909615996,-0.15717196972778597,1.1623824207454265,-0.2802276405380514,0.8603011082805379,-0.9729938658807331,0.44659558264964105,0.2677366876999353,0.08489512393327774,-0.12111444109881779,-0.15894028348766923,-0.17974139142304438,-0.46043471144755654,0.039701471760679535,-0.0063356801946427435,-0.8727723813796798,0.2812191883250385,0.051936394339045476,0.08807414881432793,-0.6313137641620096,0
0.21872508706657875,-0.7155769930454761,1.143470774667739,-1.245287422535393,2.009879866139643,-1.121726443971881,-1.6352070885952452,-1.388466964736266,0.7176077619808372,-1.5990360630148415,-1.6592281021965494,1.9687339109196444,-2.0107537379062963,-0.14105432498297513,-1.7652242096321504,0.08205112765939472,-1.9571866731512235,-2.035257260170282,-1.8756274047328099,1.6062286330328535,1.0399363118331404,0.7572245562638267,0.46012763286553005,0.3284582933792253,0.7473196834478507,-1.2255120240276276,0.8307220639194292,1.6198962244937396,1.5540425070384278,-1.6290214395317704,1
-0.4871218566772939,0.3727192015580147,-0.031280351385699096,-0.11837964558314268,0.2696474747454325,-0.2759169194145953,-0.3973470927617343,-0.18305620039125342,0.004207236011218494,-0.13254269140464728,-0.3254540380520304,0.7532987216792087,-0.5644204527814735,-1.93660495124098,-0.5334864380325843,0.5479530610042298,-0.4500031949741183,-0.5612254844094269,-0.12653394286114897,-0.019672669878801133,0.11212234626737173,0.13178671090417549,0.09172364813965438,-0.19107107383159316,0.5939168107241686,1.0849743893532973,-0.4746797186373307,0.4552336820555482,0.5244148582671011,-0.41470441110018785,1
1.1507345259076605,0.2046382433004482,-0.47703924684935073,1.6104651056503558,-0.5633935376748959,0.029261699949672502,0.643397314851682,0.3111987921588,-0.1648111798238899,-0.17114703605989345,1.295265321063798,-0.3122213277291778,0.48087879405095213,0.027077208710105494,0.6140016012807301,1.0927519115698396,-0.35541071602972935,0.5454195930498512,2.211740513965748,1.540856783125463,-0.23125236173597855,-0.3384968195567907,-0.8142879873209914,0.18153403671329535,-0.6701680659918737,-1.5970596908065127,1.2951931078573318,-0.29942952649848614,-0.22632041527851296,-0.37664685391265573,0
1.1332718055231974,-1.311162640109913,-6.265440913647062,0.9216926487823712,-0.6347825825285363,1.4441894197513372,-0.9288200100798678,0.13801938403238376,-0.14747782546559432,-0.0829878010355871,1.101134737918535,-1.1934606651053843,0.04859215238417098,1.483431688101292,0.13682607129562582,1.6774459653218095,1.22773265839067,0.28758440152842035,1.4368204416022266,-0.22404871231238194,-1.4346281793559355,-0.38163414361977294,1.219242913414247,9.87711359429126,0.9997550183758979,4.617245528316554,0.7483899435089644,1.8088284078289143,-1.955656951245461,1.6060442098032939,0
-0.25192982252470586,-0.08662889620194517,-0.7815652892886363,1.0128358465352851,-1.164548612060578,-0.4385488336541414,2.329027139506493,0.9278958630163262,-0.02298991192030914,0.012523062111341588,0.5317645481306367,-0.09567212409256988,0.6104916925194732,0.15086162136678571,0.3345760095551298,-0.09950279975058576,0.29228723647231697,1.0831661018020242,-0.7465779905767488,0.3658443659598641,0.057323337770962955,0.0005048564860723125,0.9550017905146818,0.3119029108229989,-2.8086592287688346,-1.087726412703771,-0.16462136790464785,0.18871419132960313,-0.08289927570586667,1.6130116916884802,0
-1.254334699490146,-2.64419143296054,3.314687770182375,-2.5599508214664777,1.2761454970356831,-3.0572200193226133,-2.9048664426865076,-2.387918103023418,6.006806016282115,-1.0746109407482352,-1.1642737515294128,0.8587892736879847,-0.8195155965061465,1.3435977802171732,-0.5955967222918267,-0.18920566154750612,-1.0338341143119145,-1.2607299791747821,-1.3698226213347686,0.27830381152651107,1.536124098240139,0.6029812784427167,-1.864007359787539,-1.2156006065461424,0.3328011089702261,3.8340476490117306,-0.4267465681636306,1.3835364258217517,0.6566973507010612,0.9067622997526911,1
1.3056540931270708,-0.7478150491978158,0.6503992275431358,-0.26468972425335924,-1.3403383362676555,-0.0745442507356613,-1.017098437268852,0.3966902024806438,-0.3128529765730729,1.2580832481254054,1.8271109194400672,-0.7924238824527565,1.2280459915042377,-0.36681655380609784,1.3884246391091666,-0.25823356501804895,0.06851944178958118,0.6135524812749504,-0.09602526081842379,-0.9330728165111779,0.30687482197916977,0.5361678243215626,0.19888197318267536,0.17193422958456134,1.9521363323899468,0.1693980618204851,0.228214794618909,1.2961552613496357,1.3111264616414142,-0.3144066567972881,0
0.21909181536283456,-1.0039288064491056,1.4291323469117385,-1.4758367646843318,1.3866388776931766,-1.728180569035594,-1.422895047714732,-1.4963142112271273,1.173159112195085,-1.042070095471154,-1.940108667606095,1.8864517847552162,-1.9173550824554715,0.17172164063644071,-1.6836607625102897,0.7379839696037201,-2.0055061344943628,-1.9393809680712628,-1.7930359412532912,2.5607136365699903,-0.05089995084482239,0.8332207226295405,0.9860721972019969,0.4747715140591126,0.9391716723800816,-0.48496651256934736,0.6083631219263945,-0.10265372314333639,0.42825078793256444,1.3919833364149108,1
1.1869749549840916,1.0042728135326975,0.36757548436348975,-0.7089242510636792,1.0195615329901413,1.0048415887864748,-0.40368998646759124,0.1575180743349703,-0.11617517680772807,-0.7824540844337734,-0.31786839878400375,0.27322842529625,-0.5773154590957262,0.6134095996951608,-1.1053129351374882,-0.7774958696606797,0.09636314669635059,0.0691763117278663,0.2190119642168646,-1.5677159102440525,0.2001027620988415,-0.0076110588562005085,-0.445643451416581,-0.17329653428097241,-0.04723202900234573,0.948541043190353,0.42741729757327146,0.3156564697731906,0.4820039662315378,-1.0231699624094652,1
-0.9230647050370192,-1.2910959120531937,1.202540944145319,-1.3798234064021073,1.3179284551636663,-1.519234543088919,-1.9849739401539879,-1.5958002294902391,1.4067595693097803,-1.8748982312694495,-1.9484480690552495,1.7132564505386336,-1.6498215188662422,0.8442269755342173,-1.7615798766874322,1.6829314463388436,-1.9140357472885405,-2.045316881983577,-1.9802302647756178,2.437883539107946,0.40011934849370656,0.7385908975738845,-0.321174751797936,-0.02602545960415294,0.793149416685882,-0.10786613896474148,1.0809502048743003,0.731058710938478,0.049850183455542,0.35565890955476975,1
-1.1399199427987898,-0.308045553763344,-0.503060523049693,1.4767938686808157,-1.6554140299867066,0.014482797471775924,1.043578908903177,0.3978120434832418,0.02507506765416315,1.693091836678905,-0.10405203121312522,-2.284581074839877,1.28026882604056,0.736672197370926,0.34131214164257795,-0.4391018348826203,0.09826144261125794,0.4558484270228585,0.3059156021371282,0.39707936007891587,-0.2008387783784897,-0.10134774849391061,0.09560995379134471,-0.43597670878395856,-2.023135110004666,1.170878592546791,-1.2360718849063212,-0.24316484227196286,-0.23278027513854058,1.0829988897477283,0
0.06276987963807111,-0.6869813931564795,0.3364383172288377,-0.7270641317325083,0.6038614071135506,-0.9331712986449674,0.3804229171803869,-0.4766164635366219,0.47844902451784566,-0.9555797740474384,-0.833535788247408,0.6991111780309169,-0.8490212451042987,0.344668287253113,-0.6885908913013129,-0.5723988395603674,-1.1576318526258713,-1.2632110791711673,-1.0726931485659668,1.7974122985853778,-0.2819786477502494,0.31210073883827083,0.3429699270333958,0.1363724744255413,-0.9394688405182492,0.18235221560764248,-0.29587946766112255,0.5898150678459625,-0.6603570183986084,1.3847444289205428,1
-1.3431727741771005,1.0493103630686145,-0.2988714220115552,0.4997941891036786,-0.39152674255725384,0.2822036097102378,0.1382730687673411,0.4564553001916956,-0.19479405098994024,0.4010556961862999,0.48277603098877114,-0.9671447154799484,1.01860481656484,1.460952366096667,0.4052683479866304,1.06840974075775,0.9100886521930681,0.3185829602782848,0.18232835375359976,-0.11583515477841264,-0.0897050215208815,-0.2362187963447042,-0.8336303746421955,-0.022121467891309837,-0.8466264920195635,0.5003188098516779,0.32596474099746287,-0.2301556807325344,-0.03631361639932163,-1.2202802254009488,0
-1.023350344484895,0.6878349161184197,-0.3983777541248137,0.45533210031623766,0.31736283868174525,0.31528410056883066,0.2960750468275837,0.6714186927830096,-0.1882432776299607,-0.10685275189572,0.8999710724109737,-0.7625613065817991,0.5720378504836106,-0.013166637753374816,1.0072175004248627,0.44983914244946416,0.46526125676436225,0.3737491850156796,-0.19762213497833783,-1.4052223850565988,0.060321407822512996,-0.04332169792613656,-0.114197451386938,-0.2443480749716483,0.16484750317075672,0.8725366595390408,0.19200750688132173,-0.272386328761524,-0.00875800157438887,1.1729122981899816,0
-0.5556460410781774,-1.236485929089012,0.3659065747598097,-1.00892389766416,1.2423972262069176,-1.0993671524732571,0.28037663223635806,-1.145363829082051,0.14315312472236885,-1.3797325173175883,-1.1560232434853726,1.1929613627627107,-1.2181933492594814,-1.022708372914629,-1.059214656110459,0.6860790624638854,-1.2243757769710981,-1.5092431690941428,-1.2904939439572607,0.9313739953267147,-0.7189435259477712,-0.06174682555525965,1.02604520110263,0.2685367160308191,-0.7757443133198183,-0.6326928533244234,0.4695384862800216,0.26156462750600407,-0.28994155888823014,1.0927390577409952,1
0.38020063203463755,-0.1511840233631717,0.02977521774499498,-0.5729744451933236,0.09173994595874635,0.5231641507621642,-1.2795714916806067,0.006185052472460816,-0.034847521076565954,0.07682181137955357,-0.5603975396701091,0.9483476366167707,-0.8071406407190896,1.2429255767895577,-0.2770283274346018,-1.2020981610988528,-0.7306412888323539,-0.2728796508951488,-0.019088216774250828,0.5789991645906326,0.3258165848570451,0.216254181129698,0.7817481734691135,-0.30602710287520496,-0.29629805381649094,0.576460214777774,-0.45040710215627655,0.22403731915805736,-0.12414684594027312,0.20264012462737027,1
1.2135118991644616,1.420917560869975,-0.8203174824666487,0.25419462832245765,-0.5093931743029286,-0.05304607599329801,0.41902308108784503,0.22952951631335863,-0.1238709928957231,1.7426176067877308,0.5071007320430797,-1.4429727910283856,0.4795866230754861,-0.9113966385696914,0.6684068876932575,0.7470386000853818,0.5359719540492311,0.3123786723365944,0.4861883639338276,-0.3524904908472039,-0.0998550654065982,0.0032318681616154087,0.4648447105451444,0.02507451977632636,1.2566041208545213,-0.4308559081242292,0.2204378848246385,-0.23192701589495335,-0.11743589164221312,1.0473562920295458,0
-0.5586656105721006,0.993909630616597,-0.5589457738552385,0.5660566010031612,-0.593860654489996,-0.07143393406884924,0.16430775334247993,0.22015601248697036,-0.14620087411868352,0.054767339771665154,0.6624859403636277,-0.5758225805084077,0.3542837158769186,0.12047783587443399,0.13864052179369132,1.649269754192546,-0.002440092090615378,0.9171764265907814,1.7424632397517525,-1.8129376540037663,-0.5440100268218743,-0.19005920049107397,-0.2044802635532147,-0.06587298687464388,-0.045913324595423494,0.30006628823613407,1.3984122377360282,-0.1872132063851349,0.017589875976416564,0.4250766412641365,0
-1.136140076027242,0.7137613005612029,-0.6464640659019253,1.302074452616562,-0.03706705506195119,-0.16174181671844534,0.7198090745270341,0.18920820281600595,-0.030248715682511144,1.0787957438497364,0.6104961849901149,-0.13655069666389155,0.6417941995714357,-2.246810676390478,0.8525505077980227,-0.11274924622768677,0.47926467435766634,0.42700172914875184,0.4363457488543942,-0.5759471325567673,-0.23375060037196047,-0.0702575690584606,-0.027545962207934392,-0.04390615217930108,0.29697047669696974,0.1756175829770024,-0.8435948627857707,-0.15954459135681545,-0.010378989803412146,0.9068064570599629,0
-1.315480309427288,-2.138003474431968,2.4708678203198726,-2.135836125405443,1.1919787762433334,-2.3955918047336917,-2.4537671369891236,-1.9480137300814269,3.8466542726869055,-1.2001413829157292,-1.3272988729717865,1.302623243611854,-1.1527797272580962,0.29209708180964067,-1.1165017262757289,-0.058357846542134155,-1.322965676901194,-1.4839090964232307,-1.4349311685786739,0.7371612289029196,1.4040642062684463,0.5805178394178321,-1.2453131228797363,-0.7335076553007631,0.22007858832865299,2.2483025834266894,-0.45973841840744234,1.9062180816550605,0.8935051929799088,0.9067622997526911,1
-2.0960591730030296,-0.17566775657334643,-0.13537959061591853,0.08252908662956532,-0.9137085531850629,2.6089155631385053,1.9606654355265714,0.19389606029716439,-0.5995009367859266,0.687769298859178,0.05538096366472906,-0.02740727052124604,-0.3795381468153417,1.1830909895910537,0.8701790114175383,0.07233670267997558,1.046614179716709,0.9868630195377636,1.3194471734164652,-0.33515576887190535,0.5453758333494788,-0.8157765874301234,-0.14824184171919477,0.3058013034951457,1.6716968543864672,-0.28982113651317554,0.4690118087315328,-0.2489372901005808,-0.22654326623600105,-1.2656292596271719,0
1.4264237798935273,1.7345137008054166,-0.46839222703446476,-0.13306806659852297,-0.5056163328616986,0.46379840483921353,-0.07065141662643291,0.5588384270068151,-0.19554057273051836,0.5486031684282787,0.7855657109260932,-0.27772556414500094,0.5901669060193315,-1.8099096517189817,1.3970829452080453,-0.7855223283726053,0.2361226296375455,0.35607388613469104,0.2572576740369822,0.13731695347281292,-0.42518529947048483,-0.041794651100716576,0.32986335426412206,-0.015471744861010198,1.6616763554074647,0.39518535600867,1.3501439209507464,-0.34651360151749383,-0.264083606751057,-1.2656292596271719,0
-0.7260683536300314,-0.08446062489582946,-0.33453109499500566,1.402021201113685,0.0024553306942228046,0.06338468593605213,0.8165584761576365,0.8789303598144348,-0.123260247099526,-0.18620117878168602,0.5782989165311826,0.10494646804380243,0.9896740545142957,0.2211200150166109,0.9881630824323061,1.3132128086525385,0.10306472076413829,0.49487276397371155,0.6110878205953226,0.7272639545957285,0.5641103686358981,0.06690227201972059,0.6833149521136755,0.2666276059658839,0.011688447794853452,0.0377965732182184,-0.07155082220018733,-0.13934154122744047,0.16728408707564008,1.2968476931742017,0
-0.9203267068099246,-1.7519762503394096,1.2474386491566603,-1.592521882259616,1.073589573057548,-2.1367949352271083,-1.5711263786437204,-1.9273303540260254,2.47126225243835,-1.6626278243615127,-2.108321908051881,1.164432374128863,-1.4254832868422356,1.5411665456788175,-1.2569056925444044,0.7223127029839687,-2.0068689810548244,-2.0783260529611636,-2.078619369748455,3.291335824010868,-1.1363850218428555,1.0389846206122062,0.8660040589572916,-0.24282766153239715,1.5815012214926432,0.036206138336329824,-0.9785316544014211,-1.4493332674480455,-1.367934644975814,-0.18625899938286047,1
1.4254204336667495,-0.14824837920902814,-0.3953015890830056,1.325513096100419,-0.32541347968668793,0.8235163107185799,0.8497537715141134,0.5154151197816725,-0.06906365796018851,0.15931414820235162,0.4835292779816151,-0.9660873679950659,0.4429737812502035,-0.454073689673193,0.8397215261968776,0.1652965468151594,0.5791679711474386,0.2014402363024632,1.3646489296094346,0.8395289656149505,0.2290799172177648,-0.052536228725277294,-0.03387419255827526,-0.32107570863532436,-2.3518985887731745,1.1708817776066716,-0.6240537394024399,-0.16192229068009276,0.04831742433661755,0.8017743596785291,0
0.9648553099482646,0.959984930662543,0.5004953238392597,-0.7853746132383983,1.1049287973459982,1.070616294971267,-0.9913392632947644,0.1869037382353106,-0.1271556491797608,-0.8637422114671846,-0.5016659689595337,0.7061969170866326,-0.6736316408043438,0.017458304461705047,-1.3349783552028756,-0.006548828856225723,0.5559667729905869,0.6071238466605894,0.9613078584698217,-2.3416516832879344,0.22413623799712837,-0.05319314637232666,-0.7971629668259063,-0.06202388485455711,0.8296108010841551,0.5370604643329248,0.14473913097645177,0.3446611679255062,0.6072558513230488,-1.6356966386487815,1
-0.9962756820304011,-0.21619331970983496,0.014824252209365073,0.8113327822811274,-0.26057683939709286,0.31389409769968346,0.9838109598378593,0.36499077038933136,0.14273679745440676,-0.12896388033682682,0.3183414532073322,-0.2652174156081053,1.6328582025542628,0.9941934270526065,1.2129423372718446,2.1602410059335826,-0.20516174158579806,1.0459906737049622,-0.6204583439175269,-1.359473074211249,-0.4233279366011434,0.07418906581416712,1.0529650859931499,0.05875236006573097,-1.0322418955936787,-0.8629806062394358,-0.49132729621476945,-0.33630890648748096,-0.06977909152386873,0.11853313706641018,0
1.2364461978221233,-0.7238440401185529,0.3210666125019134,-0.6130801953146089,0.027402488792482752,-0.1743597845568177,-0.558045086950635,-0.3120642753874768,0.16409193415768095,-0.3765416161786173,-0.6377043086259345,0.7756189760581564,-0.6088500228058241,0.7297771819546355,-0.9983931532847167,-1.342590049823499,-0.8416808223214357,-0.7766389049486911,-0.58526187390043,0.8274093098413654,0.05544103582006316,0.24091589820138756,0.6792879711164551,-0.40401243221621375,-0.8336186977255898,-0.4132275128553194,1.20336091719327,-0.5478050772460653,0.089813498180179,-0.15237366077742096,1
-0.079128612248433,1.0315757128768688,-0.3250892596637737,0.5467004261348315,-0.35864292199399994,0.1770840224507539,0.021574473214289278,0.43083318168487844,-0.18310638056396733,0.49995907039518533,0.49596952130358296,-0.9232878369965765,0.6189856685571276,0.2960299022984006,0.5090315212676981,1.2019107734394012,0.8845394835383624,0.37167385499577416,0.2132855850396256,-0.2029250636809254,-0.17493775463660916,-0.2336631181710615,-0.8699801722747138,0.026250017046598476,-0.36716473019140367,0.3684191115858022,0.2945310130195695,-0.23794532333985777,-0.03512274276805252,-1.1876488165680534,0
1.1213721509007941,-0.02611809126012777,-0.0438806757541704,0.9010132195085804,-0.7714694528848361,0.6529908840227227,-0.17844853062702912,0.871189379004662,-0.2028157867715911,0.09963290549621917,0.146114072301221,-0.7930790110791174,0.4349522914759806,0.15764747434311982,0.3088937997383558,0.9774194407230011,0.3655310390179221,0.6768400663816995,0.753175450270888,-0.1973774552547288,-0.06690220209990491,-0.005162305779440973,0.5945042438779693,-0.5916431148922598,-0.12553782431170982,1.5588108340051139,0.2494134997764299,-0.17161843148368264,0.06621711431972552,-0.3617588163850335,0
-1.0592987710718345,-0.5616610886205393,0.7036179039101526,-0.5275494394465068,1.0524130570916996,-0.6416594848352671,-0.39079123356792256,-0.7240411497581937,0.3698762253317547,-1.5237359234187426,-0.9203845342652659,0.8133063019165191,-1.1515400788641108,1.4086682146375626,-1.032303926412996,0.4951583078602372,-1.463206457425736,-1.55492107560802,-1.617916565917568,1.8604932596199382,0.8393897463297993,0.3332161510697755,-0.5610075720070065,0.06169982933513321,-0.13661757166425859,-0.7659769328742216,-0.19551765336232987,1.2534546903552486,1.2944408186922698,-1.184484273352308,1
-0.6057534749188043,-0.00858950625463251,-0.007549684343878052,1.166850602494748,-0.6360556596529439,0.3098460199110895,0.12022187850620893,0.5698134124671227,-0.33734785334953193,0.23124610098428228,0.4311782002537269,-0.8477750683792342,0.7048614320711889,0.7151937562634804,0.41757485466416144,0.8502055154575794,0.7470477778976703,0.40548683510185696,0.2383316681690336,-0.18597324749221533,-0.11512267245339226,0.10172165536823831,-0.8999076559973455,0.006394127112383356,-0.060173764597982966,-0.19447080943326858,0.23374384593464914,0.0976858518757278,0.12082130850310699,-0.9774336341408756,0
-0.0626220314888034,-0.1382182739730528,-0.10296915391091127,1.1116134119612124,-1.3516546971892605,0.03763832199360117,0.05604061534607592,0.4234497234783226,-0.00910542059310995,0.5797239459157462,0.3793095163709584,-0.851281590716674,0.5842879903447438,-0.40173355970817115,0.8149088499520571,0.8042459991133272,0.7601091476539176,0.3632475605691256,-0.11864236618645015,-1.2561938618909305,-0.1469336315836915,-0.1254246132306729,-0.2690600790720424,0.03331037758086875,0.16941737265788026,-0.47831031018610237,1.5339657287180848,-0.03139564906370457,0.03368153814668389,-0.6663366907062817,0
0.9262679821239862,0.4330698296269994,0.13300835507554265,-0.5452352634169834,0.2779857722220674,3.5341173581755134,-1.4523794419467295,-0.24688930373197265,-0.7163765019717265,0.28887074178262806,-0.11091380219232158,0.35039087846747774,0.3953323381366267,-1.4851242352832945,-0.7577388961870465,-0.45932655494999247,1.9278353294605328,3.9208117256493,3.9232633085119772,-0.6981043511409201,0.20544928997784612,-0.7214244280910527,-0.3790748958496357,-3.0721531851851296,-1.4005335624276065,-3.129169927058294,-1.7159316734528582,0.21771782015003324,0.5626303658958407,-1.184484273352308,1
-1.3978311214104786,-0.2966517772568611,-0.3991833888522914,0.7552772786005001,-1.3875762325743275,2.592052215336082,1.776812191236903,0.2747126273664892,0.06434073700159966,1.0540978091843733,0.3403917445423157,-0.2101797543874793,-0.32173716550224507,1.4908228897744369,1.8663572377963986,-0.06302170316178421,0.9903067394022012,0.3106064024630351,0.4708615964878118,-0.5945195523764181,-0.1401929895915912,-0.30812322140485826,-1.151811427975905,-0.3312246090616154,2.0002798829310047,0.5261752127363687,0.023247536555124657,0.003755423515618825,0.031028075234473575,-0.48954685013211124,0
0.6472060154184008,-0.32566079338490495,-0.5607074427982177,0.6348931123074104,-0.76877684255381,1.1433488268102248,-0.6657178167329065,0.4881486788068787,-0.15813424506778945,0.8421701677230682,0.17884255729242649,-1.1135654106317845,0.27805664991707196,-1.3399171908582097,0.15141910897113386,-0.2888111767226617,0.4009843917192111,0.9078716904023828,0.43750127282021145,-0.222841909554107,-0.19553716022602594,-0.20128191789974414,-0.539854411808528,-0.2484032044555278,-0.2665472148345771,0.042304987326090754,-0.1147148679350623,0.10598547748163809,0.47221127947777236,0.5828061926284406,0
-0.9252768934370226,-0.6891804716683694,0.8193910320102519,-0.8274327409332352,1.2135504089250146,-1.1583955283229581,-1.0997774481865252,-1.3039459390815862,0.5929620053022899,-1.7126870293359922,-1.675015903645783,1.639478068317741,-1.7219626750087471,0.2530898707659717,-1.7246442365838641,-0.3787271055366792,-1.9530851042907742,-2.392402273966791,-2.232108709322687,0.41331775292764106,1.2188663749849,0.763630509333317,0.5352195990247568,-0.11906715856838122,1.0772006780818522,0.5532280911864897,0.04424204977524851,2.651861075316782,1.6717167036567484,-0.6539997889827114,1
-0.40062205724487604,0.994811082256016,-0.3530923046557874,0.48157153138914366,-0.26448795242266193,0.3029842580316361,0.3841923381066421,0.4374162436360499,-0.14931003194720927,0.34333640926717235,0.6918662942666676,-0.3181287777244277,0.9337317145057743,-0.10195408333733848,0.9957113737162898,0.2587282815596426,0.7803356737747562,0.16041037226349478,0.7949389071425796,-0.0066854761329792275,-0.2118726111887209,-0.084443062991782,-0.01604621435674383,-0.23262223430401527,-0.9311913290153335,1.174012249240933,-0.6107814232758854,-0.20712927177530394,-0.08065107029037204,-0.1387230871185924,0
0.2289074343183136,-2.486043149235003,3.3265679333346494,-2.5417065814092754,1.7585776678874427,-2.6874168331169415,-0.2656005658822297,-3.3514784538520876,-2.2669254485422763,-2.7084791826806716,-2.939986877518096,0.9827249915346502,-1.410753854090305,-0.5845637791562197,-0.43934048730548436,-2.008678992241075,-1.3028289995268123,-1.390489024153532,-1.55998048969222,-0.7058334188697043,2.5370398072482176,-4.740047314618272,3.7735334928190727,0.8461209282838639,0.48533369238731994,-1.1169602917852677,-2.201284353895629,-4.347591445067027,-2.4710059491062193,-1.184484273352308,1
